=== PlanEat Drive Live Logger Started at 2026-10-02T10:57:20.279Z ===
[12:57:21] [WEBVIEW_NAV] URL: https://fd1-courses.leclercdrive.fr/magasin-089301-089301-aulnay-sous-bois/recherche/Fromage%20de%20ch%C3%A8vre
[12:57:21] [APP_START_SEARCH] Recherche: "Lait d'amande" (E.Leclerc Drive) -> https://fd1-courses.leclercdrive.fr/magasin-089301-089301-aulnay-sous-bois/recherche/Lait%20d'amande
[12:57:21] [LECLERC_NAVIGATE_SEARCH] https://fd1-courses.leclercdrive.fr/magasin-089301-089301-aulnay-sous-bois/recherche/Lait%20d'amande
[12:57:21] [WEBVIEW_NAV] URL: https://fd1-courses.leclercdrive.fr/magasin-089301-089301-aulnay-sous-bois/recherche/Lait%20d'amande
[12:57:21] [WEBVIEW_NAV] URL: https://fd1-courses.leclercdrive.fr/magasin-089301-089301-aulnay-sous-bois/recherche/Lait%20d'amande
[12:57:21] [APP_START_SEARCH] Recherche: "Yaourt grec" (E.Leclerc Drive) -> https://fd1-courses.leclercdrive.fr/magasin-089301-089301-aulnay-sous-bois/recherche/Yaourt%20grec
[12:57:21] [LECLERC_NAVIGATE_SEARCH] https://fd1-courses.leclercdrive.fr/magasin-089301-089301-aulnay-sous-bois/recherche/Yaourt%20grec
[12:57:21] [WEBVIEW_NAV] URL: https://fd1-courses.leclercdrive.fr/magasin-089301-089301-aulnay-sous-bois/recherche/Yaourt%20grec
[12:57:21] [WEBVIEW_NAV] URL: https://fd1-courses.leclercdrive.fr/magasin-089301-089301-aulnay-sous-bois/recherche/Yaourt%20grec
[12:57:21] [APP_START_SEARCH] Recherche: "Œufs" (E.Leclerc Drive) -> https://fd1-courses.leclercdrive.fr/magasin-089301-089301-aulnay-sous-bois/recherche/%C5%92ufs
[12:57:21] [LECLERC_NAVIGATE_SEARCH] https://fd1-courses.leclercdrive.fr/magasin-089301-089301-aulnay-sous-bois/recherche/%C5%92ufs
[12:57:21] [WEBVIEW_NAV] URL: https://fd1-courses.leclercdrive.fr/magasin-089301-089301-aulnay-sous-bois/recherche/%C5%92ufs
[12:57:21] [WEBVIEW_NAV] URL: https://fd1-courses.leclercdrive.fr/magasin-089301-089301-aulnay-sous-bois/recherche/%C5%92ufs
[12:57:21] [APP_START_SEARCH] Recherche: "Beurre" (E.Leclerc Drive) -> https://fd1-courses.leclercdrive.fr/magasin-089301-089301-aulnay-sous-bois/recherche/Beurre
[12:57:21] [LECLERC_NAVIGATE_SEARCH] https://fd1-courses.leclercdrive.fr/magasin-089301-089301-aulnay-sous-bois/recherche/Beurre
[12:57:21] [WEBVIEW_NAV] URL: https://fd1-courses.leclercdrive.fr/magasin-089301-089301-aulnay-sous-bois/recherche/Beurre
[12:57:21] [WEBVIEW_NAV] URL: https://fd1-courses.leclercdrive.fr/magasin-089301-089301-aulnay-sous-bois/recherche/Beurre
[12:57:21] [APP_START_SEARCH] Recherche: "Parmesan" (E.Leclerc Drive) -> https://fd1-courses.leclercdrive.fr/magasin-089301-089301-aulnay-sous-bois/recherche/Parmesan
[12:57:21] [LECLERC_NAVIGATE_SEARCH] https://fd1-courses.leclercdrive.fr/magasin-089301-089301-aulnay-sous-bois/recherche/Parmesan
[12:57:21] [WEBVIEW_NAV] URL: https://fd1-courses.leclercdrive.fr/magasin-089301-089301-aulnay-sous-bois/recherche/Parmesan
[12:57:21] [WEBVIEW_NAV] URL: https://fd1-courses.leclercdrive.fr/magasin-089301-089301-aulnay-sous-bois/recherche/Parmesan
[12:57:21] [WEBVIEW_NAV] URL: https://www.leclercdrive.fr/
[12:57:21] [WEBVIEW_NAV] URL: https://www.leclercdrive.fr/
[12:57:21] [WEBVIEW_NAV] URL: https://www.leclercdrive.fr/#_divModalMagasin&089301
[12:57:21] [WEBVIEW_NAV] URL: https://fd1-courses.leclercdrive.fr/magasin-089301-089301-aulnay-sous-bois.aspx
[12:57:21] [STORE_AUTO_DETECTED] https://fd1-courses.leclercdrive.fr/magasin-089301-089301-aulnay-sous-bois.aspx
[12:57:21] [APP_START_SEARCH] Recherche: "Pain à pain" (E.Leclerc Drive) -> https://fd1-courses.leclercdrive.fr/magasin-089301-089301-aulnay-sous-bois/recherche/Pain%20%C3%A0%20pain
[12:57:21] [LECLERC_NAVIGATE_SEARCH] https://fd1-courses.leclercdrive.fr/magasin-089301-089301-aulnay-sous-bois/recherche/Pain%20%C3%A0%20pain
[12:57:21] [WEBVIEW_NAV] URL: https://fd1-courses.leclercdrive.fr/magasin-089301-089301-aulnay-sous-bois/recherche/Pain%20%C3%A0%20pain
[12:57:21] [WEBVIEW_NAV] URL: https://fd1-courses.leclercdrive.fr/magasin-089301-089301-aulnay-sous-bois/recherche/Pain%20%C3%A0%20pain
[12:57:21] [CHANGE_STORE_CLICKED] Changer de magasin pour E.Leclerc Drive -> https://www.leclercdrive.fr
[12:57:21] [WEBVIEW_NAV] URL: https://www.leclercdrive.fr/
[12:57:21] [WEBVIEW_NAV] URL: https://www.leclercdrive.fr/
[12:57:21] [STORE_SWITCHED] Passage à Carrefour Drive -> https://www.carrefour.fr/drive
[12:57:21] [WEBVIEW_NAV] URL: https://www.carrefour.fr/drive
[12:57:21] [WEBVIEW_NAV] URL: https://www.carrefour.fr/drive
[12:57:21] [WEBVIEW_NAV] URL: https://www.carrefour.fr/drive
[12:57:21] [STORE_SWITCHED] Passage à E.Leclerc Drive -> https://www.leclercdrive.fr
[12:57:21] [WEBVIEW_NAV] URL: https://www.leclercdrive.fr/
[12:57:21] [WEBVIEW_NAV] URL: https://www.leclercdrive.fr/
[12:57:21] [WEBVIEW_NAV] URL: https://www.leclercdrive.fr/
[12:57:21] [WEBVIEW_NAV] URL: https://www.leclercdrive.fr/#_divModalMagasin&089301
[12:57:21] [WEBVIEW_NAV] URL: https://fd1-courses.leclercdrive.fr/magasin-089301-089301-aulnay-sous-bois.aspx
[12:57:21] [STORE_AUTO_DETECTED] https://fd1-courses.leclercdrive.fr/magasin-089301-089301-aulnay-sous-bois.aspx
[12:57:21] [APP_START_SEARCH] Recherche: "Pain à pain" (E.Leclerc Drive) -> https://fd1-courses.leclercdrive.fr/magasin-089301-089301-aulnay-sous-bois/recherche/Pain%20%C3%A0%20pain
[12:57:21] [LECLERC_NAVIGATE_SEARCH] https://fd1-courses.leclercdrive.fr/magasin-089301-089301-aulnay-sous-bois/recherche/Pain%20%C3%A0%20pain
[12:57:21] [WEBVIEW_NAV] URL: https://fd1-courses.leclercdrive.fr/magasin-089301-089301-aulnay-sous-bois/recherche/Pain%20%C3%A0%20pain
[12:57:21] [WEBVIEW_NAV] URL: https://fd1-courses.leclercdrive.fr/magasin-089301-089301-aulnay-sous-bois/recherche/Pain%20%C3%A0%20pain
[12:57:24] [WEBVIEW_NAV] URL: https://fd1-courses.leclercdrive.fr/magasin-089301-089301-aulnay-sous-bois/recherche/Lait
[12:57:31] [WEBVIEW_NAV] URL: https://fd1-courses.leclercdrive.fr/magasin-089301-089301-aulnay-sous-bois/recherche/Fromage%20de%20ch%C3%A8vre
[12:57:31] [LECLERC_NAVIGATE_SEARCH] https://fd1-courses.leclercdrive.fr/magasin-089301-089301-aulnay-sous-bois/recherche/Fromage%20de%20ch%C3%A8vre
[12:57:31] [APP_START_SEARCH] Recherche: "Fromage de chèvre" (E.Leclerc Drive) -> https://fd1-courses.leclercdrive.fr/magasin-089301-089301-aulnay-sous-bois/recherche/Fromage%20de%20ch%C3%A8vre
[12:59:35] [WEBVIEW_NAV] URL: https://www.leclercdrive.fr/
[12:59:36] [WEBVIEW_NAV] URL: https://www.leclercdrive.fr/
[12:59:50] [WEBVIEW_NAV] URL: https://www.leclercdrive.fr/
[12:59:52] [WEBVIEW_NAV] URL: https://www.leclercdrive.fr/
[12:59:59] [WEBVIEW_NAV] URL: https://www.leclercdrive.fr/#_divModalMagasin&089301
[13:00:00] [WEBVIEW_NAV] URL: https://fd1-courses.leclercdrive.fr/magasin-089301-089301-aulnay-sous-bois.aspx
[13:00:00] [STORE_AUTO_DETECTED] https://fd1-courses.leclercdrive.fr/magasin-089301-089301-aulnay-sous-bois.aspx
[13:00:01] [LECLERC_NAVIGATE_SEARCH] https://m-courses.leclercdrive.fr/magasin-089301-089301-aulnay-sous-bois/recherche/Pain%20%C3%A0%20pain
[13:00:01] [APP_START_SEARCH] Recherche: "Pain à pain" (E.Leclerc Drive) -> https://m-courses.leclercdrive.fr/magasin-089301-089301-aulnay-sous-bois/recherche/Pain%20%C3%A0%20pain
[13:00:01] [WEBVIEW_NAV] URL: https://m-courses.leclercdrive.fr/magasin-089301-089301-aulnay-sous-bois/recherche/Pain%20%C3%A0%20pain
[13:00:01] [WEBVIEW_NAV] URL: https://m-courses.leclercdrive.fr/magasin-089301-089301-aulnay-sous-bois/recherche/Pain%20%C3%A0%20pain
[13:00:01] [WEBVIEW_NAV] URL: https://m-courses.leclercdrive.fr/magasin-089301-089301-aulnay-sous-bois/recherche/Pain%20%C3%A0%20pain
[13:00:04] [APP_START_SEARCH] Recherche: "Pain à pain" (E.Leclerc Drive) -> https://m-courses.leclercdrive.fr/magasin-089301-089301-aulnay-sous-bois/recherche/Pain%20%C3%A0%20pain
[13:00:04] [LECLERC_NAVIGATE_SEARCH] https://m-courses.leclercdrive.fr/magasin-089301-089301-aulnay-sous-bois/recherche/Pain%20%C3%A0%20pain
[13:00:04] [WEBVIEW_NAV] URL: https://m-courses.leclercdrive.fr/magasin-089301-089301-aulnay-sous-bois/recherche/Pain%20%C3%A0%20pain
[13:00:04] [WEBVIEW_NAV] URL: https://m-courses.leclercdrive.fr/magasin-089301-089301-aulnay-sous-bois/recherche/Pain%20%C3%A0%20pain
[13:00:04] [WEBVIEW_NAV] URL: https://m-courses.leclercdrive.fr/magasin-089301-089301-aulnay-sous-bois/recherche/Pain%20%C3%A0%20pain
[13:00:07] [LECLERC_NAVIGATE_SEARCH] https://m-courses.leclercdrive.fr/magasin-089301-089301-aulnay-sous-bois/recherche/%C5%92ufs
[13:00:07] [APP_START_SEARCH] Recherche: "Œufs" (E.Leclerc Drive) -> https://m-courses.leclercdrive.fr/magasin-089301-089301-aulnay-sous-bois/recherche/%C5%92ufs
[13:00:07] [WEBVIEW_NAV] URL: https://m-courses.leclercdrive.fr/magasin-089301-089301-aulnay-sous-bois/recherche/%C5%92ufs
[13:00:07] [WEBVIEW_NAV] URL: https://m-courses.leclercdrive.fr/magasin-089301-089301-aulnay-sous-bois/recherche/%C5%92ufs
[13:00:07] [WEBVIEW_NAV] URL: https://m-courses.leclercdrive.fr/magasin-089301-089301-aulnay-sous-bois/recherche/%C5%92ufs
[13:00:19] [WEBVIEW_NAV] URL: https://www.leclercdrive.fr/
[13:00:21] [WEBVIEW_NAV] URL: https://www.leclercdrive.fr/
[13:00:22] [CHANGE_STORE_CLICKED] Changer de magasin pour E.Leclerc Drive -> https://www.leclercdrive.fr
[13:00:22] [WEBVIEW_NAV] URL: https://www.leclercdrive.fr/
[13:00:24] [STORE_SWITCHED] Passage à Carrefour Drive -> https://www.carrefour.fr/drive
[13:00:30] [WEBVIEW_NAV] URL: https://www.carrefour.fr/drive
[13:00:30] [WEBVIEW_NAV] URL: https://www.carrefour.fr/drive
[13:00:34] [WEBVIEW_NAV] URL: https://www.carrefour.fr/drive
[13:01:10] [WEBVIEW_NAV] URL: https://www.carrefour.fr/
[13:01:23] [WEBVIEW_NAV] URL: https://www.carrefour.fr/
[13:01:54] [WEBVIEW_NAV] URL: https://www.carrefour.fr/services/nous-contacter
[13:01:57] [WEBVIEW_NAV] URL: https://www.carrefour.fr/services/nous-contacter
[13:02:00] [STORE_SWITCHED] Passage à E.Leclerc Drive -> https://www.leclercdrive.fr
[13:02:00] [WEBVIEW_NAV] URL: https://www.leclercdrive.fr/
[13:02:00] [WEBVIEW_NAV] URL: https://www.leclercdrive.fr/
[13:02:09] [WEBVIEW_NAV] URL: https://www.leclercdrive.fr/
[13:02:16] [STORE_SWITCHED] Passage à Carrefour Drive -> https://www.carrefour.fr
[13:02:16] [WEBVIEW_NAV] URL: https://www.carrefour.fr/
[13:02:23] [WEBVIEW_NAV] URL: https://www.carrefour.fr/
[13:02:30] [WEBVIEW_NAV] URL: https://www.carrefour.fr/
[13:02:50] [WEBVIEW_NAV] URL: https://www.carrefour.fr/set-store/840051?postalCode=93190&redirect=/courses
[13:02:50] [WEBVIEW_NAV] URL: https://www.carrefour.fr/courses
[13:02:50] [APP_START_SEARCH] Recherche: "Œufs" (Carrefour Drive) -> https://www.carrefour.fr/s?q=%C5%92ufs
[13:02:54] [WEBVIEW_NAV] URL: https://www.carrefour.fr/s?q=%C5%92ufs
[13:03:02] [WEBVIEW_NAV] URL: https://www.carrefour.fr/s?q=%C5%92ufs
[13:03:18] [APP_START_SEARCH] Recherche: "Lait" (Carrefour Drive) -> https://www.carrefour.fr/s?q=Lait
[13:03:19] [WEBVIEW_NAV] URL: https://www.carrefour.fr/s?q=Lait
[13:03:31] [WEBVIEW_NAV] URL: https://www.carrefour.fr/s?q=Lait
[13:03:49] [CHANGE_STORE_CLICKED] Changer de magasin pour Carrefour Drive -> https://www.carrefour.fr
[13:03:49] [WEBVIEW_NAV] URL: https://www.carrefour.fr/
[13:03:57] [WEBVIEW_NAV] URL: https://www.carrefour.fr/
[13:03:59] [STORE_SWITCHED] Passage à E.Leclerc Drive -> https://www.leclercdrive.fr
[13:03:59] [WEBVIEW_NAV] URL: https://www.leclercdrive.fr/
[13:04:06] [WEBVIEW_NAV] URL: https://www.leclercdrive.fr/
[13:04:16] [WEBVIEW_NAV] URL: https://www.leclercdrive.fr/
[13:04:32] [WEBVIEW_NAV] URL: https://www.leclercdrive.fr/#_divModalMagasin&089301
[13:04:34] [WEBVIEW_NAV] URL: https://fd1-courses.leclercdrive.fr/magasin-089301-089301-aulnay-sous-bois.aspx
[13:04:34] [STORE_AUTO_DETECTED] https://fd1-courses.leclercdrive.fr/magasin-089301-089301-aulnay-sous-bois.aspx
[13:04:34] [APP_START_SEARCH] Recherche: "Lait" (E.Leclerc Drive) -> https://m-courses.leclercdrive.fr/magasin-089301-089301-aulnay-sous-bois/recherche/Lait
[13:04:34] [LECLERC_NAVIGATE_SEARCH] https://m-courses.leclercdrive.fr/magasin-089301-089301-aulnay-sous-bois/recherche/Lait
[13:04:34] [WEBVIEW_NAV] URL: https://m-courses.leclercdrive.fr/magasin-089301-089301-aulnay-sous-bois/recherche/Lait
[13:04:35] [WEBVIEW_NAV] URL: https://m-courses.leclercdrive.fr/magasin-089301-089301-aulnay-sous-bois/recherche/Lait
[13:04:35] [WEBVIEW_NAV] URL: https://m-courses.leclercdrive.fr/magasin-089301-089301-aulnay-sous-bois/recherche/Lait
[13:04:41] [CHANGE_STORE_CLICKED] Changer de magasin pour E.Leclerc Drive -> https://www.leclercdrive.fr
[13:04:41] [WEBVIEW_NAV] URL: https://www.leclercdrive.fr/
[13:04:42] [APP_START_SEARCH] Recherche: "Lait" (E.Leclerc Drive) -> https://m-courses.leclercdrive.fr/magasin-089301-089301-aulnay-sous-bois/recherche/Lait
[13:04:42] [LECLERC_NAVIGATE_SEARCH] https://m-courses.leclercdrive.fr/magasin-089301-089301-aulnay-sous-bois/recherche/Lait
[13:04:43] [CHANGE_STORE_CLICKED] Changer de magasin pour E.Leclerc Drive -> https://www.leclercdrive.fr
[13:04:43] [WEBVIEW_NAV] URL: https://www.leclercdrive.fr/
[13:04:43] [STORE_AUTO_DETECTED] https://m-courses.leclercdrive.fr/magasin-089301-089301-aulnay-sous-bois/recherche/Lait
[13:04:43] [WEBVIEW_NAV] URL: https://m-courses.leclercdrive.fr/magasin-089301-089301-aulnay-sous-bois/recherche/Lait
[13:04:43] [WEBVIEW_NAV] URL: https://www.leclercdrive.fr/
[13:04:44] [LECLERC_NAVIGATE_SEARCH] https://m-courses.leclercdrive.fr/magasin-089301-089301-aulnay-sous-bois/recherche/Lait
[13:04:44] [APP_START_SEARCH] Recherche: "Lait" (E.Leclerc Drive) -> https://m-courses.leclercdrive.fr/magasin-089301-089301-aulnay-sous-bois/recherche/Lait
[13:04:45] [CHANGE_STORE_CLICKED] Changer de magasin pour E.Leclerc Drive -> https://www.leclercdrive.fr
[13:04:45] [WEBVIEW_NAV] URL: https://m-courses.leclercdrive.fr/magasin-089301-089301-aulnay-sous-bois/recherche/Lait
[13:04:45] [STORE_AUTO_DETECTED] https://m-courses.leclercdrive.fr/magasin-089301-089301-aulnay-sous-bois/recherche/Lait
[13:04:45] [WEBVIEW_NAV] URL: https://www.leclercdrive.fr/
[13:04:45] [WEBVIEW_NAV] URL: https://www.leclercdrive.fr/
[13:04:45] [LECLERC_NAVIGATE_SEARCH] https://m-courses.leclercdrive.fr/magasin-089301-089301-aulnay-sous-bois/recherche/Lait
[13:04:45] [APP_START_SEARCH] Recherche: "Lait" (E.Leclerc Drive) -> https://m-courses.leclercdrive.fr/magasin-089301-089301-aulnay-sous-bois/recherche/Lait
[13:04:47] [WEBVIEW_NAV] URL: https://www.leclercdrive.fr/
[13:04:47] [CHANGE_STORE_CLICKED] Changer de magasin pour E.Leclerc Drive -> https://www.leclercdrive.fr
[13:04:47] [WEBVIEW_NAV] URL: https://m-courses.leclercdrive.fr/magasin-089301-089301-aulnay-sous-bois/recherche/Lait
[13:04:47] [STORE_AUTO_DETECTED] https://m-courses.leclercdrive.fr/magasin-089301-089301-aulnay-sous-bois/recherche/Lait
[13:04:47] [WEBVIEW_NAV] URL: https://www.leclercdrive.fr/
[13:04:47] [APP_START_SEARCH] Recherche: "Lait" (E.Leclerc Drive) -> https://m-courses.leclercdrive.fr/magasin-089301-089301-aulnay-sous-bois/recherche/Lait
[13:04:47] [LECLERC_NAVIGATE_SEARCH] https://m-courses.leclercdrive.fr/magasin-089301-089301-aulnay-sous-bois/recherche/Lait
[13:04:48] [WEBVIEW_NAV] URL: https://m-courses.leclercdrive.fr/magasin-089301-089301-aulnay-sous-bois/recherche/Lait
[13:04:48] [WEBVIEW_NAV] URL: https://www.leclercdrive.fr/
[13:04:49] [WEBVIEW_NAV] URL: https://m-courses.leclercdrive.fr/magasin-089301-089301-aulnay-sous-bois/recherche/Lait
[13:04:49] [WEBVIEW_NAV] URL: https://m-courses.leclercdrive.fr/magasin-089301-089301-aulnay-sous-bois/recherche/Lait
[13:05:15] [CHANGE_STORE_CLICKED] Changer de magasin pour E.Leclerc Drive -> https://www.leclercdrive.fr
[13:05:15] [WEBVIEW_NAV] URL: https://www.leclercdrive.fr/
[13:05:17] [WEBVIEW_NAV] URL: https://www.leclercdrive.fr/
[13:05:20] [STORE_SWITCHED] Passage à Carrefour Drive -> https://www.carrefour.fr
[13:05:20] [WEBVIEW_NAV] URL: https://www.carrefour.fr/
[13:05:28] [WEBVIEW_NAV] URL: https://www.carrefour.fr/
[13:05:32] [STORE_SWITCHED] Passage à Courses U Drive -> https://www.coursesu.com/drive
[13:05:32] [WEBVIEW_NAV] URL: https://www.coursesu.com/drive
[13:05:32] [WEBVIEW_NAV] URL: https://www.coursesu.com/drive
[13:05:50] [WEBVIEW_NAV] URL: https://www.coursesu.com/drive
[13:05:50] [WEBVIEW_NAV] URL: https://www.coursesu.com/drive
[13:05:50] [WEBVIEW_NAV] URL: https://www.coursesu.com/drive
[13:05:50] [WEBVIEW_NAV] URL: https://www.coursesu.com/drive
[13:05:50] [WEBVIEW_NAV] URL: https://www.coursesu.com/drive
[13:05:50] [WEBVIEW_NAV] URL: https://www.coursesu.com/drive
[13:05:50] [WEBVIEW_NAV] URL: https://www.coursesu.com/drive
[13:05:50] [WEBVIEW_NAV] URL: https://www.coursesu.com/drive
[13:05:50] [WEBVIEW_NAV] URL: https://www.coursesu.com/drive
[13:05:50] [WEBVIEW_NAV] URL: https://www.coursesu.com/drive
[13:05:50] [WEBVIEW_NAV] URL: https://www.coursesu.com/drive
[13:05:50] [WEBVIEW_NAV] URL: https://www.coursesu.com/drive
[13:05:50] [WEBVIEW_NAV] URL: https://www.coursesu.com/drive
[13:05:50] [WEBVIEW_NAV] URL: https://www.coursesu.com/drive
[13:05:50] [WEBVIEW_NAV] URL: https://www.coursesu.com/drive
[13:05:50] [WEBVIEW_NAV] URL: https://www.coursesu.com/drive
[13:05:50] [WEBVIEW_NAV] URL: https://www.coursesu.com/drive
[13:05:50] [WEBVIEW_NAV] URL: https://www.coursesu.com/drive
[13:05:50] [WEBVIEW_NAV] URL: https://www.coursesu.com/drive
[13:06:08] [WEBVIEW_NAV] URL: https://www.auchan.fr/drive
[13:06:08] [STORE_SWITCHED] Passage à Auchan Drive -> https://www.auchan.fr/drive
[13:06:08] [WEBVIEW_NAV] URL: https://www.auchan.fr/drive
[13:06:23] [WEBVIEW_NAV] URL: https://www.auchan.fr/drive
[13:07:39] [WEBVIEW_NAV] URL: https://www.coursesu.com/drive
[13:07:39] [WEBVIEW_NAV] URL: https://www.coursesu.com/drive
[13:07:39] [WEBVIEW_NAV] URL: https://www.auchan.fr/drive
[13:07:39] [STORE_SWITCHED] Passage à Courses U Drive -> https://www.coursesu.com/drive
[13:08:53] [WEBVIEW_NAV] URL: https://www.coursesu.com/drive
[13:08:55] [WEBVIEW_NAV] URL: https://www.coursesu.com/drive
[13:08:55] [WEBVIEW_NAV] URL: https://www.coursesu.com/drive
[13:08:55] [WEBVIEW_NAV] URL: https://www.coursesu.com/drive
[13:08:55] [WEBVIEW_NAV] URL: https://www.coursesu.com/drive
[13:08:55] [WEBVIEW_NAV] URL: https://www.coursesu.com/drive
[13:08:55] [WEBVIEW_NAV] URL: https://www.coursesu.com/drive
[13:08:55] [WEBVIEW_NAV] URL: https://www.coursesu.com/drive
[13:08:55] [WEBVIEW_NAV] URL: https://www.coursesu.com/drive
[13:08:55] [WEBVIEW_NAV] URL: https://www.coursesu.com/drive
[13:08:55] [WEBVIEW_NAV] URL: https://www.coursesu.com/drive
[13:08:55] [WEBVIEW_NAV] URL: https://www.coursesu.com/drive
[13:08:55] [WEBVIEW_NAV] URL: https://www.coursesu.com/drive
[13:08:55] [WEBVIEW_NAV] URL: https://www.coursesu.com/drive
[13:08:55] [WEBVIEW_NAV] URL: https://www.coursesu.com/drive
[13:08:55] [WEBVIEW_NAV] URL: https://www.coursesu.com/drive
[13:08:55] [WEBVIEW_NAV] URL: https://www.coursesu.com/drive
[13:08:55] [WEBVIEW_NAV] URL: https://www.coursesu.com/drive
[13:08:55] [WEBVIEW_NAV] URL: https://www.coursesu.com/drive
[13:08:55] [WEBVIEW_NAV] URL: https://www.coursesu.com/drive
[13:09:16] [WEBVIEW_NAV] URL: https://www.coursesu.com/
[13:09:18] [WEBVIEW_NAV] URL: https://www.coursesu.com/drive-superu-neuillysurmarne
[13:09:20] [WEBVIEW_NAV] URL: https://www.coursesu.com/drive-superu-neuillysurmarne
[13:09:20] [WEBVIEW_NAV] URL: https://www.coursesu.com/drive-superu-neuillysurmarne
[13:09:20] [WEBVIEW_NAV] URL: https://www.coursesu.com/drive-superu-neuillysurmarne
[13:09:20] [WEBVIEW_NAV] URL: https://www.coursesu.com/drive-superu-neuillysurmarne
[13:09:20] [WEBVIEW_NAV] URL: https://www.coursesu.com/drive-superu-neuillysurmarne
[13:09:20] [WEBVIEW_NAV] URL: https://www.coursesu.com/drive-superu-neuillysurmarne
[13:09:20] [WEBVIEW_NAV] URL: https://www.coursesu.com/drive-superu-neuillysurmarne
[13:09:20] [WEBVIEW_NAV] URL: https://www.coursesu.com/drive-superu-neuillysurmarne
[13:09:20] [WEBVIEW_NAV] URL: https://www.coursesu.com/drive-superu-neuillysurmarne
[13:09:20] [WEBVIEW_NAV] URL: https://www.coursesu.com/drive-superu-neuillysurmarne
[13:09:20] [WEBVIEW_NAV] URL: https://www.coursesu.com/drive-superu-neuillysurmarne
[13:09:20] [WEBVIEW_NAV] URL: https://www.coursesu.com/drive-superu-neuillysurmarne
[13:09:20] [WEBVIEW_NAV] URL: https://www.coursesu.com/drive-superu-neuillysurmarne
[13:09:20] [WEBVIEW_NAV] URL: https://www.coursesu.com/drive-superu-neuillysurmarne
[13:09:20] [WEBVIEW_NAV] URL: https://www.coursesu.com/drive-superu-neuillysurmarne
[13:09:20] [WEBVIEW_NAV] URL: https://www.coursesu.com/drive-superu-neuillysurmarne
[13:09:20] [WEBVIEW_NAV] URL: https://www.coursesu.com/drive-superu-neuillysurmarne
[13:09:20] [WEBVIEW_NAV] URL: https://www.coursesu.com/drive-superu-neuillysurmarne
[13:09:21] [WEBVIEW_NAV] URL: https://www.coursesu.com/drive-superu-neuillysurmarne
[13:10:28] [WEBVIEW_NAV] URL: https://www.coursesu.com/
[13:10:29] [WEBVIEW_NAV] URL: https://www.coursesu.com/drive-superu-neuillysurmarne
[13:10:29] [STORE_AUTO_DETECTED] https://www.coursesu.com/drive-superu-neuillysurmarne
[13:10:29] [APP_START_SEARCH] Recherche: "Pain à pain" (Courses U Drive) -> https://www.coursesu.com/recherche?q=Pain%20%C3%A0%20pain
[13:10:32] [WEBVIEW_NAV] URL: https://www.coursesu.com/drive-superu-neuillysurmarne
[13:10:32] [WEBVIEW_NAV] URL: https://www.coursesu.com/drive-superu-neuillysurmarne
[13:10:32] [WEBVIEW_NAV] URL: https://www.coursesu.com/drive-superu-neuillysurmarne
[13:10:32] [WEBVIEW_NAV] URL: https://www.coursesu.com/drive-superu-neuillysurmarne
[13:10:32] [WEBVIEW_NAV] URL: https://www.coursesu.com/drive-superu-neuillysurmarne
[13:10:32] [WEBVIEW_NAV] URL: https://www.coursesu.com/drive-superu-neuillysurmarne
[13:10:32] [WEBVIEW_NAV] URL: https://www.coursesu.com/drive-superu-neuillysurmarne
[13:10:32] [WEBVIEW_NAV] URL: https://www.coursesu.com/drive-superu-neuillysurmarne
[13:10:32] [WEBVIEW_NAV] URL: https://www.coursesu.com/drive-superu-neuillysurmarne
[13:10:32] [WEBVIEW_NAV] URL: https://www.coursesu.com/drive-superu-neuillysurmarne
[13:10:32] [WEBVIEW_NAV] URL: https://www.coursesu.com/drive-superu-neuillysurmarne
[13:10:32] [WEBVIEW_NAV] URL: https://www.coursesu.com/drive-superu-neuillysurmarne
[13:10:32] [WEBVIEW_NAV] URL: https://www.coursesu.com/drive-superu-neuillysurmarne
[13:10:32] [WEBVIEW_NAV] URL: https://www.coursesu.com/drive-superu-neuillysurmarne
[13:10:32] [WEBVIEW_NAV] URL: https://www.coursesu.com/drive-superu-neuillysurmarne
[13:10:32] [WEBVIEW_NAV] URL: https://www.coursesu.com/drive-superu-neuillysurmarne
[13:10:32] [WEBVIEW_NAV] URL: https://www.coursesu.com/drive-superu-neuillysurmarne
[13:10:32] [WEBVIEW_NAV] URL: https://www.coursesu.com/drive-superu-neuillysurmarne
[13:10:32] [WEBVIEW_NAV] URL: https://www.coursesu.com/recherche?q=Pain+%C3%A0+pain
[13:10:42] [WEBVIEW_NAV] URL: https://www.coursesu.com/
[13:10:42] [WEBVIEW_NAV] URL: https://www.coursesu.com/drive-superu-neuillysurmarne
[13:10:47] [WEBVIEW_NAV] URL: https://www.coursesu.com/drive-superu-neuillysurmarne
[13:10:47] [WEBVIEW_NAV] URL: https://www.coursesu.com/drive-superu-neuillysurmarne
[13:10:47] [WEBVIEW_NAV] URL: https://www.coursesu.com/drive-superu-neuillysurmarne
[13:10:47] [WEBVIEW_NAV] URL: https://www.coursesu.com/drive-superu-neuillysurmarne
[13:10:47] [WEBVIEW_NAV] URL: https://www.coursesu.com/drive-superu-neuillysurmarne
[13:10:47] [WEBVIEW_NAV] URL: https://www.coursesu.com/drive-superu-neuillysurmarne
[13:10:47] [WEBVIEW_NAV] URL: https://www.coursesu.com/drive-superu-neuillysurmarne
[13:10:47] [WEBVIEW_NAV] URL: https://www.coursesu.com/drive-superu-neuillysurmarne
[13:10:47] [WEBVIEW_NAV] URL: https://www.coursesu.com/drive-superu-neuillysurmarne
[13:10:47] [WEBVIEW_NAV] URL: https://www.coursesu.com/drive-superu-neuillysurmarne
[13:10:47] [WEBVIEW_NAV] URL: https://www.coursesu.com/drive-superu-neuillysurmarne
[13:10:47] [WEBVIEW_NAV] URL: https://www.coursesu.com/drive-superu-neuillysurmarne
[13:10:47] [WEBVIEW_NAV] URL: https://www.coursesu.com/drive-superu-neuillysurmarne
[13:10:47] [WEBVIEW_NAV] URL: https://www.coursesu.com/drive-superu-neuillysurmarne
[13:10:47] [WEBVIEW_NAV] URL: https://www.coursesu.com/drive-superu-neuillysurmarne
[13:10:47] [WEBVIEW_NAV] URL: https://www.coursesu.com/drive-superu-neuillysurmarne
[13:10:47] [WEBVIEW_NAV] URL: https://www.coursesu.com/drive-superu-neuillysurmarne
[13:10:47] [WEBVIEW_NAV] URL: https://www.coursesu.com/drive-superu-neuillysurmarne
[13:10:48] [WEBVIEW_NAV] URL: https://www.coursesu.com/drive-superu-neuillysurmarne
[13:10:58] [WEBVIEW_NAV] URL: https://www.coursesu.com/
[13:10:58] [WEBVIEW_NAV] URL: https://www.coursesu.com/drive-superu-neuillysurmarne
[13:11:01] [CHANGE_STORE_CLICKED] Changer de magasin pour Courses U Drive -> https://www.coursesu.com
[13:11:01] [WEBVIEW_NAV] URL: https://www.coursesu.com/drive-superu-neuillysurmarne
[13:11:01] [STORE_AUTO_DETECTED] https://www.coursesu.com/drive-superu-neuillysurmarne
[13:11:01] [WEBVIEW_NAV] URL: https://www.coursesu.com/drive-superu-neuillysurmarne
[13:11:01] [WEBVIEW_NAV] URL: https://www.coursesu.com/drive-superu-neuillysurmarne
[13:11:01] [WEBVIEW_NAV] URL: https://www.coursesu.com/drive-superu-neuillysurmarne
[13:11:01] [WEBVIEW_NAV] URL: https://www.coursesu.com/drive-superu-neuillysurmarne
[13:11:01] [WEBVIEW_NAV] URL: https://www.coursesu.com/drive-superu-neuillysurmarne
[13:11:01] [WEBVIEW_NAV] URL: https://www.coursesu.com/drive-superu-neuillysurmarne
[13:11:01] [WEBVIEW_NAV] URL: https://www.coursesu.com/drive-superu-neuillysurmarne
[13:11:01] [WEBVIEW_NAV] URL: https://www.coursesu.com/drive-superu-neuillysurmarne
[13:11:01] [WEBVIEW_NAV] URL: https://www.coursesu.com/drive-superu-neuillysurmarne
[13:11:01] [WEBVIEW_NAV] URL: https://www.coursesu.com/drive-superu-neuillysurmarne
[13:11:01] [WEBVIEW_NAV] URL: https://www.coursesu.com/drive-superu-neuillysurmarne
[13:11:01] [WEBVIEW_NAV] URL: https://www.coursesu.com/drive-superu-neuillysurmarne
[13:11:01] [WEBVIEW_NAV] URL: https://www.coursesu.com/drive-superu-neuillysurmarne
[13:11:01] [WEBVIEW_NAV] URL: https://www.coursesu.com/drive-superu-neuillysurmarne
[13:11:01] [WEBVIEW_NAV] URL: https://www.coursesu.com/drive-superu-neuillysurmarne
[13:11:01] [WEBVIEW_NAV] URL: https://www.coursesu.com/drive-superu-neuillysurmarne
[13:11:01] [WEBVIEW_NAV] URL: https://www.coursesu.com/drive-superu-neuillysurmarne
[13:11:01] [WEBVIEW_NAV] URL: https://www.coursesu.com/
[13:11:01] [APP_START_SEARCH] Recherche: "Pain à pain" (Courses U Drive) -> https://www.coursesu.com/recherche?q=Pain%20%C3%A0%20pain
[13:11:02] [WEBVIEW_NAV] URL: https://www.coursesu.com/recherche?q=Pain+%C3%A0+pain
[13:11:06] [WEBVIEW_NAV] URL: https://www.coursesu.com/recherche?q=Pain+%C3%A0+pain
[13:11:06] [WEBVIEW_NAV] URL: https://www.coursesu.com/recherche?q=Pain+%C3%A0+pain
[13:11:15] [WEBVIEW_NAV] URL: https://www.coursesu.com/
[13:11:15] [WEBVIEW_NAV] URL: https://www.coursesu.com/drive-superu-neuillysurmarne
[13:11:18] [WEBVIEW_NAV] URL: https://www.coursesu.com/drive-superu-neuillysurmarne
[13:11:18] [WEBVIEW_NAV] URL: https://www.coursesu.com/drive-superu-neuillysurmarne
[13:11:18] [WEBVIEW_NAV] URL: https://www.coursesu.com/drive-superu-neuillysurmarne
[13:11:18] [WEBVIEW_NAV] URL: https://www.coursesu.com/drive-superu-neuillysurmarne
[13:11:18] [WEBVIEW_NAV] URL: https://www.coursesu.com/drive-superu-neuillysurmarne
[13:11:18] [WEBVIEW_NAV] URL: https://www.coursesu.com/drive-superu-neuillysurmarne
[13:11:18] [WEBVIEW_NAV] URL: https://www.coursesu.com/drive-superu-neuillysurmarne
[13:11:18] [WEBVIEW_NAV] URL: https://www.coursesu.com/drive-superu-neuillysurmarne
[13:11:18] [WEBVIEW_NAV] URL: https://www.coursesu.com/drive-superu-neuillysurmarne
[13:11:18] [WEBVIEW_NAV] URL: https://www.coursesu.com/drive-superu-neuillysurmarne
[13:11:18] [WEBVIEW_NAV] URL: https://www.coursesu.com/drive-superu-neuillysurmarne
[13:11:18] [WEBVIEW_NAV] URL: https://www.coursesu.com/drive-superu-neuillysurmarne
[13:11:18] [WEBVIEW_NAV] URL: https://www.coursesu.com/drive-superu-neuillysurmarne
[13:11:18] [WEBVIEW_NAV] URL: https://www.coursesu.com/drive-superu-neuillysurmarne
[13:11:18] [WEBVIEW_NAV] URL: https://www.coursesu.com/drive-superu-neuillysurmarne
[13:11:18] [WEBVIEW_NAV] URL: https://www.coursesu.com/drive-superu-neuillysurmarne
[13:11:18] [WEBVIEW_NAV] URL: https://www.coursesu.com/drive-superu-neuillysurmarne
[13:11:18] [WEBVIEW_NAV] URL: https://www.coursesu.com/drive-superu-neuillysurmarne
[13:11:19] [WEBVIEW_NAV] URL: https://www.coursesu.com/drive-superu-neuillysurmarne
[13:11:42] [WEBVIEW_NAV] URL: https://www.coursesu.com/
[13:11:42] [WEBVIEW_NAV] URL: https://www.coursesu.com/drive-superu-neuillysurmarne
[13:11:46] [WEBVIEW_NAV] URL: https://www.coursesu.com/drive-superu-neuillysurmarne
[13:11:46] [WEBVIEW_NAV] URL: https://www.coursesu.com/drive-superu-neuillysurmarne
[13:11:46] [WEBVIEW_NAV] URL: https://www.coursesu.com/drive-superu-neuillysurmarne
[13:11:46] [WEBVIEW_NAV] URL: https://www.coursesu.com/drive-superu-neuillysurmarne
[13:11:46] [WEBVIEW_NAV] URL: https://www.coursesu.com/drive-superu-neuillysurmarne
[13:11:46] [WEBVIEW_NAV] URL: https://www.coursesu.com/drive-superu-neuillysurmarne
[13:11:46] [WEBVIEW_NAV] URL: https://www.coursesu.com/drive-superu-neuillysurmarne
[13:11:46] [WEBVIEW_NAV] URL: https://www.coursesu.com/drive-superu-neuillysurmarne
[13:11:46] [WEBVIEW_NAV] URL: https://www.coursesu.com/drive-superu-neuillysurmarne
[13:11:46] [WEBVIEW_NAV] URL: https://www.coursesu.com/drive-superu-neuillysurmarne
[13:11:46] [WEBVIEW_NAV] URL: https://www.coursesu.com/drive-superu-neuillysurmarne
[13:11:46] [WEBVIEW_NAV] URL: https://www.coursesu.com/drive-superu-neuillysurmarne
[13:11:46] [WEBVIEW_NAV] URL: https://www.coursesu.com/drive-superu-neuillysurmarne
[13:11:46] [WEBVIEW_NAV] URL: https://www.coursesu.com/drive-superu-neuillysurmarne
[13:11:46] [WEBVIEW_NAV] URL: https://www.coursesu.com/drive-superu-neuillysurmarne
[13:11:46] [WEBVIEW_NAV] URL: https://www.coursesu.com/drive-superu-neuillysurmarne
[13:11:46] [WEBVIEW_NAV] URL: https://www.coursesu.com/drive-superu-neuillysurmarne
[13:11:46] [WEBVIEW_NAV] URL: https://www.coursesu.com/drive-superu-neuillysurmarne
[13:12:03] [WEBVIEW_NAV] URL: https://www.coursesu.com/
[13:12:03] [WEBVIEW_NAV] URL: https://www.coursesu.com/drive-superu-neuillysurmarne
[13:12:07] [WEBVIEW_NAV] URL: https://www.coursesu.com/drive-superu-neuillysurmarne
[13:12:07] [WEBVIEW_NAV] URL: https://www.coursesu.com/drive-superu-neuillysurmarne
[13:12:07] [WEBVIEW_NAV] URL: https://www.coursesu.com/drive-superu-neuillysurmarne
[13:12:07] [WEBVIEW_NAV] URL: https://www.coursesu.com/drive-superu-neuillysurmarne
[13:12:07] [WEBVIEW_NAV] URL: https://www.coursesu.com/drive-superu-neuillysurmarne
[13:12:07] [WEBVIEW_NAV] URL: https://www.coursesu.com/drive-superu-neuillysurmarne
[13:12:07] [WEBVIEW_NAV] URL: https://www.coursesu.com/drive-superu-neuillysurmarne
[13:12:07] [WEBVIEW_NAV] URL: https://www.coursesu.com/drive-superu-neuillysurmarne
[13:12:07] [WEBVIEW_NAV] URL: https://www.coursesu.com/drive-superu-neuillysurmarne
[13:12:07] [WEBVIEW_NAV] URL: https://www.coursesu.com/drive-superu-neuillysurmarne
[13:12:07] [WEBVIEW_NAV] URL: https://www.coursesu.com/drive-superu-neuillysurmarne
[13:12:07] [WEBVIEW_NAV] URL: https://www.coursesu.com/drive-superu-neuillysurmarne
[13:12:07] [WEBVIEW_NAV] URL: https://www.coursesu.com/drive-superu-neuillysurmarne
[13:12:07] [WEBVIEW_NAV] URL: https://www.coursesu.com/drive-superu-neuillysurmarne
[13:12:07] [WEBVIEW_NAV] URL: https://www.coursesu.com/drive-superu-neuillysurmarne
[13:12:07] [WEBVIEW_NAV] URL: https://www.coursesu.com/drive-superu-neuillysurmarne
[13:12:07] [WEBVIEW_NAV] URL: https://www.coursesu.com/drive-superu-neuillysurmarne
[13:12:07] [WEBVIEW_NAV] URL: https://www.coursesu.com/drive-superu-neuillysurmarne
[13:12:07] [WEBVIEW_NAV] URL: https://www.coursesu.com/drive-superu-neuillysurmarne
[13:15:30] [WEBVIEW_NAV] URL: https://www.coursesu.com/
[13:15:30] [WEBVIEW_NAV] URL: https://www.coursesu.com/drive-superu-neuillysurmarne
[13:15:30] [STORE_AUTO_DETECTED] https://www.coursesu.com/drive-superu-neuillysurmarne
[13:15:31] [APP_START_SEARCH] Recherche: "Pain à pain" (Courses U Drive) -> https://www.coursesu.com/recherche?q=Pain%20%C3%A0%20pain
[13:15:38] [WEBVIEW_NAV] URL: https://www.coursesu.com/drive-superu-neuillysurmarne
[13:15:38] [WEBVIEW_NAV] URL: https://www.coursesu.com/drive-superu-neuillysurmarne
[13:15:38] [WEBVIEW_NAV] URL: https://www.coursesu.com/drive-superu-neuillysurmarne
[13:15:38] [WEBVIEW_NAV] URL: https://www.coursesu.com/drive-superu-neuillysurmarne
[13:15:38] [WEBVIEW_NAV] URL: https://www.coursesu.com/drive-superu-neuillysurmarne
[13:15:38] [WEBVIEW_NAV] URL: https://www.coursesu.com/drive-superu-neuillysurmarne
[13:15:38] [WEBVIEW_NAV] URL: https://www.coursesu.com/drive-superu-neuillysurmarne
[13:15:38] [WEBVIEW_NAV] URL: https://www.coursesu.com/drive-superu-neuillysurmarne
[13:15:38] [WEBVIEW_NAV] URL: https://www.coursesu.com/drive-superu-neuillysurmarne
[13:15:38] [WEBVIEW_NAV] URL: https://www.coursesu.com/drive-superu-neuillysurmarne
[13:15:38] [WEBVIEW_NAV] URL: https://www.coursesu.com/drive-superu-neuillysurmarne
[13:15:38] [WEBVIEW_NAV] URL: https://www.coursesu.com/drive-superu-neuillysurmarne
[13:15:38] [WEBVIEW_NAV] URL: https://www.coursesu.com/drive-superu-neuillysurmarne
[13:15:38] [WEBVIEW_NAV] URL: https://www.coursesu.com/drive-superu-neuillysurmarne
[13:15:38] [WEBVIEW_NAV] URL: https://www.coursesu.com/drive-superu-neuillysurmarne
[13:15:38] [WEBVIEW_NAV] URL: https://www.coursesu.com/drive-superu-neuillysurmarne
[13:15:38] [WEBVIEW_NAV] URL: https://www.coursesu.com/drive-superu-neuillysurmarne
[13:15:38] [WEBVIEW_NAV] URL: https://www.coursesu.com/drive-superu-neuillysurmarne
[13:15:39] [WEBVIEW_NAV] URL: https://www.coursesu.com/recherche?q=Pain+%C3%A0+pain
[13:15:44] [WEBVIEW_NAV] URL: https://www.coursesu.com/recherche?q=Pain+%C3%A0+pain
[13:15:44] [WEBVIEW_NAV] URL: https://www.coursesu.com/recherche?q=Pain+%C3%A0+pain
[13:15:52] [CHANGE_STORE_CLICKED] Changer de magasin pour Courses U Drive -> https://www.coursesu.com
[13:15:52] [WEBVIEW_NAV] URL: https://www.coursesu.com/
[13:15:52] [STORE_SWITCHED] Passage à E.Leclerc Drive -> https://www.leclercdrive.fr
[13:15:52] [STORE_SWITCHED] Passage à E.Leclerc Drive -> https://www.leclercdrive.fr
[13:15:52] [WEBVIEW_NAV] URL: https://www.coursesu.com/drive-superu-neuillysurmarne
[13:15:52] [STORE_AUTO_DETECTED] https://www.coursesu.com/drive-superu-neuillysurmarne
[13:15:52] [WEBVIEW_NAV] URL: https://www.coursesu.com/recherche?q=Pain+%C3%A0+pain
[13:15:52] [WEBVIEW_NAV] URL: https://www.leclercdrive.fr/
[13:15:53] [APP_START_SEARCH] Recherche: "Pain à pain" (Courses U Drive) -> https://www.coursesu.com/recherche?q=Pain%20%C3%A0%20pain
[13:16:03] [WEBVIEW_NAV] URL: https://www.coursesu.com/recherche?q=Pain+%C3%A0+pain
[13:16:03] [WEBVIEW_NAV] URL: https://www.leclercdrive.fr/
[13:16:03] [WEBVIEW_NAV] URL: https://www.coursesu.com/recherche?q=Pain+%C3%A0+pain
[13:16:03] [WEBVIEW_NAV] URL: https://www.coursesu.com/recherche?q=Pain+%C3%A0+pain
[13:16:06] [WEBVIEW_NAV] URL: https://www.leclercdrive.fr/
[13:16:15] [WEBVIEW_NAV] URL: https://www.leclercdrive.fr/#_divModalMagasin&089301
[13:16:17] [WEBVIEW_NAV] URL: https://fd1-courses.leclercdrive.fr/magasin-089301-089301-aulnay-sous-bois.aspx
[13:16:18] [WEBVIEW_NAV] URL: https://m-courses.leclercdrive.fr/magasin-089301-089301-aulnay-sous-bois
[13:16:18] [WEBVIEW_NAV] URL: https://m-courses.leclercdrive.fr/magasin-089301-089301-aulnay-sous-bois
[13:16:18] [WEBVIEW_NAV] URL: https://m-courses.leclercdrive.fr/magasin-089301-089301-aulnay-sous-bois
[13:16:31] [APP_START_SEARCH] Recherche: "Pain à pain" (E.Leclerc Drive) -> https://m-courses.leclercdrive.fr/magasin-089301-089301-aulnay-sous-bois/recherche/Pain%20%C3%A0%20pain
[13:16:31] [LECLERC_NAVIGATE_SEARCH] https://m-courses.leclercdrive.fr/magasin-089301-089301-aulnay-sous-bois/recherche/Pain%20%C3%A0%20pain
[13:16:31] [WEBVIEW_NAV] URL: https://m-courses.leclercdrive.fr/magasin-089301-089301-aulnay-sous-bois/recherche/Pain%20%C3%A0%20pain
[13:16:34] [WEBVIEW_NAV] URL: https://m-courses.leclercdrive.fr/magasin-089301-089301-aulnay-sous-bois/recherche/Pain%20%C3%A0%20pain
[13:16:34] [WEBVIEW_NAV] URL: https://m-courses.leclercdrive.fr/magasin-089301-089301-aulnay-sous-bois/recherche/Pain%20%C3%A0%20pain
[13:07:34] [WEBVIEW_NAV] URL: https://www.leclercdrive.fr/PageDir/pgeWCSD002_Erreur.aspx?m=&nopr=&l=fr-FR&u=2&s=15000&v=15501&q=1&fromJsWCTD610=1
[13:07:34] [AUTO_REDIRECT] Récupération vers https://www.leclercdrive.fr
[13:07:34] [WEBVIEW_NAV] URL: https://www.leclercdrive.fr/PageDir/pgeWCSD002_Erreur.aspx?m=&nopr=&l=fr-FR&u=2&s=15000&v=15501&q=1&fromJsWCTD610=1
[13:07:34] [WEBVIEW_NAV] URL: https://www.leclercdrive.fr/
[13:07:34] [AUTO_REDIRECT] Récupération vers https://www.leclercdrive.fr
[13:07:34] [WEBVIEW_NAV] URL: https://www.leclercdrive.fr/PageDir/pgeWCSD002_Erreur.aspx?m=&nopr=&l=fr-FR&u=2&s=15000&v=15501&q=1&fromJsWCTD610=1
[13:07:34] [AUTO_REDIRECT] Récupération vers https://www.leclercdrive.fr
[13:07:34] [WEBVIEW_NAV] URL: https://www.leclercdrive.fr/
[13:07:34] [WEBVIEW_NAV] URL: https://www.leclercdrive.fr/PageDir/pgeWCSD002_Erreur.aspx?m=&nopr=&l=fr-FR&u=2&s=15000&v=15501&q=1&fromJsWCTD610=1
[13:07:34] [AUTO_REDIRECT] Récupération vers https://www.leclercdrive.fr
[13:07:34] [WEBVIEW_NAV] URL: https://www.leclercdrive.fr/
[13:07:34] [AUTO_REDIRECT] Récupération vers https://www.leclercdrive.fr
[13:07:34] [WEBVIEW_NAV] URL: https://www.leclercdrive.fr/PageDir/pgeWCSD002_Erreur.aspx?m=&nopr=&l=fr-FR&u=2&s=15000&v=15501&q=1&fromJsWCTD610=1
[13:07:34] [WEBVIEW_NAV] URL: https://www.leclercdrive.fr/PageDir/pgeWCSD002_Erreur.aspx?m=&nopr=&l=fr-FR&u=2&s=15000&v=15501&q=1&fromJsWCTD610=1
[13:07:34] [AUTO_REDIRECT] Récupération vers https://www.leclercdrive.fr
[13:07:34] [WEBVIEW_NAV] URL: https://www.leclercdrive.fr/
[13:07:34] [WEBVIEW_NAV] URL: https://www.leclercdrive.fr/PageDir/pgeWCSD002_Erreur.aspx?m=&nopr=&l=fr-FR&u=2&s=15000&v=15501&q=1&fromJsWCTD610=1
[13:07:34] [WEBVIEW_NAV] URL: https://www.leclercdrive.fr/PageDir/pgeWCSD002_Erreur.aspx?m=&nopr=&l=fr-FR&u=2&s=15000&v=15501&q=1&fromJsWCTD610=1
[13:07:34] [WEBVIEW_NAV] URL: https://www.leclercdrive.fr/
[13:07:34] [AUTO_REDIRECT] Récupération vers https://www.leclercdrive.fr
[13:07:34] [AUTO_REDIRECT] Récupération vers https://www.leclercdrive.fr
[13:07:34] [WEBVIEW_NAV] URL: https://www.leclercdrive.fr/
[13:07:34] [WEBVIEW_NAV] URL: https://www.leclercdrive.fr/
[13:07:34] [WEBVIEW_NAV] URL: https://www.leclercdrive.fr/
[13:07:34] [WEBVIEW_NAV] URL: https://www.leclercdrive.fr/
[13:07:34] [WEBVIEW_NAV] URL: https://www.leclercdrive.fr/PageDir/pgeWCSD002_Erreur.aspx?m=&nopr=&l=fr-FR&u=2&s=15000&v=15501&q=1&fromJsWCTD610=1
[13:07:34] [AUTO_REDIRECT] Récupération vers https://www.leclercdrive.fr
[13:07:34] [AUTO_REDIRECT] Récupération vers https://www.leclercdrive.fr
[13:07:34] [WEBVIEW_NAV] URL: https://www.leclercdrive.fr/PageDir/pgeWCSD002_Erreur.aspx?m=&nopr=&l=fr-FR&u=2&s=15000&v=15501&q=1&fromJsWCTD610=1
[13:07:34] [WEBVIEW_NAV] URL: https://www.leclercdrive.fr/PageDir/pgeWCSD002_Erreur.aspx?m=&nopr=&l=fr-FR&u=2&s=15000&v=15501&q=1&fromJsWCTD610=1
[13:07:34] [AUTO_REDIRECT] Récupération vers https://www.leclercdrive.fr
[13:07:34] [WEBVIEW_NAV] URL: https://www.leclercdrive.fr/PageDir/pgeWCSD002_Erreur.aspx?m=&nopr=&l=fr-FR&u=2&s=15000&v=15501&q=1&fromJsWCTD610=1
[13:07:34] [AUTO_REDIRECT] Récupération vers https://www.leclercdrive.fr
[13:07:34] [WEBVIEW_NAV] URL: https://www.leclercdrive.fr/
[13:07:34] [WEBVIEW_NAV] URL: https://www.leclercdrive.fr/
[13:07:34] [WEBVIEW_NAV] URL: https://www.leclercdrive.fr/
[13:07:34] [WEBVIEW_NAV] URL: https://www.leclercdrive.fr/PageDir/pgeWCSD002_Erreur.aspx?m=&nopr=&l=fr-FR&u=2&s=15000&v=15501&q=1&fromJsWCTD610=1
[13:07:34] [AUTO_REDIRECT] Récupération vers https://www.leclercdrive.fr
[13:07:34] [WEBVIEW_NAV] URL: https://www.leclercdrive.fr/PageDir/pgeWCSD002_Erreur.aspx?m=&nopr=&l=fr-FR&u=2&s=15000&v=15501&q=1&fromJsWCTD610=1
[13:07:34] [AUTO_REDIRECT] Récupération vers https://www.leclercdrive.fr
[13:07:34] [WEBVIEW_NAV] URL: https://www.leclercdrive.fr/
[13:07:34] [WEBVIEW_NAV] URL: https://www.leclercdrive.fr/PageDir/pgeWCSD002_Erreur.aspx?m=&nopr=&l=fr-FR&u=2&s=15000&v=15501&q=1&fromJsWCTD610=1
[13:07:34] [WEBVIEW_NAV] URL: https://www.leclercdrive.fr/PageDir/pgeWCSD002_Erreur.aspx?m=&nopr=&l=fr-FR&u=2&s=15000&v=15501&q=1&fromJsWCTD610=1
[13:07:34] [WEBVIEW_NAV] URL: https://www.leclercdrive.fr/
[13:07:34] [WEBVIEW_NAV] URL: https://www.leclercdrive.fr/
[13:07:34] [WEBVIEW_NAV] URL: https://www.leclercdrive.fr/
[13:07:34] [AUTO_REDIRECT] Récupération vers https://www.leclercdrive.fr
[13:07:34] [WEBVIEW_NAV] URL: https://www.leclercdrive.fr/
[13:07:34] [WEBVIEW_NAV] URL: https://www.leclercdrive.fr/PageDir/pgeWCSD002_Erreur.aspx?m=&nopr=&l=fr-FR&u=2&s=15000&v=15501&q=1&fromJsWCTD610=1
[13:07:34] [AUTO_REDIRECT] Récupération vers https://www.leclercdrive.fr
[13:07:34] [WEBVIEW_NAV] URL: https://www.leclercdrive.fr/PageDir/pgeWCSD002_Erreur.aspx?m=&nopr=&l=fr-FR&u=2&s=15000&v=15501&q=1&fromJsWCTD610=1
[13:07:34] [AUTO_REDIRECT] Récupération vers https://www.leclercdrive.fr
[13:07:34] [WEBVIEW_NAV] URL: https://www.leclercdrive.fr/
[13:07:34] [WEBVIEW_NAV] URL: https://www.leclercdrive.fr/PageDir/pgeWCSD002_Erreur.aspx?m=&nopr=&l=fr-FR&u=2&s=15000&v=15501&q=1&fromJsWCTD610=1
[13:07:34] [WEBVIEW_NAV] URL: https://www.leclercdrive.fr/
[13:07:34] [WEBVIEW_NAV] URL: https://www.leclercdrive.fr/PageDir/pgeWCSD002_Erreur.aspx?m=&nopr=&l=fr-FR&u=2&s=15000&v=15501&q=1&fromJsWCTD610=1
[13:07:34] [AUTO_REDIRECT] Récupération vers https://www.leclercdrive.fr
[13:07:34] [WEBVIEW_NAV] URL: https://www.leclercdrive.fr/PageDir/pgeWCSD002_Erreur.aspx?m=&nopr=&l=fr-FR&u=2&s=15000&v=15501&q=1&fromJsWCTD610=1
[13:07:34] [AUTO_REDIRECT] Récupération vers https://www.leclercdrive.fr
[13:07:34] [WEBVIEW_NAV] URL: https://www.leclercdrive.fr/
[13:07:34] [WEBVIEW_NAV] URL: https://www.leclercdrive.fr/
[13:07:34] [WEBVIEW_NAV] URL: https://www.leclercdrive.fr/PageDir/pgeWCSD002_Erreur.aspx?m=&nopr=&l=fr-FR&u=2&s=15000&v=15501&q=1&fromJsWCTD610=1
[13:07:34] [WEBVIEW_NAV] URL: https://www.leclercdrive.fr/PageDir/pgeWCSD002_Erreur.aspx?m=&nopr=&l=fr-FR&u=2&s=15000&v=15501&q=1&fromJsWCTD610=1
[13:07:34] [AUTO_REDIRECT] Récupération vers https://www.leclercdrive.fr
[13:07:34] [AUTO_REDIRECT] Récupération vers https://www.leclercdrive.fr
[13:07:34] [WEBVIEW_NAV] URL: https://www.leclercdrive.fr/
[13:07:34] [WEBVIEW_NAV] URL: https://www.leclercdrive.fr/PageDir/pgeWCSD002_Erreur.aspx?m=&nopr=&l=fr-FR&u=2&s=15000&v=15501&q=1&fromJsWCTD610=1
[13:07:34] [WEBVIEW_NAV] URL: https://www.leclercdrive.fr/
[13:07:34] [AUTO_REDIRECT] Récupération vers https://www.leclercdrive.fr
[13:07:34] [AUTO_REDIRECT] Récupération vers https://www.leclercdrive.fr
[13:07:34] [WEBVIEW_NAV] URL: https://www.leclercdrive.fr/PageDir/pgeWCSD002_Erreur.aspx?m=&nopr=&l=fr-FR&u=2&s=15000&v=15501&q=1&fromJsWCTD610=1
[13:07:34] [WEBVIEW_NAV] URL: https://www.leclercdrive.fr/
[13:07:34] [WEBVIEW_NAV] URL: https://www.leclercdrive.fr/
[13:07:34] [WEBVIEW_NAV] URL: https://www.leclercdrive.fr/PageDir/pgeWCSD002_Erreur.aspx?m=&nopr=&l=fr-FR&u=2&s=15000&v=15501&q=1&fromJsWCTD610=1
[13:07:34] [AUTO_REDIRECT] Récupération vers https://www.leclercdrive.fr
[13:07:34] [WEBVIEW_NAV] URL: https://www.leclercdrive.fr/PageDir/pgeWCSD002_Erreur.aspx?m=&nopr=&l=fr-FR&u=2&s=15000&v=15501&q=1&fromJsWCTD610=1
[13:07:34] [AUTO_REDIRECT] Récupération vers https://www.leclercdrive.fr
[13:07:34] [WEBVIEW_NAV] URL: https://www.leclercdrive.fr/
[13:07:34] [WEBVIEW_NAV] URL: https://www.leclercdrive.fr/
[13:07:34] [WEBVIEW_NAV] URL: https://www.leclercdrive.fr/PageDir/pgeWCSD002_Erreur.aspx?m=&nopr=&l=fr-FR&u=2&s=15000&v=15501&q=1&fromJsWCTD610=1
[13:07:34] [AUTO_REDIRECT] Récupération vers https://www.leclercdrive.fr
[13:07:34] [AUTO_REDIRECT] Récupération vers https://www.leclercdrive.fr
[13:07:34] [WEBVIEW_NAV] URL: https://www.leclercdrive.fr/PageDir/pgeWCSD002_Erreur.aspx?m=&nopr=&l=fr-FR&u=2&s=15000&v=15501&q=1&fromJsWCTD610=1
[13:07:34] [WEBVIEW_NAV] URL: https://www.leclercdrive.fr/
[13:07:34] [WEBVIEW_NAV] URL: https://www.leclercdrive.fr/PageDir/pgeWCSD002_Erreur.aspx?m=&nopr=&l=fr-FR&u=2&s=15000&v=15501&q=1&fromJsWCTD610=1
[13:07:34] [WEBVIEW_NAV] URL: https://www.leclercdrive.fr/
[13:07:34] [AUTO_REDIRECT] Récupération vers https://www.leclercdrive.fr
[13:07:34] [WEBVIEW_NAV] URL: https://www.leclercdrive.fr/PageDir/pgeWCSD002_Erreur.aspx?m=&nopr=&l=fr-FR&u=2&s=15000&v=15501&q=1&fromJsWCTD610=1
[13:07:34] [WEBVIEW_NAV] URL: https://www.leclercdrive.fr/
[13:07:34] [WEBVIEW_NAV] URL: https://www.leclercdrive.fr/
[13:07:34] [AUTO_REDIRECT] Récupération vers https://www.leclercdrive.fr
[13:07:34] [WEBVIEW_NAV] URL: https://www.leclercdrive.fr/PageDir/pgeWCSD002_Erreur.aspx?m=&nopr=&l=fr-FR&u=2&s=15000&v=15501&q=1&fromJsWCTD610=1
[13:07:34] [WEBVIEW_NAV] URL: https://www.leclercdrive.fr/PageDir/pgeWCSD002_Erreur.aspx?m=&nopr=&l=fr-FR&u=2&s=15000&v=15501&q=1&fromJsWCTD610=1
[13:07:34] [AUTO_REDIRECT] Récupération vers https://www.leclercdrive.fr
[13:07:34] [AUTO_REDIRECT] Récupération vers https://www.leclercdrive.fr
[13:07:34] [WEBVIEW_NAV] URL: https://www.leclercdrive.fr/
[13:07:34] [WEBVIEW_NAV] URL: https://www.leclercdrive.fr/PageDir/pgeWCSD002_Erreur.aspx?m=&nopr=&l=fr-FR&u=2&s=15000&v=15501&q=1&fromJsWCTD610=1
[13:07:34] [AUTO_REDIRECT] Récupération vers https://www.leclercdrive.fr
[13:07:34] [WEBVIEW_NAV] URL: https://www.leclercdrive.fr/
[13:07:34] [AUTO_REDIRECT] Récupération vers https://www.leclercdrive.fr
[13:07:34] [WEBVIEW_NAV] URL: https://www.leclercdrive.fr/PageDir/pgeWCSD002_Erreur.aspx?m=&nopr=&l=fr-FR&u=2&s=15000&v=15501&q=1&fromJsWCTD610=1
[13:07:34] [WEBVIEW_NAV] URL: https://www.leclercdrive.fr/
[13:07:34] [WEBVIEW_NAV] URL: https://www.leclercdrive.fr/
[13:07:34] [WEBVIEW_NAV] URL: https://www.leclercdrive.fr/PageDir/pgeWCSD002_Erreur.aspx?m=&nopr=&l=fr-FR&u=2&s=15000&v=15501&q=1&fromJsWCTD610=1
[13:07:34] [AUTO_REDIRECT] Récupération vers https://www.leclercdrive.fr
[13:07:34] [WEBVIEW_NAV] URL: https://www.leclercdrive.fr/PageDir/pgeWCSD002_Erreur.aspx?m=&nopr=&l=fr-FR&u=2&s=15000&v=15501&q=1&fromJsWCTD610=1
[13:07:34] [AUTO_REDIRECT] Récupération vers https://www.leclercdrive.fr
[13:07:34] [WEBVIEW_NAV] URL: https://www.leclercdrive.fr/
[13:07:34] [WEBVIEW_NAV] URL: https://www.leclercdrive.fr/
[13:07:34] [WEBVIEW_NAV] URL: https://www.leclercdrive.fr/PageDir/pgeWCSD002_Erreur.aspx?m=&nopr=&l=fr-FR&u=2&s=15000&v=15501&q=1&fromJsWCTD610=1
[13:07:34] [AUTO_REDIRECT] Récupération vers https://www.leclercdrive.fr
[13:07:34] [WEBVIEW_NAV] URL: https://www.leclercdrive.fr/PageDir/pgeWCSD002_Erreur.aspx?m=&nopr=&l=fr-FR&u=2&s=15000&v=15501&q=1&fromJsWCTD610=1
[13:07:34] [AUTO_REDIRECT] Récupération vers https://www.leclercdrive.fr
[13:07:34] [WEBVIEW_NAV] URL: https://www.leclercdrive.fr/
[13:07:34] [WEBVIEW_NAV] URL: https://www.leclercdrive.fr/PageDir/pgeWCSD002_Erreur.aspx?m=&nopr=&l=fr-FR&u=2&s=15000&v=15501&q=1&fromJsWCTD610=1
[13:07:34] [WEBVIEW_NAV] URL: https://www.leclercdrive.fr/
[13:07:34] [AUTO_REDIRECT] Récupération vers https://www.leclercdrive.fr
[13:07:34] [WEBVIEW_NAV] URL: https://www.leclercdrive.fr/PageDir/pgeWCSD002_Erreur.aspx?m=&nopr=&l=fr-FR&u=2&s=15000&v=15501&q=1&fromJsWCTD610=1
[13:07:34] [WEBVIEW_NAV] URL: https://www.leclercdrive.fr/
[13:07:34] [AUTO_REDIRECT] Récupération vers https://www.leclercdrive.fr
[13:07:34] [WEBVIEW_NAV] URL: https://www.leclercdrive.fr/
[13:07:34] [AUTO_REDIRECT] Récupération vers https://www.leclercdrive.fr
[13:07:34] [WEBVIEW_NAV] URL: https://www.leclercdrive.fr/PageDir/pgeWCSD002_Erreur.aspx?m=&nopr=&l=fr-FR&u=2&s=15000&v=15501&q=1&fromJsWCTD610=1
[13:07:34] [WEBVIEW_NAV] URL: https://www.leclercdrive.fr/PageDir/pgeWCSD002_Erreur.aspx?m=&nopr=&l=fr-FR&u=2&s=15000&v=15501&q=1&fromJsWCTD610=1
[13:07:34] [AUTO_REDIRECT] Récupération vers https://www.leclercdrive.fr
[13:07:34] [WEBVIEW_NAV] URL: https://www.leclercdrive.fr/
[13:07:34] [WEBVIEW_NAV] URL: https://www.leclercdrive.fr/
[13:07:34] [WEBVIEW_NAV] URL: https://www.leclercdrive.fr/PageDir/pgeWCSD002_Erreur.aspx?m=&nopr=&l=fr-FR&u=2&s=15000&v=15501&q=1&fromJsWCTD610=1
[13:07:34] [WEBVIEW_NAV] URL: https://www.leclercdrive.fr/PageDir/pgeWCSD002_Erreur.aspx?m=&nopr=&l=fr-FR&u=2&s=15000&v=15501&q=1&fromJsWCTD610=1
[13:07:34] [AUTO_REDIRECT] Récupération vers https://www.leclercdrive.fr
[13:07:34] [AUTO_REDIRECT] Récupération vers https://www.leclercdrive.fr
[13:07:34] [WEBVIEW_NAV] URL: https://www.leclercdrive.fr/
[13:07:34] [WEBVIEW_NAV] URL: https://www.leclercdrive.fr/
[13:07:34] [WEBVIEW_NAV] URL: https://www.leclercdrive.fr/PageDir/pgeWCSD002_Erreur.aspx?m=&nopr=&l=fr-FR&u=2&s=15000&v=15501&q=1&fromJsWCTD610=1
[13:07:34] [AUTO_REDIRECT] Récupération vers https://www.leclercdrive.fr
[13:07:34] [WEBVIEW_NAV] URL: https://www.leclercdrive.fr/PageDir/pgeWCSD002_Erreur.aspx?m=&nopr=&l=fr-FR&u=2&s=15000&v=15501&q=1&fromJsWCTD610=1
[13:07:34] [WEBVIEW_NAV] URL: https://www.leclercdrive.fr/
[13:07:34] [AUTO_REDIRECT] Récupération vers https://www.leclercdrive.fr
[13:07:34] [WEBVIEW_NAV] URL: https://www.leclercdrive.fr/
[13:07:34] [WEBVIEW_NAV] URL: https://www.leclercdrive.fr/PageDir/pgeWCSD002_Erreur.aspx?m=&nopr=&l=fr-FR&u=2&s=15000&v=15501&q=1&fromJsWCTD610=1
[13:07:34] [AUTO_REDIRECT] Récupération vers https://www.leclercdrive.fr
[13:07:34] [WEBVIEW_NAV] URL: https://www.leclercdrive.fr/
[13:07:34] [AUTO_REDIRECT] Récupération vers https://www.leclercdrive.fr
[13:07:34] [WEBVIEW_NAV] URL: https://www.leclercdrive.fr/
[13:07:34] [WEBVIEW_NAV] URL: https://www.leclercdrive.fr/PageDir/pgeWCSD002_Erreur.aspx?m=&nopr=&l=fr-FR&u=2&s=15000&v=15501&q=1&fromJsWCTD610=1
[13:07:34] [AUTO_REDIRECT] Récupération vers https://www.leclercdrive.fr
[13:07:34] [WEBVIEW_NAV] URL: https://www.leclercdrive.fr/PageDir/pgeWCSD002_Erreur.aspx?m=&nopr=&l=fr-FR&u=2&s=15000&v=15501&q=1&fromJsWCTD610=1
[13:07:34] [AUTO_REDIRECT] Récupération vers https://www.leclercdrive.fr
[13:07:34] [WEBVIEW_NAV] URL: https://www.leclercdrive.fr/
[13:07:34] [WEBVIEW_NAV] URL: https://www.leclercdrive.fr/
[13:07:34] [WEBVIEW_NAV] URL: https://www.leclercdrive.fr/PageDir/pgeWCSD002_Erreur.aspx?m=&nopr=&l=fr-FR&u=2&s=15000&v=15501&q=1&fromJsWCTD610=1
[13:07:34] [WEBVIEW_NAV] URL: https://www.leclercdrive.fr/PageDir/pgeWCSD002_Erreur.aspx?m=&nopr=&l=fr-FR&u=2&s=15000&v=15501&q=1&fromJsWCTD610=1
[13:07:34] [AUTO_REDIRECT] Récupération vers https://www.leclercdrive.fr
[13:07:34] [AUTO_REDIRECT] Récupération vers https://www.leclercdrive.fr
[13:07:34] [WEBVIEW_NAV] URL: https://www.leclercdrive.fr/
[13:07:34] [WEBVIEW_NAV] URL: https://www.leclercdrive.fr/
[13:07:34] [WEBVIEW_NAV] URL: https://www.leclercdrive.fr/PageDir/pgeWCSD002_Erreur.aspx?m=&nopr=&l=fr-FR&u=2&s=15000&v=15501&q=1&fromJsWCTD610=1
[13:07:34] [AUTO_REDIRECT] Récupération vers https://www.leclercdrive.fr
[13:07:34] [AUTO_REDIRECT] Récupération vers https://www.leclercdrive.fr
[13:07:34] [WEBVIEW_NAV] URL: https://www.leclercdrive.fr/PageDir/pgeWCSD002_Erreur.aspx?m=&nopr=&l=fr-FR&u=2&s=15000&v=15501&q=1&fromJsWCTD610=1
[13:07:34] [WEBVIEW_NAV] URL: https://www.leclercdrive.fr/
[13:07:42] [WEBVIEW_NAV] URL: https://www.leclercdrive.fr/
[13:07:44] [WEBVIEW_NAV] URL: https://www.leclercdrive.fr/PageDir/pgeWCSD002_Erreur.aspx?m=&nopr=&l=fr-FR&u=2&s=15000&v=15501&q=1&fromJsWCTD610=1
[13:07:44] [WEBVIEW_NAV] URL: https://www.leclercdrive.fr/
[13:07:44] [WEBVIEW_NAV] URL: https://www.leclercdrive.fr/PageDir/pgeWCSD002_Erreur.aspx?m=&nopr=&l=fr-FR&u=2&s=15000&v=15501&q=1&fromJsWCTD610=1
[13:08:00] [AUTO_REDIRECT] Récupération vers https://www.leclercdrive.fr
[13:08:00] [WEBVIEW_NAV] URL: https://www.leclercdrive.fr/PageDir/pgeWCSD002_Erreur.aspx?m=&nopr=&l=fr-FR&u=2&s=15000&v=15501&q=1&fromJsWCTD610=1
[13:08:00] [AUTO_REDIRECT] Récupération vers https://www.leclercdrive.fr
[13:08:00] [WEBVIEW_NAV] URL: https://www.leclercdrive.fr/
[13:08:00] [WEBVIEW_NAV] URL: https://www.leclercdrive.fr/
[13:08:00] [AUTO_REDIRECT] Récupération vers https://www.leclercdrive.fr
[13:08:00] [WEBVIEW_NAV] URL: https://www.leclercdrive.fr/PageDir/pgeWCSD002_Erreur.aspx?m=&nopr=&l=fr-FR&u=2&s=15000&v=15501&q=1&fromJsWCTD610=1
[13:08:00] [WEBVIEW_NAV] URL: https://www.leclercdrive.fr/PageDir/pgeWCSD002_Erreur.aspx?m=&nopr=&l=fr-FR&u=2&s=15000&v=15501&q=1&fromJsWCTD610=1
[13:08:00] [AUTO_REDIRECT] Récupération vers https://www.leclercdrive.fr
[13:08:00] [AUTO_REDIRECT] Récupération vers https://www.leclercdrive.fr
[13:08:00] [WEBVIEW_NAV] URL: https://www.leclercdrive.fr/
[13:08:01] [AUTO_REDIRECT] Récupération vers https://www.leclercdrive.fr
[13:08:01] [WEBVIEW_NAV] URL: https://www.leclercdrive.fr/
[13:08:01] [WEBVIEW_NAV] URL: https://www.leclercdrive.fr/PageDir/pgeWCSD002_Erreur.aspx?m=&nopr=&l=fr-FR&u=2&s=15000&v=15501&q=1&fromJsWCTD610=1
[13:08:01] [WEBVIEW_NAV] URL: https://www.leclercdrive.fr/PageDir/pgeWCSD002_Erreur.aspx?m=&nopr=&l=fr-FR&u=2&s=15000&v=15501&q=1&fromJsWCTD610=1
[13:08:01] [WEBVIEW_NAV] URL: https://www.leclercdrive.fr/
[13:08:01] [AUTO_REDIRECT] Récupération vers https://www.leclercdrive.fr
[13:08:01] [WEBVIEW_NAV] URL: https://www.leclercdrive.fr/
[13:08:01] [WEBVIEW_NAV] URL: https://www.leclercdrive.fr/PageDir/pgeWCSD002_Erreur.aspx?m=&nopr=&l=fr-FR&u=2&s=15000&v=15501&q=1&fromJsWCTD610=1
[13:08:01] [AUTO_REDIRECT] Récupération vers https://www.leclercdrive.fr
[13:08:01] [WEBVIEW_NAV] URL: https://www.leclercdrive.fr/PageDir/pgeWCSD002_Erreur.aspx?m=&nopr=&l=fr-FR&u=2&s=15000&v=15501&q=1&fromJsWCTD610=1
[13:08:01] [AUTO_REDIRECT] Récupération vers https://www.leclercdrive.fr
[13:08:01] [WEBVIEW_NAV] URL: https://www.leclercdrive.fr/
[13:08:01] [WEBVIEW_NAV] URL: https://www.leclercdrive.fr/
[13:08:01] [AUTO_REDIRECT] Récupération vers https://www.leclercdrive.fr
[13:08:01] [WEBVIEW_NAV] URL: https://www.leclercdrive.fr/PageDir/pgeWCSD002_Erreur.aspx?m=&nopr=&l=fr-FR&u=2&s=15000&v=15501&q=1&fromJsWCTD610=1
[13:08:01] [WEBVIEW_NAV] URL: https://www.leclercdrive.fr/PageDir/pgeWCSD002_Erreur.aspx?m=&nopr=&l=fr-FR&u=2&s=15000&v=15501&q=1&fromJsWCTD610=1
[13:08:01] [AUTO_REDIRECT] Récupération vers https://www.leclercdrive.fr
[13:08:01] [WEBVIEW_NAV] URL: https://www.leclercdrive.fr/PageDir/pgeWCSD002_Erreur.aspx?m=&nopr=&l=fr-FR&u=2&s=15000&v=15501&q=1&fromJsWCTD610=1
[13:08:01] [WEBVIEW_NAV] URL: https://www.leclercdrive.fr/
[13:08:01] [AUTO_REDIRECT] Récupération vers https://www.leclercdrive.fr
[13:08:01] [WEBVIEW_NAV] URL: https://www.leclercdrive.fr/
[13:08:01] [WEBVIEW_NAV] URL: https://www.leclercdrive.fr/
[13:08:01] [WEBVIEW_NAV] URL: https://www.leclercdrive.fr/
[13:08:01] [WEBVIEW_NAV] URL: https://www.leclercdrive.fr/PageDir/pgeWCSD002_Erreur.aspx?m=&nopr=&l=fr-FR&u=2&s=15000&v=15501&q=1&fromJsWCTD610=1
[13:08:01] [AUTO_REDIRECT] Récupération vers https://www.leclercdrive.fr
[13:08:01] [WEBVIEW_NAV] URL: https://www.leclercdrive.fr/PageDir/pgeWCSD002_Erreur.aspx?m=&nopr=&l=fr-FR&u=2&s=15000&v=15501&q=1&fromJsWCTD610=1
[13:08:01] [AUTO_REDIRECT] Récupération vers https://www.leclercdrive.fr
[13:08:01] [WEBVIEW_NAV] URL: https://www.leclercdrive.fr/PageDir/pgeWCSD002_Erreur.aspx?m=&nopr=&l=fr-FR&u=2&s=15000&v=15501&q=1&fromJsWCTD610=1
[13:08:01] [AUTO_REDIRECT] Récupération vers https://www.leclercdrive.fr
[13:08:01] [WEBVIEW_NAV] URL: https://www.leclercdrive.fr/
[13:08:01] [WEBVIEW_NAV] URL: https://www.leclercdrive.fr/
[13:08:01] [WEBVIEW_NAV] URL: https://www.leclercdrive.fr/PageDir/pgeWCSD002_Erreur.aspx?m=&nopr=&l=fr-FR&u=2&s=15000&v=15501&q=1&fromJsWCTD610=1
[13:08:01] [AUTO_REDIRECT] Récupération vers https://www.leclercdrive.fr
[13:08:01] [AUTO_REDIRECT] Récupération vers https://www.leclercdrive.fr
[13:08:01] [WEBVIEW_NAV] URL: https://www.leclercdrive.fr/
[13:08:01] [WEBVIEW_NAV] URL: https://www.leclercdrive.fr/
[13:08:01] [WEBVIEW_NAV] URL: https://www.leclercdrive.fr/PageDir/pgeWCSD002_Erreur.aspx?m=&nopr=&l=fr-FR&u=2&s=15000&v=15501&q=1&fromJsWCTD610=1
[13:08:01] [WEBVIEW_NAV] URL: https://www.leclercdrive.fr/PageDir/pgeWCSD002_Erreur.aspx?m=&nopr=&l=fr-FR&u=2&s=15000&v=15501&q=1&fromJsWCTD610=1
[13:08:01] [AUTO_REDIRECT] Récupération vers https://www.leclercdrive.fr
[13:08:01] [WEBVIEW_NAV] URL: https://www.leclercdrive.fr/PageDir/pgeWCSD002_Erreur.aspx?m=&nopr=&l=fr-FR&u=2&s=15000&v=15501&q=1&fromJsWCTD610=1
[13:08:01] [AUTO_REDIRECT] Récupération vers https://www.leclercdrive.fr
[13:08:01] [WEBVIEW_NAV] URL: https://www.leclercdrive.fr/
[13:08:01] [WEBVIEW_NAV] URL: https://www.leclercdrive.fr/
[13:08:01] [AUTO_REDIRECT] Récupération vers https://www.leclercdrive.fr
[13:08:01] [WEBVIEW_NAV] URL: https://www.leclercdrive.fr/PageDir/pgeWCSD002_Erreur.aspx?m=&nopr=&l=fr-FR&u=2&s=15000&v=15501&q=1&fromJsWCTD610=1
[13:08:01] [AUTO_REDIRECT] Récupération vers https://www.leclercdrive.fr
[13:08:01] [WEBVIEW_NAV] URL: https://www.leclercdrive.fr/PageDir/pgeWCSD002_Erreur.aspx?m=&nopr=&l=fr-FR&u=2&s=15000&v=15501&q=1&fromJsWCTD610=1
[13:08:01] [WEBVIEW_NAV] URL: https://www.leclercdrive.fr/
[13:08:01] [WEBVIEW_NAV] URL: https://www.leclercdrive.fr/
[13:08:01] [WEBVIEW_NAV] URL: https://www.leclercdrive.fr/PageDir/pgeWCSD002_Erreur.aspx?m=&nopr=&l=fr-FR&u=2&s=15000&v=15501&q=1&fromJsWCTD610=1
[13:08:01] [AUTO_REDIRECT] Récupération vers https://www.leclercdrive.fr
[13:08:01] [WEBVIEW_NAV] URL: https://www.leclercdrive.fr/PageDir/pgeWCSD002_Erreur.aspx?m=&nopr=&l=fr-FR&u=2&s=15000&v=15501&q=1&fromJsWCTD610=1
[13:08:01] [AUTO_REDIRECT] Récupération vers https://www.leclercdrive.fr
[13:08:01] [WEBVIEW_NAV] URL: https://www.leclercdrive.fr/
[13:08:01] [WEBVIEW_NAV] URL: https://www.leclercdrive.fr/
[13:08:01] [WEBVIEW_NAV] URL: https://www.leclercdrive.fr/PageDir/pgeWCSD002_Erreur.aspx?m=&nopr=&l=fr-FR&u=2&s=15000&v=15501&q=1&fromJsWCTD610=1
[13:08:01] [AUTO_REDIRECT] Récupération vers https://www.leclercdrive.fr
[13:08:01] [WEBVIEW_NAV] URL: https://www.leclercdrive.fr/PageDir/pgeWCSD002_Erreur.aspx?m=&nopr=&l=fr-FR&u=2&s=15000&v=15501&q=1&fromJsWCTD610=1
[13:08:01] [AUTO_REDIRECT] Récupération vers https://www.leclercdrive.fr
[13:08:01] [WEBVIEW_NAV] URL: https://www.leclercdrive.fr/
[13:08:01] [WEBVIEW_NAV] URL: https://www.leclercdrive.fr/
[13:08:01] [WEBVIEW_NAV] URL: https://www.leclercdrive.fr/PageDir/pgeWCSD002_Erreur.aspx?m=&nopr=&l=fr-FR&u=2&s=15000&v=15501&q=1&fromJsWCTD610=1
[13:08:01] [AUTO_REDIRECT] Récupération vers https://www.leclercdrive.fr
[13:08:01] [WEBVIEW_NAV] URL: https://www.leclercdrive.fr/PageDir/pgeWCSD002_Erreur.aspx?m=&nopr=&l=fr-FR&u=2&s=15000&v=15501&q=1&fromJsWCTD610=1
[13:08:01] [AUTO_REDIRECT] Récupération vers https://www.leclercdrive.fr
[13:08:01] [WEBVIEW_NAV] URL: https://www.leclercdrive.fr/
[13:08:01] [WEBVIEW_NAV] URL: https://www.leclercdrive.fr/
[13:08:01] [WEBVIEW_NAV] URL: https://www.leclercdrive.fr/PageDir/pgeWCSD002_Erreur.aspx?m=&nopr=&l=fr-FR&u=2&s=15000&v=15501&q=1&fromJsWCTD610=1
[13:08:01] [AUTO_REDIRECT] Récupération vers https://www.leclercdrive.fr
[13:08:01] [AUTO_REDIRECT] Récupération vers https://www.leclercdrive.fr
[13:08:01] [WEBVIEW_NAV] URL: https://www.leclercdrive.fr/
[13:08:01] [WEBVIEW_NAV] URL: https://www.leclercdrive.fr/PageDir/pgeWCSD002_Erreur.aspx?m=&nopr=&l=fr-FR&u=2&s=15000&v=15501&q=1&fromJsWCTD610=1
[13:08:01] [WEBVIEW_NAV] URL: https://www.leclercdrive.fr/
[13:08:01] [AUTO_REDIRECT] Récupération vers https://www.leclercdrive.fr
[13:08:01] [WEBVIEW_NAV] URL: https://www.leclercdrive.fr/PageDir/pgeWCSD002_Erreur.aspx?m=&nopr=&l=fr-FR&u=2&s=15000&v=15501&q=1&fromJsWCTD610=1
[13:08:01] [AUTO_REDIRECT] Récupération vers https://www.leclercdrive.fr
[13:08:01] [WEBVIEW_NAV] URL: https://www.leclercdrive.fr/PageDir/pgeWCSD002_Erreur.aspx?m=&nopr=&l=fr-FR&u=2&s=15000&v=15501&q=1&fromJsWCTD610=1
[13:08:01] [WEBVIEW_NAV] URL: https://www.leclercdrive.fr/
[13:08:01] [WEBVIEW_NAV] URL: https://www.leclercdrive.fr/
[13:08:01] [AUTO_REDIRECT] Récupération vers https://www.leclercdrive.fr
[13:08:01] [WEBVIEW_NAV] URL: https://www.leclercdrive.fr/PageDir/pgeWCSD002_Erreur.aspx?m=&nopr=&l=fr-FR&u=2&s=15000&v=15501&q=1&fromJsWCTD610=1
[13:08:01] [AUTO_REDIRECT] Récupération vers https://www.leclercdrive.fr
[13:08:01] [WEBVIEW_NAV] URL: https://www.leclercdrive.fr/PageDir/pgeWCSD002_Erreur.aspx?m=&nopr=&l=fr-FR&u=2&s=15000&v=15501&q=1&fromJsWCTD610=1
[13:08:01] [WEBVIEW_NAV] URL: https://www.leclercdrive.fr/
[13:08:01] [WEBVIEW_NAV] URL: https://www.leclercdrive.fr/
[13:08:01] [AUTO_REDIRECT] Récupération vers https://www.leclercdrive.fr
[13:08:01] [WEBVIEW_NAV] URL: https://www.leclercdrive.fr/PageDir/pgeWCSD002_Erreur.aspx?m=&nopr=&l=fr-FR&u=2&s=15000&v=15501&q=1&fromJsWCTD610=1
[13:08:01] [AUTO_REDIRECT] Récupération vers https://www.leclercdrive.fr
[13:08:01] [WEBVIEW_NAV] URL: https://www.leclercdrive.fr/PageDir/pgeWCSD002_Erreur.aspx?m=&nopr=&l=fr-FR&u=2&s=15000&v=15501&q=1&fromJsWCTD610=1
[13:08:01] [WEBVIEW_NAV] URL: https://www.leclercdrive.fr/
[13:08:01] [WEBVIEW_NAV] URL: https://www.leclercdrive.fr/
[13:08:01] [WEBVIEW_NAV] URL: https://www.leclercdrive.fr/PageDir/pgeWCSD002_Erreur.aspx?m=&nopr=&l=fr-FR&u=2&s=15000&v=15501&q=1&fromJsWCTD610=1
[13:08:01] [AUTO_REDIRECT] Récupération vers https://www.leclercdrive.fr
[13:08:01] [WEBVIEW_NAV] URL: https://www.leclercdrive.fr/PageDir/pgeWCSD002_Erreur.aspx?m=&nopr=&l=fr-FR&u=2&s=15000&v=15501&q=1&fromJsWCTD610=1
[13:08:01] [AUTO_REDIRECT] Récupération vers https://www.leclercdrive.fr
[13:08:01] [WEBVIEW_NAV] URL: https://www.leclercdrive.fr/
[13:08:01] [WEBVIEW_NAV] URL: https://www.leclercdrive.fr/
[13:08:01] [WEBVIEW_NAV] URL: https://www.leclercdrive.fr/PageDir/pgeWCSD002_Erreur.aspx?m=&nopr=&l=fr-FR&u=2&s=15000&v=15501&q=1&fromJsWCTD610=1
[13:08:01] [AUTO_REDIRECT] Récupération vers https://www.leclercdrive.fr
[13:08:01] [WEBVIEW_NAV] URL: https://www.leclercdrive.fr/PageDir/pgeWCSD002_Erreur.aspx?m=&nopr=&l=fr-FR&u=2&s=15000&v=15501&q=1&fromJsWCTD610=1
[13:08:01] [AUTO_REDIRECT] Récupération vers https://www.leclercdrive.fr
[13:08:01] [WEBVIEW_NAV] URL: https://www.leclercdrive.fr/
[13:08:01] [WEBVIEW_NAV] URL: https://www.leclercdrive.fr/
[13:08:01] [WEBVIEW_NAV] URL: https://www.leclercdrive.fr/PageDir/pgeWCSD002_Erreur.aspx?m=&nopr=&l=fr-FR&u=2&s=15000&v=15501&q=1&fromJsWCTD610=1
[13:08:01] [AUTO_REDIRECT] Récupération vers https://www.leclercdrive.fr
[13:08:01] [WEBVIEW_NAV] URL: https://www.leclercdrive.fr/
[13:08:01] [WEBVIEW_NAV] URL: https://www.leclercdrive.fr/
[13:08:01] [AUTO_REDIRECT] Récupération vers https://www.leclercdrive.fr
[13:08:01] [WEBVIEW_NAV] URL: https://www.leclercdrive.fr/PageDir/pgeWCSD002_Erreur.aspx?m=&nopr=&l=fr-FR&u=2&s=15000&v=15501&q=1&fromJsWCTD610=1
[13:08:01] [WEBVIEW_NAV] URL: https://www.leclercdrive.fr/PageDir/pgeWCSD002_Erreur.aspx?m=&nopr=&l=fr-FR&u=2&s=15000&v=15501&q=1&fromJsWCTD610=1
[13:08:01] [AUTO_REDIRECT] Récupération vers https://www.leclercdrive.fr
[13:08:01] [AUTO_REDIRECT] Récupération vers https://www.leclercdrive.fr
[13:08:01] [WEBVIEW_NAV] URL: https://www.leclercdrive.fr/PageDir/pgeWCSD002_Erreur.aspx?m=&nopr=&l=fr-FR&u=2&s=15000&v=15501&q=1&fromJsWCTD610=1
[13:08:01] [WEBVIEW_NAV] URL: https://www.leclercdrive.fr/
[13:08:01] [WEBVIEW_NAV] URL: https://www.leclercdrive.fr/
[13:08:01] [AUTO_REDIRECT] Récupération vers https://www.leclercdrive.fr
[13:08:01] [WEBVIEW_NAV] URL: https://www.leclercdrive.fr/PageDir/pgeWCSD002_Erreur.aspx?m=&nopr=&l=fr-FR&u=2&s=15000&v=15501&q=1&fromJsWCTD610=1
[13:08:01] [WEBVIEW_NAV] URL: https://www.leclercdrive.fr/PageDir/pgeWCSD002_Erreur.aspx?m=&nopr=&l=fr-FR&u=2&s=15000&v=15501&q=1&fromJsWCTD610=1
[13:08:01] [WEBVIEW_NAV] URL: https://www.leclercdrive.fr/
[13:08:01] [AUTO_REDIRECT] Récupération vers https://www.leclercdrive.fr
[13:08:01] [WEBVIEW_NAV] URL: https://www.leclercdrive.fr/
[13:08:01] [AUTO_REDIRECT] Récupération vers https://www.leclercdrive.fr
[13:08:01] [WEBVIEW_NAV] URL: https://www.leclercdrive.fr/PageDir/pgeWCSD002_Erreur.aspx?m=&nopr=&l=fr-FR&u=2&s=15000&v=15501&q=1&fromJsWCTD610=1
[13:08:01] [WEBVIEW_NAV] URL: https://www.leclercdrive.fr/PageDir/pgeWCSD002_Erreur.aspx?m=&nopr=&l=fr-FR&u=2&s=15000&v=15501&q=1&fromJsWCTD610=1
[13:08:01] [AUTO_REDIRECT] Récupération vers https://www.leclercdrive.fr
[13:08:01] [WEBVIEW_NAV] URL: https://www.leclercdrive.fr/PageDir/pgeWCSD002_Erreur.aspx?m=&nopr=&l=fr-FR&u=2&s=15000&v=15501&q=1&fromJsWCTD610=1
[13:08:01] [WEBVIEW_NAV] URL: https://www.leclercdrive.fr/
[13:08:01] [WEBVIEW_NAV] URL: https://www.leclercdrive.fr/
[13:08:01] [AUTO_REDIRECT] Récupération vers https://www.leclercdrive.fr
[13:08:01] [WEBVIEW_NAV] URL: https://www.leclercdrive.fr/PageDir/pgeWCSD002_Erreur.aspx?m=&nopr=&l=fr-FR&u=2&s=15000&v=15501&q=1&fromJsWCTD610=1
[13:08:01] [AUTO_REDIRECT] Récupération vers https://www.leclercdrive.fr
[13:08:01] [WEBVIEW_NAV] URL: https://www.leclercdrive.fr/
[13:08:01] [WEBVIEW_NAV] URL: https://www.leclercdrive.fr/PageDir/pgeWCSD002_Erreur.aspx?m=&nopr=&l=fr-FR&u=2&s=15000&v=15501&q=1&fromJsWCTD610=1
[13:08:01] [WEBVIEW_NAV] URL: https://www.leclercdrive.fr/
[13:08:01] [WEBVIEW_NAV] URL: https://www.leclercdrive.fr/PageDir/pgeWCSD002_Erreur.aspx?m=&nopr=&l=fr-FR&u=2&s=15000&v=15501&q=1&fromJsWCTD610=1
[13:08:01] [AUTO_REDIRECT] Récupération vers https://www.leclercdrive.fr
[13:08:01] [AUTO_REDIRECT] Récupération vers https://www.leclercdrive.fr
[13:08:01] [WEBVIEW_NAV] URL: https://www.leclercdrive.fr/
[13:08:01] [WEBVIEW_NAV] URL: https://www.leclercdrive.fr/PageDir/pgeWCSD002_Erreur.aspx?m=&nopr=&l=fr-FR&u=2&s=15000&v=15501&q=1&fromJsWCTD610=1
[13:08:01] [WEBVIEW_NAV] URL: https://www.leclercdrive.fr/
[13:08:01] [WEBVIEW_NAV] URL: https://www.leclercdrive.fr/PageDir/pgeWCSD002_Erreur.aspx?m=&nopr=&l=fr-FR&u=2&s=15000&v=15501&q=1&fromJsWCTD610=1
[13:08:01] [AUTO_REDIRECT] Récupération vers https://www.leclercdrive.fr
[13:08:01] [AUTO_REDIRECT] Récupération vers https://www.leclercdrive.fr
[13:08:01] [WEBVIEW_NAV] URL: https://www.leclercdrive.fr/
[13:08:01] [WEBVIEW_NAV] URL: https://www.leclercdrive.fr/
[13:08:01] [WEBVIEW_NAV] URL: https://www.leclercdrive.fr/PageDir/pgeWCSD002_Erreur.aspx?m=&nopr=&l=fr-FR&u=2&s=15000&v=15501&q=1&fromJsWCTD610=1
[13:08:01] [AUTO_REDIRECT] Récupération vers https://www.leclercdrive.fr
[13:08:01] [WEBVIEW_NAV] URL: https://www.leclercdrive.fr/PageDir/pgeWCSD002_Erreur.aspx?m=&nopr=&l=fr-FR&u=2&s=15000&v=15501&q=1&fromJsWCTD610=1
[13:08:01] [WEBVIEW_NAV] URL: https://www.leclercdrive.fr/
[13:08:01] [AUTO_REDIRECT] Récupération vers https://www.leclercdrive.fr
[13:08:01] [WEBVIEW_NAV] URL: https://www.leclercdrive.fr/
[13:08:01] [WEBVIEW_NAV] URL: https://www.leclercdrive.fr/PageDir/pgeWCSD002_Erreur.aspx?m=&nopr=&l=fr-FR&u=2&s=15000&v=15501&q=1&fromJsWCTD610=1
[13:08:01] [AUTO_REDIRECT] Récupération vers https://www.leclercdrive.fr
[13:08:01] [WEBVIEW_NAV] URL: https://www.leclercdrive.fr/PageDir/pgeWCSD002_Erreur.aspx?m=&nopr=&l=fr-FR&u=2&s=15000&v=15501&q=1&fromJsWCTD610=1
[13:08:01] [WEBVIEW_NAV] URL: https://www.leclercdrive.fr/
[13:08:01] [AUTO_REDIRECT] Récupération vers https://www.leclercdrive.fr
[13:08:01] [WEBVIEW_NAV] URL: https://www.leclercdrive.fr/
[13:08:01] [WEBVIEW_NAV] URL: https://www.leclercdrive.fr/PageDir/pgeWCSD002_Erreur.aspx?m=&nopr=&l=fr-FR&u=2&s=15000&v=15501&q=1&fromJsWCTD610=1
[13:08:01] [AUTO_REDIRECT] Récupération vers https://www.leclercdrive.fr
[13:08:01] [WEBVIEW_NAV] URL: https://www.leclercdrive.fr/PageDir/pgeWCSD002_Erreur.aspx?m=&nopr=&l=fr-FR&u=2&s=15000&v=15501&q=1&fromJsWCTD610=1
[13:08:01] [AUTO_REDIRECT] Récupération vers https://www.leclercdrive.fr
[13:08:01] [WEBVIEW_NAV] URL: https://www.leclercdrive.fr/
[13:08:01] [WEBVIEW_NAV] URL: https://www.leclercdrive.fr/
[13:08:01] [WEBVIEW_NAV] URL: https://www.leclercdrive.fr/PageDir/pgeWCSD002_Erreur.aspx?m=&nopr=&l=fr-FR&u=2&s=15000&v=15501&q=1&fromJsWCTD610=1
[13:08:01] [AUTO_REDIRECT] Récupération vers https://www.leclercdrive.fr
[13:08:01] [WEBVIEW_NAV] URL: https://www.leclercdrive.fr/PageDir/pgeWCSD002_Erreur.aspx?m=&nopr=&l=fr-FR&u=2&s=15000&v=15501&q=1&fromJsWCTD610=1
[13:08:01] [AUTO_REDIRECT] Récupération vers https://www.leclercdrive.fr
[13:08:01] [WEBVIEW_NAV] URL: https://www.leclercdrive.fr/
[13:08:01] [WEBVIEW_NAV] URL: https://www.leclercdrive.fr/
[13:08:01] [WEBVIEW_NAV] URL: https://www.leclercdrive.fr/PageDir/pgeWCSD002_Erreur.aspx?m=&nopr=&l=fr-FR&u=2&s=15000&v=15501&q=1&fromJsWCTD610=1
[13:08:01] [AUTO_REDIRECT] Récupération vers https://www.leclercdrive.fr
[13:08:01] [AUTO_REDIRECT] Récupération vers https://www.leclercdrive.fr
[13:08:01] [WEBVIEW_NAV] URL: https://www.leclercdrive.fr/PageDir/pgeWCSD002_Erreur.aspx?m=&nopr=&l=fr-FR&u=2&s=15000&v=15501&q=1&fromJsWCTD610=1
[13:08:01] [WEBVIEW_NAV] URL: https://www.leclercdrive.fr/
[13:08:01] [WEBVIEW_NAV] URL: https://www.leclercdrive.fr/
[13:08:01] [AUTO_REDIRECT] Récupération vers https://www.leclercdrive.fr
[13:08:01] [WEBVIEW_NAV] URL: https://www.leclercdrive.fr/PageDir/pgeWCSD002_Erreur.aspx?m=&nopr=&l=fr-FR&u=2&s=15000&v=15501&q=1&fromJsWCTD610=1
[13:08:01] [WEBVIEW_NAV] URL: https://www.leclercdrive.fr/PageDir/pgeWCSD002_Erreur.aspx?m=&nopr=&l=fr-FR&u=2&s=15000&v=15501&q=1&fromJsWCTD610=1
[13:08:01] [AUTO_REDIRECT] Récupération vers https://www.leclercdrive.fr
[13:08:01] [WEBVIEW_NAV] URL: https://www.leclercdrive.fr/
[13:08:01] [WEBVIEW_NAV] URL: https://www.leclercdrive.fr/
[13:08:01] [WEBVIEW_NAV] URL: https://www.leclercdrive.fr/PageDir/pgeWCSD002_Erreur.aspx?m=&nopr=&l=fr-FR&u=2&s=15000&v=15501&q=1&fromJsWCTD610=1
[13:08:01] [AUTO_REDIRECT] Récupération vers https://www.leclercdrive.fr
[13:08:01] [AUTO_REDIRECT] Récupération vers https://www.leclercdrive.fr
[13:08:01] [WEBVIEW_NAV] URL: https://www.leclercdrive.fr/PageDir/pgeWCSD002_Erreur.aspx?m=&nopr=&l=fr-FR&u=2&s=15000&v=15501&q=1&fromJsWCTD610=1
[13:08:01] [WEBVIEW_NAV] URL: https://www.leclercdrive.fr/
[13:08:01] [WEBVIEW_NAV] URL: https://www.leclercdrive.fr/
[13:08:01] [AUTO_REDIRECT] Récupération vers https://www.leclercdrive.fr
[13:08:01] [WEBVIEW_NAV] URL: https://www.leclercdrive.fr/PageDir/pgeWCSD002_Erreur.aspx?m=&nopr=&l=fr-FR&u=2&s=15000&v=15501&q=1&fromJsWCTD610=1
[13:08:01] [WEBVIEW_NAV] URL: https://www.leclercdrive.fr/PageDir/pgeWCSD002_Erreur.aspx?m=&nopr=&l=fr-FR&u=2&s=15000&v=15501&q=1&fromJsWCTD610=1
[13:08:01] [AUTO_REDIRECT] Récupération vers https://www.leclercdrive.fr
[13:08:01] [WEBVIEW_NAV] URL: https://www.leclercdrive.fr/
[13:08:01] [WEBVIEW_NAV] URL: https://www.leclercdrive.fr/
[13:08:01] [WEBVIEW_NAV] URL: https://www.leclercdrive.fr/PageDir/pgeWCSD002_Erreur.aspx?m=&nopr=&l=fr-FR&u=2&s=15000&v=15501&q=1&fromJsWCTD610=1
[13:08:01] [AUTO_REDIRECT] Récupération vers https://www.leclercdrive.fr
[13:08:01] [WEBVIEW_NAV] URL: https://www.leclercdrive.fr/PageDir/pgeWCSD002_Erreur.aspx?m=&nopr=&l=fr-FR&u=2&s=15000&v=15501&q=1&fromJsWCTD610=1
[13:08:01] [AUTO_REDIRECT] Récupération vers https://www.leclercdrive.fr
[13:08:01] [WEBVIEW_NAV] URL: https://www.leclercdrive.fr/
[13:08:01] [WEBVIEW_NAV] URL: https://www.leclercdrive.fr/PageDir/pgeWCSD002_Erreur.aspx?m=&nopr=&l=fr-FR&u=2&s=15000&v=15501&q=1&fromJsWCTD610=1
[13:08:01] [WEBVIEW_NAV] URL: https://www.leclercdrive.fr/
[13:08:01] [AUTO_REDIRECT] Récupération vers https://www.leclercdrive.fr
[13:08:01] [WEBVIEW_NAV] URL: https://www.leclercdrive.fr/PageDir/pgeWCSD002_Erreur.aspx?m=&nopr=&l=fr-FR&u=2&s=15000&v=15501&q=1&fromJsWCTD610=1
[13:08:01] [AUTO_REDIRECT] Récupération vers https://www.leclercdrive.fr
[13:08:01] [WEBVIEW_NAV] URL: https://www.leclercdrive.fr/
[13:08:01] [WEBVIEW_NAV] URL: https://www.leclercdrive.fr/
[13:08:01] [WEBVIEW_NAV] URL: https://www.leclercdrive.fr/PageDir/pgeWCSD002_Erreur.aspx?m=&nopr=&l=fr-FR&u=2&s=15000&v=15501&q=1&fromJsWCTD610=1
[13:08:01] [AUTO_REDIRECT] Récupération vers https://www.leclercdrive.fr
[13:08:01] [AUTO_REDIRECT] Récupération vers https://www.leclercdrive.fr
[13:08:01] [WEBVIEW_NAV] URL: https://www.leclercdrive.fr/PageDir/pgeWCSD002_Erreur.aspx?m=&nopr=&l=fr-FR&u=2&s=15000&v=15501&q=1&fromJsWCTD610=1
[13:08:01] [WEBVIEW_NAV] URL: https://www.leclercdrive.fr/
[13:08:01] [WEBVIEW_NAV] URL: https://www.leclercdrive.fr/
[13:08:01] [WEBVIEW_NAV] URL: https://www.leclercdrive.fr/PageDir/pgeWCSD002_Erreur.aspx?m=&nopr=&l=fr-FR&u=2&s=15000&v=15501&q=1&fromJsWCTD610=1
[13:08:01] [AUTO_REDIRECT] Récupération vers https://www.leclercdrive.fr
[13:08:01] [AUTO_REDIRECT] Récupération vers https://www.leclercdrive.fr
[13:08:01] [WEBVIEW_NAV] URL: https://www.leclercdrive.fr/PageDir/pgeWCSD002_Erreur.aspx?m=&nopr=&l=fr-FR&u=2&s=15000&v=15501&q=1&fromJsWCTD610=1
[13:08:01] [WEBVIEW_NAV] URL: https://www.leclercdrive.fr/
[13:08:01] [WEBVIEW_NAV] URL: https://www.leclercdrive.fr/
[13:08:01] [WEBVIEW_NAV] URL: https://www.leclercdrive.fr/PageDir/pgeWCSD002_Erreur.aspx?m=&nopr=&l=fr-FR&u=2&s=15000&v=15501&q=1&fromJsWCTD610=1
[13:08:01] [AUTO_REDIRECT] Récupération vers https://www.leclercdrive.fr
[13:08:01] [WEBVIEW_NAV] URL: https://www.leclercdrive.fr/PageDir/pgeWCSD002_Erreur.aspx?m=&nopr=&l=fr-FR&u=2&s=15000&v=15501&q=1&fromJsWCTD610=1
[13:08:01] [AUTO_REDIRECT] Récupération vers https://www.leclercdrive.fr
[13:08:01] [WEBVIEW_NAV] URL: https://www.leclercdrive.fr/
[13:08:01] [WEBVIEW_NAV] URL: https://www.leclercdrive.fr/
[13:08:01] [WEBVIEW_NAV] URL: https://www.leclercdrive.fr/PageDir/pgeWCSD002_Erreur.aspx?m=&nopr=&l=fr-FR&u=2&s=15000&v=15501&q=1&fromJsWCTD610=1
[13:08:01] [WEBVIEW_NAV] URL: https://www.leclercdrive.fr/
[13:08:01] [WEBVIEW_NAV] URL: https://www.leclercdrive.fr/PageDir/pgeWCSD002_Erreur.aspx?m=&nopr=&l=fr-FR&u=2&s=15000&v=15501&q=1&fromJsWCTD610=1
[13:08:01] [AUTO_REDIRECT] Récupération vers https://www.leclercdrive.fr
[13:08:01] [AUTO_REDIRECT] Récupération vers https://www.leclercdrive.fr
[13:08:01] [WEBVIEW_NAV] URL: https://www.leclercdrive.fr/
[13:08:01] [WEBVIEW_NAV] URL: https://www.leclercdrive.fr/
[13:08:01] [AUTO_REDIRECT] Récupération vers https://www.leclercdrive.fr
[13:08:01] [WEBVIEW_NAV] URL: https://www.leclercdrive.fr/PageDir/pgeWCSD002_Erreur.aspx?m=&nopr=&l=fr-FR&u=2&s=15000&v=15501&q=1&fromJsWCTD610=1
[13:08:01] [WEBVIEW_NAV] URL: https://www.leclercdrive.fr/PageDir/pgeWCSD002_Erreur.aspx?m=&nopr=&l=fr-FR&u=2&s=15000&v=15501&q=1&fromJsWCTD610=1
[13:08:01] [AUTO_REDIRECT] Récupération vers https://www.leclercdrive.fr
[13:08:01] [WEBVIEW_NAV] URL: https://www.leclercdrive.fr/
[13:08:01] [WEBVIEW_NAV] URL: https://www.leclercdrive.fr/PageDir/pgeWCSD002_Erreur.aspx?m=&nopr=&l=fr-FR&u=2&s=15000&v=15501&q=1&fromJsWCTD610=1
[13:08:01] [WEBVIEW_NAV] URL: https://www.leclercdrive.fr/
[13:08:01] [AUTO_REDIRECT] Récupération vers https://www.leclercdrive.fr
[13:08:01] [WEBVIEW_NAV] URL: https://www.leclercdrive.fr/PageDir/pgeWCSD002_Erreur.aspx?m=&nopr=&l=fr-FR&u=2&s=15000&v=15501&q=1&fromJsWCTD610=1
[13:08:01] [AUTO_REDIRECT] Récupération vers https://www.leclercdrive.fr
[13:08:01] [WEBVIEW_NAV] URL: https://www.leclercdrive.fr/
[13:08:01] [WEBVIEW_NAV] URL: https://www.leclercdrive.fr/
[13:08:01] [WEBVIEW_NAV] URL: https://www.leclercdrive.fr/PageDir/pgeWCSD002_Erreur.aspx?m=&nopr=&l=fr-FR&u=2&s=15000&v=15501&q=1&fromJsWCTD610=1
[13:08:01] [AUTO_REDIRECT] Récupération vers https://www.leclercdrive.fr
[13:08:01] [AUTO_REDIRECT] Récupération vers https://www.leclercdrive.fr
[13:08:01] [WEBVIEW_NAV] URL: https://www.leclercdrive.fr/PageDir/pgeWCSD002_Erreur.aspx?m=&nopr=&l=fr-FR&u=2&s=15000&v=15501&q=1&fromJsWCTD610=1
[13:08:01] [WEBVIEW_NAV] URL: https://www.leclercdrive.fr/
[13:08:01] [WEBVIEW_NAV] URL: https://www.leclercdrive.fr/
[13:08:01] [AUTO_REDIRECT] Récupération vers https://www.leclercdrive.fr
[13:08:01] [WEBVIEW_NAV] URL: https://www.leclercdrive.fr/PageDir/pgeWCSD002_Erreur.aspx?m=&nopr=&l=fr-FR&u=2&s=15000&v=15501&q=1&fromJsWCTD610=1
[13:08:01] [WEBVIEW_NAV] URL: https://www.leclercdrive.fr/PageDir/pgeWCSD002_Erreur.aspx?m=&nopr=&l=fr-FR&u=2&s=15000&v=15501&q=1&fromJsWCTD610=1
[13:08:01] [AUTO_REDIRECT] Récupération vers https://www.leclercdrive.fr
[13:08:01] [WEBVIEW_NAV] URL: https://www.leclercdrive.fr/
[13:08:01] [WEBVIEW_NAV] URL: https://www.leclercdrive.fr/
[13:08:01] [WEBVIEW_NAV] URL: https://www.leclercdrive.fr/PageDir/pgeWCSD002_Erreur.aspx?m=&nopr=&l=fr-FR&u=2&s=15000&v=15501&q=1&fromJsWCTD610=1
[13:08:01] [AUTO_REDIRECT] Récupération vers https://www.leclercdrive.fr
[13:08:01] [WEBVIEW_NAV] URL: https://www.leclercdrive.fr/PageDir/pgeWCSD002_Erreur.aspx?m=&nopr=&l=fr-FR&u=2&s=15000&v=15501&q=1&fromJsWCTD610=1
[13:08:01] [AUTO_REDIRECT] Récupération vers https://www.leclercdrive.fr
[13:08:01] [WEBVIEW_NAV] URL: https://www.leclercdrive.fr/
[13:08:01] [WEBVIEW_NAV] URL: https://www.leclercdrive.fr/
[13:08:01] [WEBVIEW_NAV] URL: https://www.leclercdrive.fr/PageDir/pgeWCSD002_Erreur.aspx?m=&nopr=&l=fr-FR&u=2&s=15000&v=15501&q=1&fromJsWCTD610=1
[13:08:01] [WEBVIEW_NAV] URL: https://www.leclercdrive.fr/PageDir/pgeWCSD002_Erreur.aspx?m=&nopr=&l=fr-FR&u=2&s=15000&v=15501&q=1&fromJsWCTD610=1
[13:08:01] [AUTO_REDIRECT] Récupération vers https://www.leclercdrive.fr
[13:08:01] [WEBVIEW_NAV] URL: https://www.leclercdrive.fr/
[13:08:01] [AUTO_REDIRECT] Récupération vers https://www.leclercdrive.fr
[13:08:01] [WEBVIEW_NAV] URL: https://www.leclercdrive.fr/
[13:08:01] [WEBVIEW_NAV] URL: https://www.leclercdrive.fr/PageDir/pgeWCSD002_Erreur.aspx?m=&nopr=&l=fr-FR&u=2&s=15000&v=15501&q=1&fromJsWCTD610=1
[13:08:01] [AUTO_REDIRECT] Récupération vers https://www.leclercdrive.fr
[13:08:01] [WEBVIEW_NAV] URL: https://www.leclercdrive.fr/PageDir/pgeWCSD002_Erreur.aspx?m=&nopr=&l=fr-FR&u=2&s=15000&v=15501&q=1&fromJsWCTD610=1
[13:08:01] [AUTO_REDIRECT] Récupération vers https://www.leclercdrive.fr
[13:08:01] [WEBVIEW_NAV] URL: https://www.leclercdrive.fr/
[13:08:01] [AUTO_REDIRECT] Récupération vers https://www.leclercdrive.fr
[13:08:01] [WEBVIEW_NAV] URL: https://www.leclercdrive.fr/PageDir/pgeWCSD002_Erreur.aspx?m=&nopr=&l=fr-FR&u=2&s=15000&v=15501&q=1&fromJsWCTD610=1
[13:08:01] [WEBVIEW_NAV] URL: https://www.leclercdrive.fr/PageDir/pgeWCSD002_Erreur.aspx?m=&nopr=&l=fr-FR&u=2&s=15000&v=15501&q=1&fromJsWCTD610=1
[13:08:01] [AUTO_REDIRECT] Récupération vers https://www.leclercdrive.fr
[13:08:01] [WEBVIEW_NAV] URL: https://www.leclercdrive.fr/
[13:08:01] [AUTO_REDIRECT] Récupération vers https://www.leclercdrive.fr
[13:08:01] [WEBVIEW_NAV] URL: https://www.leclercdrive.fr/
[13:08:01] [WEBVIEW_NAV] URL: https://www.leclercdrive.fr/PageDir/pgeWCSD002_Erreur.aspx?m=&nopr=&l=fr-FR&u=2&s=15000&v=15501&q=1&fromJsWCTD610=1
[13:08:01] [WEBVIEW_NAV] URL: https://www.leclercdrive.fr/PageDir/pgeWCSD002_Erreur.aspx?m=&nopr=&l=fr-FR&u=2&s=15000&v=15501&q=1&fromJsWCTD610=1
[13:08:01] [WEBVIEW_NAV] URL: https://www.leclercdrive.fr/
[13:08:01] [WEBVIEW_NAV] URL: https://www.leclercdrive.fr/
[13:08:01] [AUTO_REDIRECT] Récupération vers https://www.leclercdrive.fr
[13:08:01] [WEBVIEW_NAV] URL: https://www.leclercdrive.fr/PageDir/pgeWCSD002_Erreur.aspx?m=&nopr=&l=fr-FR&u=2&s=15000&v=15501&q=1&fromJsWCTD610=1
[13:08:01] [WEBVIEW_NAV] URL: https://www.leclercdrive.fr/PageDir/pgeWCSD002_Erreur.aspx?m=&nopr=&l=fr-FR&u=2&s=15000&v=15501&q=1&fromJsWCTD610=1
[13:08:01] [AUTO_REDIRECT] Récupération vers https://www.leclercdrive.fr
[13:08:01] [AUTO_REDIRECT] Récupération vers https://www.leclercdrive.fr
[13:08:02] [WEBVIEW_NAV] URL: https://www.leclercdrive.fr/
[13:08:02] [WEBVIEW_NAV] URL: https://www.leclercdrive.fr/
[13:08:02] [WEBVIEW_NAV] URL: https://www.leclercdrive.fr/PageDir/pgeWCSD002_Erreur.aspx?m=&nopr=&l=fr-FR&u=2&s=15000&v=15501&q=1&fromJsWCTD610=1
[13:08:02] [WEBVIEW_NAV] URL: https://www.leclercdrive.fr/
[13:08:02] [AUTO_REDIRECT] Récupération vers https://www.leclercdrive.fr
[13:08:02] [WEBVIEW_NAV] URL: https://www.leclercdrive.fr/PageDir/pgeWCSD002_Erreur.aspx?m=&nopr=&l=fr-FR&u=2&s=15000&v=15501&q=1&fromJsWCTD610=1
[13:08:02] [WEBVIEW_NAV] URL: https://www.leclercdrive.fr/
[13:08:02] [AUTO_REDIRECT] Récupération vers https://www.leclercdrive.fr
[13:08:02] [WEBVIEW_NAV] URL: https://www.leclercdrive.fr/
[13:08:02] [WEBVIEW_NAV] URL: https://www.leclercdrive.fr/PageDir/pgeWCSD002_Erreur.aspx?m=&nopr=&l=fr-FR&u=2&s=15000&v=15501&q=1&fromJsWCTD610=1
[13:08:02] [WEBVIEW_NAV] URL: https://www.leclercdrive.fr/PageDir/pgeWCSD002_Erreur.aspx?m=&nopr=&l=fr-FR&u=2&s=15000&v=15501&q=1&fromJsWCTD610=1
[13:08:02] [AUTO_REDIRECT] Récupération vers https://www.leclercdrive.fr
[13:08:02] [AUTO_REDIRECT] Récupération vers https://www.leclercdrive.fr
[13:08:02] [WEBVIEW_NAV] URL: https://www.leclercdrive.fr/
[13:08:02] [WEBVIEW_NAV] URL: https://www.leclercdrive.fr/
[13:08:02] [WEBVIEW_NAV] URL: https://www.leclercdrive.fr/PageDir/pgeWCSD002_Erreur.aspx?m=&nopr=&l=fr-FR&u=2&s=15000&v=15501&q=1&fromJsWCTD610=1
[13:08:02] [AUTO_REDIRECT] Récupération vers https://www.leclercdrive.fr
[13:08:02] [WEBVIEW_NAV] URL: https://www.leclercdrive.fr/PageDir/pgeWCSD002_Erreur.aspx?m=&nopr=&l=fr-FR&u=2&s=15000&v=15501&q=1&fromJsWCTD610=1
[13:08:02] [WEBVIEW_NAV] URL: https://www.leclercdrive.fr/
[13:08:02] [AUTO_REDIRECT] Récupération vers https://www.leclercdrive.fr
[13:08:02] [WEBVIEW_NAV] URL: https://www.leclercdrive.fr/
[13:08:02] [WEBVIEW_NAV] URL: https://www.leclercdrive.fr/PageDir/pgeWCSD002_Erreur.aspx?m=&nopr=&l=fr-FR&u=2&s=15000&v=15501&q=1&fromJsWCTD610=1
[13:08:02] [WEBVIEW_NAV] URL: https://www.leclercdrive.fr/PageDir/pgeWCSD002_Erreur.aspx?m=&nopr=&l=fr-FR&u=2&s=15000&v=15501&q=1&fromJsWCTD610=1
[13:08:02] [AUTO_REDIRECT] Récupération vers https://www.leclercdrive.fr
[13:08:02] [WEBVIEW_NAV] URL: https://www.leclercdrive.fr/
[13:08:02] [AUTO_REDIRECT] Récupération vers https://www.leclercdrive.fr
[13:08:02] [WEBVIEW_NAV] URL: https://www.leclercdrive.fr/PageDir/pgeWCSD002_Erreur.aspx?m=&nopr=&l=fr-FR&u=2&s=15000&v=15501&q=1&fromJsWCTD610=1
[13:08:02] [WEBVIEW_NAV] URL: https://www.leclercdrive.fr/
[13:08:02] [AUTO_REDIRECT] Récupération vers https://www.leclercdrive.fr
[13:08:02] [WEBVIEW_NAV] URL: https://www.leclercdrive.fr/PageDir/pgeWCSD002_Erreur.aspx?m=&nopr=&l=fr-FR&u=2&s=15000&v=15501&q=1&fromJsWCTD610=1
[13:08:02] [AUTO_REDIRECT] Récupération vers https://www.leclercdrive.fr
[13:08:02] [WEBVIEW_NAV] URL: https://www.leclercdrive.fr/PageDir/pgeWCSD002_Erreur.aspx?m=&nopr=&l=fr-FR&u=2&s=15000&v=15501&q=1&fromJsWCTD610=1
[13:08:02] [WEBVIEW_NAV] URL: https://www.leclercdrive.fr/
[13:08:02] [WEBVIEW_NAV] URL: https://www.leclercdrive.fr/
[13:08:02] [AUTO_REDIRECT] Récupération vers https://www.leclercdrive.fr
[13:08:02] [WEBVIEW_NAV] URL: https://www.leclercdrive.fr/PageDir/pgeWCSD002_Erreur.aspx?m=&nopr=&l=fr-FR&u=2&s=15000&v=15501&q=1&fromJsWCTD610=1
[13:08:02] [AUTO_REDIRECT] Récupération vers https://www.leclercdrive.fr
[13:08:02] [WEBVIEW_NAV] URL: https://www.leclercdrive.fr/
[13:08:02] [WEBVIEW_NAV] URL: https://www.leclercdrive.fr/
[13:08:02] [AUTO_REDIRECT] Récupération vers https://www.leclercdrive.fr
[13:08:02] [WEBVIEW_NAV] URL: https://www.leclercdrive.fr/PageDir/pgeWCSD002_Erreur.aspx?m=&nopr=&l=fr-FR&u=2&s=15000&v=15501&q=1&fromJsWCTD610=1
[13:08:02] [WEBVIEW_NAV] URL: https://www.leclercdrive.fr/PageDir/pgeWCSD002_Erreur.aspx?m=&nopr=&l=fr-FR&u=2&s=15000&v=15501&q=1&fromJsWCTD610=1
[13:08:02] [AUTO_REDIRECT] Récupération vers https://www.leclercdrive.fr
[13:08:02] [WEBVIEW_NAV] URL: https://www.leclercdrive.fr/
[13:08:02] [WEBVIEW_NAV] URL: https://www.leclercdrive.fr/
[13:08:02] [WEBVIEW_NAV] URL: https://www.leclercdrive.fr/PageDir/pgeWCSD002_Erreur.aspx?m=&nopr=&l=fr-FR&u=2&s=15000&v=15501&q=1&fromJsWCTD610=1
[13:08:02] [AUTO_REDIRECT] Récupération vers https://www.leclercdrive.fr
[13:08:02] [WEBVIEW_NAV] URL: https://www.leclercdrive.fr/PageDir/pgeWCSD002_Erreur.aspx?m=&nopr=&l=fr-FR&u=2&s=15000&v=15501&q=1&fromJsWCTD610=1
[13:08:02] [AUTO_REDIRECT] Récupération vers https://www.leclercdrive.fr
[13:08:02] [WEBVIEW_NAV] URL: https://www.leclercdrive.fr/
[13:08:02] [WEBVIEW_NAV] URL: https://www.leclercdrive.fr/
[13:08:02] [AUTO_REDIRECT] Récupération vers https://www.leclercdrive.fr
[13:08:02] [WEBVIEW_NAV] URL: https://www.leclercdrive.fr/PageDir/pgeWCSD002_Erreur.aspx?m=&nopr=&l=fr-FR&u=2&s=15000&v=15501&q=1&fromJsWCTD610=1
[13:08:02] [WEBVIEW_NAV] URL: https://www.leclercdrive.fr/PageDir/pgeWCSD002_Erreur.aspx?m=&nopr=&l=fr-FR&u=2&s=15000&v=15501&q=1&fromJsWCTD610=1
[13:08:02] [AUTO_REDIRECT] Récupération vers https://www.leclercdrive.fr
[13:08:02] [WEBVIEW_NAV] URL: https://www.leclercdrive.fr/
[13:08:02] [WEBVIEW_NAV] URL: https://www.leclercdrive.fr/
[13:08:02] [AUTO_REDIRECT] Récupération vers https://www.leclercdrive.fr
[13:08:02] [WEBVIEW_NAV] URL: https://www.leclercdrive.fr/PageDir/pgeWCSD002_Erreur.aspx?m=&nopr=&l=fr-FR&u=2&s=15000&v=15501&q=1&fromJsWCTD610=1
[13:08:02] [AUTO_REDIRECT] Récupération vers https://www.leclercdrive.fr
[13:08:02] [WEBVIEW_NAV] URL: https://www.leclercdrive.fr/PageDir/pgeWCSD002_Erreur.aspx?m=&nopr=&l=fr-FR&u=2&s=15000&v=15501&q=1&fromJsWCTD610=1
[13:08:02] [WEBVIEW_NAV] URL: https://www.leclercdrive.fr/
[13:08:02] [WEBVIEW_NAV] URL: https://www.leclercdrive.fr/
[13:08:02] [WEBVIEW_NAV] URL: https://www.leclercdrive.fr/PageDir/pgeWCSD002_Erreur.aspx?m=&nopr=&l=fr-FR&u=2&s=15000&v=15501&q=1&fromJsWCTD610=1
[13:08:02] [AUTO_REDIRECT] Récupération vers https://www.leclercdrive.fr
[13:08:02] [WEBVIEW_NAV] URL: https://www.leclercdrive.fr/PageDir/pgeWCSD002_Erreur.aspx?m=&nopr=&l=fr-FR&u=2&s=15000&v=15501&q=1&fromJsWCTD610=1
[13:08:02] [WEBVIEW_NAV] URL: https://www.leclercdrive.fr/
[13:08:02] [AUTO_REDIRECT] Récupération vers https://www.leclercdrive.fr
[13:08:02] [AUTO_REDIRECT] Récupération vers https://www.leclercdrive.fr
[13:08:02] [WEBVIEW_NAV] URL: https://www.leclercdrive.fr/PageDir/pgeWCSD002_Erreur.aspx?m=&nopr=&l=fr-FR&u=2&s=15000&v=15501&q=1&fromJsWCTD610=1
[13:08:02] [AUTO_REDIRECT] Récupération vers https://www.leclercdrive.fr
[13:08:02] [WEBVIEW_NAV] URL: https://www.leclercdrive.fr/PageDir/pgeWCSD002_Erreur.aspx?m=&nopr=&l=fr-FR&u=2&s=15000&v=15501&q=1&fromJsWCTD610=1
[13:08:02] [WEBVIEW_NAV] URL: https://www.leclercdrive.fr/
[13:08:02] [WEBVIEW_NAV] URL: https://www.leclercdrive.fr/
[13:08:02] [WEBVIEW_NAV] URL: https://www.leclercdrive.fr/PageDir/pgeWCSD002_Erreur.aspx?m=&nopr=&l=fr-FR&u=2&s=15000&v=15501&q=1&fromJsWCTD610=1
[13:08:02] [AUTO_REDIRECT] Récupération vers https://www.leclercdrive.fr
[13:08:02] [WEBVIEW_NAV] URL: https://www.leclercdrive.fr/PageDir/pgeWCSD002_Erreur.aspx?m=&nopr=&l=fr-FR&u=2&s=15000&v=15501&q=1&fromJsWCTD610=1
[13:08:02] [AUTO_REDIRECT] Récupération vers https://www.leclercdrive.fr
[13:08:02] [WEBVIEW_NAV] URL: https://www.leclercdrive.fr/
[13:08:02] [WEBVIEW_NAV] URL: https://www.leclercdrive.fr/
[13:08:02] [WEBVIEW_NAV] URL: https://www.leclercdrive.fr/PageDir/pgeWCSD002_Erreur.aspx?m=&nopr=&l=fr-FR&u=2&s=15000&v=15501&q=1&fromJsWCTD610=1
[13:08:02] [AUTO_REDIRECT] Récupération vers https://www.leclercdrive.fr
[13:08:02] [AUTO_REDIRECT] Récupération vers https://www.leclercdrive.fr
[13:08:02] [WEBVIEW_NAV] URL: https://www.leclercdrive.fr/PageDir/pgeWCSD002_Erreur.aspx?m=&nopr=&l=fr-FR&u=2&s=15000&v=15501&q=1&fromJsWCTD610=1
[13:08:02] [WEBVIEW_NAV] URL: https://www.leclercdrive.fr/
[13:08:02] [WEBVIEW_NAV] URL: https://www.leclercdrive.fr/
[13:08:02] [WEBVIEW_NAV] URL: https://www.leclercdrive.fr/PageDir/pgeWCSD002_Erreur.aspx?m=&nopr=&l=fr-FR&u=2&s=15000&v=15501&q=1&fromJsWCTD610=1
[13:08:02] [WEBVIEW_NAV] URL: https://www.leclercdrive.fr/PageDir/pgeWCSD002_Erreur.aspx?m=&nopr=&l=fr-FR&u=2&s=15000&v=15501&q=1&fromJsWCTD610=1
[13:08:02] [AUTO_REDIRECT] Récupération vers https://www.leclercdrive.fr
[13:08:02] [WEBVIEW_NAV] URL: https://www.leclercdrive.fr/
[13:08:02] [WEBVIEW_NAV] URL: https://www.leclercdrive.fr/PageDir/pgeWCSD002_Erreur.aspx?m=&nopr=&l=fr-FR&u=2&s=15000&v=15501&q=1&fromJsWCTD610=1
[13:08:02] [WEBVIEW_NAV] URL: https://www.leclercdrive.fr/
[13:08:02] [AUTO_REDIRECT] Récupération vers https://www.leclercdrive.fr
[13:08:02] [AUTO_REDIRECT] Récupération vers https://www.leclercdrive.fr
[13:08:02] [WEBVIEW_NAV] URL: https://www.leclercdrive.fr/
[13:08:02] [WEBVIEW_NAV] URL: https://www.leclercdrive.fr/PageDir/pgeWCSD002_Erreur.aspx?m=&nopr=&l=fr-FR&u=2&s=15000&v=15501&q=1&fromJsWCTD610=1
[13:08:02] [AUTO_REDIRECT] Récupération vers https://www.leclercdrive.fr
[13:08:02] [WEBVIEW_NAV] URL: https://www.leclercdrive.fr/
[13:08:02] [WEBVIEW_NAV] URL: https://www.leclercdrive.fr/PageDir/pgeWCSD002_Erreur.aspx?m=&nopr=&l=fr-FR&u=2&s=15000&v=15501&q=1&fromJsWCTD610=1
[13:08:02] [WEBVIEW_NAV] URL: https://www.leclercdrive.fr/PageDir/pgeWCSD002_Erreur.aspx?m=&nopr=&l=fr-FR&u=2&s=15000&v=15501&q=1&fromJsWCTD610=1
[13:08:02] [AUTO_REDIRECT] Récupération vers https://www.leclercdrive.fr
[13:08:02] [WEBVIEW_NAV] URL: https://www.leclercdrive.fr/
[13:08:02] [WEBVIEW_NAV] URL: https://www.leclercdrive.fr/PageDir/pgeWCSD002_Erreur.aspx?m=&nopr=&l=fr-FR&u=2&s=15000&v=15501&q=1&fromJsWCTD610=1
[13:08:02] [WEBVIEW_NAV] URL: https://www.leclercdrive.fr/
[13:08:02] [AUTO_REDIRECT] Récupération vers https://www.leclercdrive.fr
[13:08:02] [WEBVIEW_NAV] URL: https://www.leclercdrive.fr/
[13:08:02] [WEBVIEW_NAV] URL: https://www.leclercdrive.fr/PageDir/pgeWCSD002_Erreur.aspx?m=&nopr=&l=fr-FR&u=2&s=15000&v=15501&q=1&fromJsWCTD610=1
[13:08:02] [AUTO_REDIRECT] Récupération vers https://www.leclercdrive.fr
[13:08:02] [WEBVIEW_NAV] URL: https://www.leclercdrive.fr/
[13:08:02] [WEBVIEW_NAV] URL: https://www.leclercdrive.fr/PageDir/pgeWCSD002_Erreur.aspx?m=&nopr=&l=fr-FR&u=2&s=15000&v=15501&q=1&fromJsWCTD610=1
[13:08:02] [AUTO_REDIRECT] Récupération vers https://www.leclercdrive.fr
[13:08:02] [WEBVIEW_NAV] URL: https://www.leclercdrive.fr/PageDir/pgeWCSD002_Erreur.aspx?m=&nopr=&l=fr-FR&u=2&s=15000&v=15501&q=1&fromJsWCTD610=1
[13:08:02] [AUTO_REDIRECT] Récupération vers https://www.leclercdrive.fr
[13:08:02] [WEBVIEW_NAV] URL: https://www.leclercdrive.fr/
[13:08:02] [WEBVIEW_NAV] URL: https://www.leclercdrive.fr/PageDir/pgeWCSD002_Erreur.aspx?m=&nopr=&l=fr-FR&u=2&s=15000&v=15501&q=1&fromJsWCTD610=1
[13:08:02] [WEBVIEW_NAV] URL: https://www.leclercdrive.fr/
[13:08:02] [AUTO_REDIRECT] Récupération vers https://www.leclercdrive.fr
[13:08:02] [WEBVIEW_NAV] URL: https://www.leclercdrive.fr/PageDir/pgeWCSD002_Erreur.aspx?m=&nopr=&l=fr-FR&u=2&s=15000&v=15501&q=1&fromJsWCTD610=1
[13:08:02] [WEBVIEW_NAV] URL: https://www.leclercdrive.fr/
[13:08:02] [WEBVIEW_NAV] URL: https://www.leclercdrive.fr/
[13:08:02] [AUTO_REDIRECT] Récupération vers https://www.leclercdrive.fr
[13:08:19] [WEBVIEW_NAV] URL: https://www.leclercdrive.fr/
[13:08:20] [WEBVIEW_NAV] URL: https://www.leclercdrive.fr/
[13:08:21] [WEBVIEW_NAV] URL: https://www.leclercdrive.fr/PageDir/pgeWCSD002_Erreur.aspx?m=&nopr=&l=fr-FR&u=2&s=15000&v=15501&q=1&fromJsWCTD610=1
[13:08:21] [WEBVIEW_NAV] URL: https://www.leclercdrive.fr/PageDir/pgeWCSD002_Erreur.aspx?m=&nopr=&l=fr-FR&u=2&s=15000&v=15501&q=1&fromJsWCTD610=1
[13:09:07] [WEBVIEW_NAV] URL: https://www.e.leclerc/
[13:09:08] [WEBVIEW_NAV] URL: https://www.e.leclerc/
[13:09:08] [WEBVIEW_NAV] URL: https://www.e.leclerc/
[13:09:10] [WEBVIEW_NAV] URL: https://www.e.leclerc/
[13:09:23] [WEBVIEW_NAV] URL: https://www.e.leclerc/mag/e-leclerc-clichy-sous-bois
[13:09:23] [WEBVIEW_NAV] URL: https://www.e.leclerc/mag/e-leclerc-clichy-sous-bois
[13:09:23] [WEBVIEW_NAV] URL: https://www.e.leclerc/mag/e-leclerc-clichy-sous-bois
[13:09:24] [WEBVIEW_NAV] URL: https://www.e.leclerc/mag/e-leclerc-clichy-sous-bois
[13:09:38] [APP_START_SEARCH] Recherche: "Pains pita grecs moelleux" (E.Leclerc Drive) -> https://www.e.leclerc/recherche?q=Pains%20pita%20grecs%20moelleux
[13:09:44] [APP_START_SEARCH] Recherche: "Pain complet" (E.Leclerc Drive) -> https://www.e.leclerc/recherche?q=Pain%20complet
[13:09:46] [APP_START_SEARCH] Recherche: "Galettes de riz complet soufflé" (E.Leclerc Drive) -> https://www.e.leclerc/recherche?q=Galettes%20de%20riz%20complet%20souffl%C3%A9
[13:10:17] [WEBVIEW_NAV] URL: https://www.e.leclerc/
[13:10:18] [WEBVIEW_NAV] URL: https://www.e.leclerc/
[13:10:18] [WEBVIEW_NAV] URL: https://www.e.leclerc/
[13:10:20] [WEBVIEW_NAV] URL: https://www.e.leclerc/
[13:10:42] [WEBVIEW_NAV] URL: https://m-courses.leclercdrive.fr/
[13:10:42] [WEBVIEW_NAV] URL: https://m-courses.leclercdrive.fr/error.html
[13:10:42] [WEBVIEW_NAV] URL: https://www.leclercdrive.fr/PageDir/pgeWCSD002_Erreur.aspx
[13:10:43] [WEBVIEW_NAV] URL: https://www.leclercdrive.fr/PageDir/pgeWCSD002_Erreur.aspx
[13:10:59] [WEBVIEW_NAV] URL: https://www.leclercdrive.fr/
[13:11:00] [WEBVIEW_NAV] URL: https://www.leclercdrive.fr/
[13:11:00] [WEBVIEW_NAV] URL: https://www.leclercdrive.fr/PageDir/pgeWCSD002_Erreur.aspx?m=&nopr=&l=fr-FR&u=2&s=15000&v=15501&q=1&fromJsWCTD610=1
[13:11:00] [WEBVIEW_NAV] URL: https://www.leclercdrive.fr/PageDir/pgeWCSD002_Erreur.aspx?m=&nopr=&l=fr-FR&u=2&s=15000&v=15501&q=1&fromJsWCTD610=1
[13:11:04] [WEBVIEW_NAV] URL: https://www.leclercdrive.fr/
[13:11:05] [WEBVIEW_NAV] URL: https://www.leclercdrive.fr/
[13:11:05] [WEBVIEW_NAV] URL: https://www.leclercdrive.fr/PageDir/pgeWCSD002_Erreur.aspx?m=&nopr=&l=fr-FR&u=2&s=15000&v=15501&q=1&fromJsWCTD610=1
[13:11:05] [WEBVIEW_NAV] URL: https://www.leclercdrive.fr/PageDir/pgeWCSD002_Erreur.aspx?m=&nopr=&l=fr-FR&u=2&s=15000&v=15501&q=1&fromJsWCTD610=1
[13:11:34] [WEBVIEW_NAV] URL: https://www.e.leclerc/
[13:11:35] [WEBVIEW_NAV] URL: https://www.e.leclerc/
[13:11:35] [WEBVIEW_NAV] URL: https://www.e.leclerc/
[13:11:36] [WEBVIEW_NAV] URL: https://www.e.leclerc/
[13:11:42] [STORE_AUTO_DETECTED] https://www.e.leclerc/mag/e-leclerc-clichy-sous-bois
[13:11:42] [WEBVIEW_NAV] URL: https://www.e.leclerc/mag/e-leclerc-clichy-sous-bois
[13:11:42] [WEBVIEW_NAV] URL: https://www.e.leclerc/mag/e-leclerc-clichy-sous-bois
[13:11:42] [WEBVIEW_NAV] URL: https://www.e.leclerc/mag/e-leclerc-clichy-sous-bois
[13:11:42] [APP_START_SEARCH] Recherche: "Pains pita grecs moelleux" (E.Leclerc Drive) -> https://m-courses.leclercdrive.fr/recherche/Pains%20pita%20grecs%20moelleux
[13:11:42] [WEBVIEW_NAV] URL: https://www.e.leclerc/mag/e-leclerc-clichy-sous-bois
[13:11:42] [WEBVIEW_NAV] URL: https://m-courses.leclercdrive.fr/recherche/Pains%20pita%20grecs%20moelleux
[13:11:42] [WEBVIEW_NAV] URL: https://www.leclercdrive.fr/PageDir/pgeWCSD002_Erreur.aspx
[13:11:42] [WEBVIEW_NAV] URL: https://www.leclercdrive.fr/PageDir/pgeWCSD002_Erreur.aspx
[13:11:45] [WEBVIEW_NAV] URL: https://www.leclercdrive.fr/
[13:11:46] [WEBVIEW_NAV] URL: https://www.leclercdrive.fr/
[13:11:46] [WEBVIEW_NAV] URL: https://www.leclercdrive.fr/PageDir/pgeWCSD002_Erreur.aspx?m=&nopr=&l=fr-FR&u=2&s=15000&v=15501&q=1&fromJsWCTD610=1
[13:11:46] [WEBVIEW_NAV] URL: https://www.leclercdrive.fr/PageDir/pgeWCSD002_Erreur.aspx?m=&nopr=&l=fr-FR&u=2&s=15000&v=15501&q=1&fromJsWCTD610=1
[13:12:46] [WEBVIEW_NAV] URL: https://www.e.leclerc/
[13:12:46] [WEBVIEW_NAV] URL: https://www.e.leclerc/
[13:12:46] [WEBVIEW_NAV] URL: https://www.e.leclerc/
[13:12:47] [WEBVIEW_NAV] URL: https://www.e.leclerc/
[13:12:52] [STORE_SWITCHED] Passage à Carrefour Drive -> https://www.carrefour.fr/drive
[13:12:52] [WEBVIEW_NAV] URL: https://www.carrefour.fr/drive
[13:12:53] [WEBVIEW_NAV] URL: https://www.carrefour.fr/drive
[13:12:54] [APP_START_SEARCH] Recherche: "Pains pita grecs moelleux" (Carrefour Drive) -> https://www.carrefour.fr/s?q=Pains%20pita%20grecs%20moelleux
[13:12:55] [WEBVIEW_NAV] URL: https://www.carrefour.fr/s?q=Pains+pita+grecs+moelleux
[13:12:59] [WEBVIEW_NAV] URL: https://www.carrefour.fr/s?q=Pains+pita+grecs+moelleux
[13:13:02] [CHANGE_STORE_CLICKED] Changer de magasin pour Carrefour Drive -> https://www.carrefour.fr/drive
[13:13:02] [WEBVIEW_NAV] URL: https://www.carrefour.fr/drive
[13:13:04] [STORE_SWITCHED] Passage à E.Leclerc Drive -> https://www.e.leclerc
[13:13:04] [WEBVIEW_NAV] URL: https://www.e.leclerc/
[13:13:04] [WEBVIEW_NAV] URL: https://www.e.leclerc/
[13:13:04] [WEBVIEW_NAV] URL: https://www.e.leclerc/
[13:13:06] [WEBVIEW_NAV] URL: https://www.e.leclerc/
[13:13:09] [STORE_AUTO_DETECTED] https://www.e.leclerc/mag/e-leclerc-clichy-sous-bois
[13:13:09] [WEBVIEW_NAV] URL: https://www.e.leclerc/mag/e-leclerc-clichy-sous-bois
[13:13:09] [WEBVIEW_NAV] URL: https://www.e.leclerc/mag/e-leclerc-clichy-sous-bois
[13:13:09] [WEBVIEW_NAV] URL: https://www.e.leclerc/mag/e-leclerc-clichy-sous-bois
[13:13:09] [APP_START_SEARCH] Recherche: "Pains pita grecs moelleux" (E.Leclerc Drive) -> https://www.e.leclerc/recherche?q=Pains%20pita%20grecs%20moelleux
[13:13:09] [WEBVIEW_NAV] URL: https://www.e.leclerc/mag/e-leclerc-clichy-sous-bois
[13:13:09] [WEBVIEW_NAV] URL: https://www.e.leclerc/recherche?q=Pains%20pita%20grecs%20moelleux
[13:13:09] [WEBVIEW_NAV] URL: https://www.e.leclerc/recherche?q=Pains%20pita%20grecs%20moelleux
[13:13:09] [WEBVIEW_NAV] URL: https://www.e.leclerc/recherche?q=Pains%20pita%20grecs%20moelleux
[13:13:11] [WEBVIEW_NAV] URL: https://www.e.leclerc/recherche?q=Pains%20pita%20grecs%20moelleux
[13:13:14] [WEBVIEW_NAV] URL: https://www.e.leclerc/recherche?q=Pains%20pita%20grecs%20moelleux
[13:13:14] [WEBVIEW_NAV] URL: https://www.e.leclerc/recherche?q=Pains%20pita%20grecs%20moelleux
[13:13:14] [WEBVIEW_NAV] URL: https://www.e.leclerc/recherche?q=Pains%20pita%20grecs%20moelleux
[13:13:14] [WEBVIEW_NAV] URL: https://www.e.leclerc/recherche?q=Pains%20pita%20grecs%20moelleux
[13:13:14] [WEBVIEW_NAV] URL: https://www.e.leclerc/recherche?q=Pains%20pita%20grecs%20moelleux
[13:13:14] [WEBVIEW_NAV] URL: https://www.e.leclerc/recherche?q=Pains%20pita%20grecs%20moelleux
[13:13:14] [WEBVIEW_NAV] URL: https://www.e.leclerc/mag/e-leclerc-clichy-sous-bois
[13:13:39] [WEBVIEW_NAV] URL: https://www.e.leclerc/mag/e-leclerc-clichy-sous-bois
[13:13:39] [WEBVIEW_NAV] URL: https://www.e.leclerc/mag/e-leclerc-clichy-sous-bois
[13:13:39] [WEBVIEW_NAV] URL: https://www.e.leclerc/mag/e-leclerc-clichy-sous-bois
[13:13:39] [WEBVIEW_NAV] URL: https://www.e.leclerc/mag/e-leclerc-clichy-sous-bois
[13:13:39] [WEBVIEW_NAV] URL: https://www.e.leclerc/mag/e-leclerc-villeparisis
[13:13:49] [APP_START_SEARCH] Recherche: "Pain complet" (E.Leclerc Drive) -> https://www.e.leclerc/recherche?q=Pain%20complet
[13:13:49] [WEBVIEW_NAV] URL: https://www.e.leclerc/recherche?q=Pain%20complet
[13:13:50] [WEBVIEW_NAV] URL: https://www.e.leclerc/recherche?q=Pain%20complet
[13:13:50] [WEBVIEW_NAV] URL: https://www.e.leclerc/recherche?q=Pain%20complet
[13:13:52] [APP_START_SEARCH] Recherche: "Galettes de riz complet soufflé" (E.Leclerc Drive) -> https://www.e.leclerc/recherche?q=Galettes%20de%20riz%20complet%20souffl%C3%A9
[13:13:53] [WEBVIEW_NAV] URL: https://www.e.leclerc/recherche?q=Pain%20complet
[13:13:53] [WEBVIEW_NAV] URL: https://www.e.leclerc/recherche?q=Galettes%20de%20riz%20complet%20souffl%C3%A9
[13:13:54] [WEBVIEW_NAV] URL: https://www.e.leclerc/recherche?q=Galettes%20de%20riz%20complet%20souffl%C3%A9
[13:13:54] [WEBVIEW_NAV] URL: https://www.e.leclerc/recherche?q=Galettes%20de%20riz%20complet%20souffl%C3%A9
[13:13:58] [WEBVIEW_NAV] URL: https://www.e.leclerc/recherche?q=Galettes%20de%20riz%20complet%20souffl%C3%A9
[13:14:02] [CHANGE_STORE_CLICKED] Changer de magasin pour E.Leclerc Drive -> https://www.e.leclerc
[13:14:02] [WEBVIEW_NAV] URL: https://www.e.leclerc/
[13:14:02] [WEBVIEW_NAV] URL: https://www.e.leclerc/
[13:14:02] [WEBVIEW_NAV] URL: https://www.e.leclerc/
[13:14:03] [STORE_SWITCHED] Passage à Courses U Drive -> https://www.coursesu.com/drive
[13:14:03] [WEBVIEW_NAV] URL: https://www.coursesu.com/drive
[13:14:05] [WEBVIEW_NAV] URL: https://www.coursesu.com/drive
[13:14:11] [STORE_SWITCHED] Passage à Auchan Drive -> https://www.auchan.fr/drive
[13:14:12] [WEBVIEW_NAV] URL: https://www.auchan.fr/drive
[13:14:12] [WEBVIEW_NAV] URL: https://www.auchan.fr/drive
[13:14:16] [STORE_SWITCHED] Passage à Intermarché Drive -> https://www.intermarche.com/drive
[13:14:16] [WEBVIEW_NAV] URL: https://www.intermarche.com/drive
[13:14:17] [WEBVIEW_NAV] URL: https://www.intermarche.com/drive
[13:14:17] [WEBVIEW_NAV] URL: https://www.intermarche.com/drive
[13:14:17] [WEBVIEW_NAV] URL: https://www.intermarche.com/drive
[13:14:54] [STORE_SWITCHED] Passage à E.Leclerc Drive -> https://www.e.leclerc
[13:14:54] [WEBVIEW_NAV] URL: https://www.e.leclerc/
[13:14:55] [WEBVIEW_NAV] URL: https://www.e.leclerc/
[13:14:55] [WEBVIEW_NAV] URL: https://www.e.leclerc/
[13:15:00] [WEBVIEW_NAV] URL: https://www.e.leclerc/
[13:16:17] [WEBVIEW_NAV] URL: https://www.e.leclerc/
[13:16:18] [WEBVIEW_NAV] URL: https://www.e.leclerc/
[13:16:18] [WEBVIEW_NAV] URL: https://www.e.leclerc/
[13:16:23] [APP_START_SEARCH] Recherche: "Pains pita grecs moelleux" (E.Leclerc Drive) -> https://www.e.leclerc/recherche?q=Pains%20pita%20grecs%20moelleux
[13:16:24] [WEBVIEW_NAV] URL: https://www.e.leclerc/recherche?q=Pains%20pita%20grecs%20moelleux
[13:16:24] [WEBVIEW_NAV] URL: https://www.e.leclerc/recherche?q=Pains%20pita%20grecs%20moelleux
[13:16:24] [WEBVIEW_NAV] URL: https://www.e.leclerc/recherche?q=Pains%20pita%20grecs%20moelleux
[13:16:27] [WEBVIEW_NAV] URL: https://www.e.leclerc/recherche?q=Pains%20pita%20grecs%20moelleux
[13:16:27] [WEBVIEW_NAV] URL: https://www.e.leclerc/recherche?q=Pains%20pita%20grecs%20moelleux
[13:16:27] [WEBVIEW_NAV] URL: https://www.e.leclerc/recherche?q=Pains%20pita%20grecs%20moelleux
[13:16:27] [WEBVIEW_NAV] URL: https://www.e.leclerc/recherche?q=Pains%20pita%20grecs%20moelleux
[13:16:28] [WEBVIEW_NAV] URL: https://www.e.leclerc/recherche?q=Pains%20pita%20grecs%20moelleux
[13:16:28] [WEBVIEW_NAV] URL: https://www.e.leclerc/recherche?q=Pains%20pita%20grecs%20moelleux
[13:16:28] [WEBVIEW_NAV] URL: https://www.e.leclerc/recherche?q=Pains%20pita%20grecs%20moelleux
[13:16:29] [WEBVIEW_NAV] URL: https://www.e.leclerc/recherche?q=Pains%20pita%20grecs%20moelleux
[13:16:29] [WEBVIEW_NAV] URL: https://www.e.leclerc/recherche?q=Pains%20pita%20grecs%20moelleux
[14:33:38] [WEBVIEW_NAV] URL: https://www.leclercdrive.fr/
[14:33:39] [WEBVIEW_NAV] URL: https://www.leclercdrive.fr/
[14:33:39] [WEBVIEW_NAV] URL: https://www.leclercdrive.fr/PageDir/pgeWCSD002_Erreur.aspx?m=&nopr=&l=fr-FR&u=2&s=15000&v=15501&q=1&fromJsWCTD610=1
[14:33:39] [WEBVIEW_NAV] URL: https://www.leclercdrive.fr/PageDir/pgeWCSD002_Erreur.aspx?m=&nopr=&l=fr-FR&u=2&s=15000&v=15501&q=1&fromJsWCTD610=1
[14:33:53] [WEBVIEW_NAV] URL: https://www.leclercdrive.fr/
[14:33:54] [WEBVIEW_NAV] URL: https://www.leclercdrive.fr/
[14:33:55] [WEBVIEW_NAV] URL: https://www.leclercdrive.fr/PageDir/pgeWCSD002_Erreur.aspx?m=&nopr=&l=fr-FR&u=2&s=15000&v=15501&q=1&fromJsWCTD610=1
[14:33:55] [WEBVIEW_NAV] URL: https://www.leclercdrive.fr/PageDir/pgeWCSD002_Erreur.aspx?m=&nopr=&l=fr-FR&u=2&s=15000&v=15501&q=1&fromJsWCTD610=1
[14:34:05] [WEBVIEW_NAV] URL: https://www.leclercdrive.fr/
[14:34:05] [WEBVIEW_NAV] URL: https://www.leclercdrive.fr/
[14:34:07] [WEBVIEW_NAV] URL: https://www.leclercdrive.fr/PageDir/pgeWCSD002_Erreur.aspx?m=&nopr=&l=fr-FR&u=2&s=15000&v=15501&q=1&fromJsWCTD610=1
[14:34:07] [WEBVIEW_NAV] URL: https://www.leclercdrive.fr/PageDir/pgeWCSD002_Erreur.aspx?m=&nopr=&l=fr-FR&u=2&s=15000&v=15501&q=1&fromJsWCTD610=1
[14:34:24] [WEBVIEW_NAV] URL: https://www.e.leclerc/recherche?q=Bagel%20complet%20toast%C3%A9
[14:34:24] [WEBVIEW_NAV] URL: https://www.e.leclerc/recherche?q=Bagel%20complet%20toast%C3%A9
[14:34:24] [WEBVIEW_NAV] URL: https://www.e.leclerc/recherche?q=Bagel%20complet%20toast%C3%A9
[14:34:24] [WEBVIEW_NAV] URL: https://www.e.leclerc/recherche?q=Bagel%20complet%20toast%C3%A9
[14:34:24] [APP_START_SEARCH] Recherche: "Pains pita" (E.Leclerc Drive) -> https://www.e.leclerc/recherche?q=Pains%20pita
[14:34:24] [WEBVIEW_NAV] URL: https://www.e.leclerc/recherche?q=Bagel%20complet%20toast%C3%A9
[14:34:24] [WEBVIEW_NAV] URL: https://www.e.leclerc/recherche?q=Bagel%20complet%20toast%C3%A9
[14:34:24] [WEBVIEW_NAV] URL: https://www.e.leclerc/recherche?q=Pains%20pita
[14:34:24] [WEBVIEW_NAV] URL: https://www.e.leclerc/recherche?q=Pains%20pita
[14:34:24] [WEBVIEW_NAV] URL: https://www.e.leclerc/recherche?q=Pains%20pita
[14:34:24] [WEBVIEW_NAV] URL: https://www.e.leclerc/recherche?q=Pains%20pita
[14:34:24] [WEBVIEW_NAV] URL: https://www.e.leclerc/recherche?q=Pains%20pita
[14:34:24] [WEBVIEW_NAV] URL: https://www.e.leclerc/recherche?q=Pains%20pita
[14:34:24] [WEBVIEW_NAV] URL: https://www.e.leclerc/recherche?q=Pains%20pita
[14:34:24] [WEBVIEW_NAV] URL: https://www.e.leclerc/recherche?q=Pains%20pita
[14:34:24] [WEBVIEW_NAV] URL: https://www.e.leclerc/recherche?q=Pains%20pita
[14:34:24] [WEBVIEW_NAV] URL: https://www.e.leclerc/recherche?q=Pains%20pita
[14:34:24] [WEBVIEW_NAV] URL: https://www.e.leclerc/recherche?q=Pains%20pita
[14:34:24] [WEBVIEW_NAV] URL: https://www.leclercdrive.fr/
[14:34:24] [WEBVIEW_NAV] URL: https://www.leclercdrive.fr/
[14:34:24] [WEBVIEW_NAV] URL: https://www.leclercdrive.fr/PageDir/pgeWCSD002_Erreur.aspx?m=&nopr=&l=fr-FR&u=2&s=15000&v=15501&q=1&fromJsWCTD610=1
[14:34:24] [WEBVIEW_NAV] URL: https://www.leclercdrive.fr/PageDir/pgeWCSD002_Erreur.aspx?m=&nopr=&l=fr-FR&u=2&s=15000&v=15501&q=1&fromJsWCTD610=1
[14:34:28] [WEBVIEW_NAV] URL: https://www.leclercdrive.fr/
[14:34:29] [WEBVIEW_NAV] URL: https://www.leclercdrive.fr/
[14:34:30] [WEBVIEW_NAV] URL: https://www.leclercdrive.fr/PageDir/pgeWCSD002_Erreur.aspx?m=&nopr=&l=fr-FR&u=2&s=15000&v=15501&q=1&fromJsWCTD610=1
[14:34:30] [WEBVIEW_NAV] URL: https://www.leclercdrive.fr/PageDir/pgeWCSD002_Erreur.aspx?m=&nopr=&l=fr-FR&u=2&s=15000&v=15501&q=1&fromJsWCTD610=1
[14:35:18] [WEBVIEW_NAV] URL: https://www.leclercdrive.fr/
[14:35:19] [WEBVIEW_NAV] URL: https://www.leclercdrive.fr/
[14:35:26] [WEBVIEW_NAV] URL: https://www.leclercdrive.fr/
[14:35:27] [WEBVIEW_NAV] URL: https://www.leclercdrive.fr/
[14:37:00] [WEBVIEW_NAV] URL: https://www.leclercdrive.fr/
[14:37:01] [WEBVIEW_NAV] URL: https://www.leclercdrive.fr/
[14:37:13] [WEBVIEW_NAV] URL: https://www.leclercdrive.fr/#_divModalMagasin&089301
[14:37:13] [WEBVIEW_NAV] URL: https://www.leclercdrive.fr/#_divModalMagasin&089301
[14:37:16] [WEBVIEW_NAV] URL: https://m-courses.leclercdrive.fr/magasin-089301-089301-aulnay-sous-bois
[14:37:16] [STORE_AUTO_DETECTED] https://m-courses.leclercdrive.fr/magasin-089301-089301-aulnay-sous-bois
[14:37:16] [WEBVIEW_NAV] URL: https://m-courses.leclercdrive.fr/magasin-089301-089301-aulnay-sous-bois
[14:37:16] [WEBVIEW_NAV] URL: https://m-courses.leclercdrive.fr/magasin-089301-089301-aulnay-sous-bois
[14:37:16] [WEBVIEW_NAV] URL: https://m-courses.leclercdrive.fr/magasin-089301-089301-aulnay-sous-bois
[14:37:16] [APP_START_SEARCH] Recherche: "Bagel complet toasté" (E.Leclerc Drive) -> https://m-courses.leclercdrive.fr/magasin-089301-089301-aulnay-sous-bois/recherche/Bagel%20complet%20toast%C3%A9
[14:37:17] [WEBVIEW_NAV] URL: https://m-courses.leclercdrive.fr/magasin-089301-089301-aulnay-sous-bois/recherche/Bagel%20complet%20toast%C3%A9
[14:37:17] [WEBVIEW_NAV] URL: https://m-courses.leclercdrive.fr/magasin-089301-089301-aulnay-sous-bois/recherche/Bagel%20complet%20toast%C3%A9
[14:37:17] [WEBVIEW_NAV] URL: https://m-courses.leclercdrive.fr/magasin-089301-089301-aulnay-sous-bois/recherche/Bagel%20complet%20toast%C3%A9
[14:37:19] [WEBVIEW_NAV] URL: https://m-courses.leclercdrive.fr/magasin-089301-089301-aulnay-sous-bois/recherche/Bagel%20complet%20toast%C3%A9
[14:37:22] [APP_START_SEARCH] Recherche: "Pains pita" (E.Leclerc Drive) -> https://m-courses.leclercdrive.fr/magasin-089301-089301-aulnay-sous-bois/recherche/Pains%20pita
[14:37:55] [APP_START_SEARCH] Recherche: "brioche" (E.Leclerc Drive) -> https://m-courses.leclercdrive.fr/magasin-089301-089301-aulnay-sous-bois/recherche/brioche
[14:37:59] [APP_START_SEARCH] Recherche: "Yaourt blanc" (E.Leclerc Drive) -> https://m-courses.leclercdrive.fr/magasin-089301-089301-aulnay-sous-bois/recherche/Yaourt%20blanc
[14:38:43] [WEBVIEW_NAV] URL: https://www.leclercdrive.fr/
[14:38:46] [WEBVIEW_NAV] URL: https://www.leclercdrive.fr/
[14:38:55] [WEBVIEW_NAV] URL: https://www.leclercdrive.fr/#_divModalMagasin&089301
[14:38:55] [WEBVIEW_NAV] URL: https://www.leclercdrive.fr/#_divModalMagasin&089301
[14:38:58] [WEBVIEW_NAV] URL: https://m-courses.leclercdrive.fr/magasin-089301-089301-aulnay-sous-bois
[14:38:58] [STORE_AUTO_DETECTED] https://m-courses.leclercdrive.fr/magasin-089301-089301-aulnay-sous-bois
[14:38:58] [WEBVIEW_NAV] URL: https://m-courses.leclercdrive.fr/magasin-089301-089301-aulnay-sous-bois
[14:38:58] [WEBVIEW_NAV] URL: https://m-courses.leclercdrive.fr/magasin-089301-089301-aulnay-sous-bois
[14:38:58] [WEBVIEW_NAV] URL: https://m-courses.leclercdrive.fr/magasin-089301-089301-aulnay-sous-bois
[14:38:58] [APP_START_SEARCH] Recherche: "Bagel complet toasté" (E.Leclerc Drive) -> https://m-courses.leclercdrive.fr/magasin-089301-089301-aulnay-sous-bois/recherche.aspx?TexteRecherche=Bagel%20complet%20toast%C3%A9
[14:39:02] [APP_START_SEARCH] Recherche: "Pains pita" (E.Leclerc Drive) -> https://m-courses.leclercdrive.fr/magasin-089301-089301-aulnay-sous-bois/recherche.aspx?TexteRecherche=Pains%20pita
[14:39:05] [APP_START_SEARCH] Recherche: "brioche" (E.Leclerc Drive) -> https://m-courses.leclercdrive.fr/magasin-089301-089301-aulnay-sous-bois/recherche.aspx?TexteRecherche=brioche
[14:39:54] [WEBVIEW_NAV] URL: https://www.leclercdrive.fr/
[14:39:56] [WEBVIEW_NAV] URL: https://www.leclercdrive.fr/
[14:40:04] [WEBVIEW_NAV] URL: https://www.leclercdrive.fr/#_divModalMagasin&089301
[14:40:04] [WEBVIEW_NAV] URL: https://www.leclercdrive.fr/#_divModalMagasin&089301
[14:40:09] [WEBVIEW_NAV] URL: https://m-courses.leclercdrive.fr/magasin-089301-089301-aulnay-sous-bois
[14:40:09] [STORE_AUTO_DETECTED] https://m-courses.leclercdrive.fr/magasin-089301-089301-aulnay-sous-bois
[14:40:10] [WEBVIEW_NAV] URL: https://m-courses.leclercdrive.fr/magasin-089301-089301-aulnay-sous-bois
[14:40:10] [WEBVIEW_NAV] URL: https://m-courses.leclercdrive.fr/magasin-089301-089301-aulnay-sous-bois
[14:40:10] [WEBVIEW_NAV] URL: https://m-courses.leclercdrive.fr/magasin-089301-089301-aulnay-sous-bois
[14:40:10] [APP_START_SEARCH] Recherche: "Bagel complet toasté" (E.Leclerc Drive) -> https://m-courses.leclercdrive.fr/magasin-089301-089301-aulnay-sous-bois/recherche.aspx?TexteRecherche=Bagel%20complet%20toast%C3%A9
[14:40:10] [WEBVIEW_NAV] URL: https://m-courses.leclercdrive.fr/magasin-089301-089301-aulnay-sous-bois/recherche.aspx?TexteRecherche=Bagel%20complet%20toast%C3%A9
[14:40:10] [WEBVIEW_NAV] URL: https://m-courses.leclercdrive.fr/magasin-089301-089301-aulnay-sous-bois/recherche.aspx?TexteRecherche=Bagel%20complet%20toast%C3%A9
[14:40:10] [WEBVIEW_NAV] URL: https://m-courses.leclercdrive.fr/magasin-089301-089301-aulnay-sous-bois/recherche.aspx?TexteRecherche=Bagel%20complet%20toast%C3%A9
[14:40:10] [WEBVIEW_NAV] URL: https://m-courses.leclercdrive.fr/magasin-089301-089301-aulnay-sous-bois/recherche.aspx?TexteRecherche=Bagel%20complet%20toast%C3%A9
[14:40:14] [APP_START_SEARCH] Recherche: "Pains pita" (E.Leclerc Drive) -> https://m-courses.leclercdrive.fr/magasin-089301-089301-aulnay-sous-bois/recherche.aspx?TexteRecherche=Pains%20pita
[14:40:15] [WEBVIEW_NAV] URL: https://m-courses.leclercdrive.fr/magasin-089301-089301-aulnay-sous-bois/recherche.aspx?TexteRecherche=Pains%20pita
[14:40:15] [WEBVIEW_NAV] URL: https://m-courses.leclercdrive.fr/magasin-089301-089301-aulnay-sous-bois/recherche.aspx?TexteRecherche=Pains%20pita
[14:40:15] [WEBVIEW_NAV] URL: https://m-courses.leclercdrive.fr/magasin-089301-089301-aulnay-sous-bois/recherche.aspx?TexteRecherche=Pains%20pita
[14:40:15] [WEBVIEW_NAV] URL: https://m-courses.leclercdrive.fr/magasin-089301-089301-aulnay-sous-bois/recherche.aspx?TexteRecherche=Pains%20pita
[14:40:32] [CHANGE_STORE_CLICKED] Changer de magasin pour E.Leclerc Drive -> https://www.leclercdrive.fr
[14:40:32] [WEBVIEW_NAV] URL: https://www.leclercdrive.fr/
[14:40:32] [APP_START_SEARCH] Recherche: "Pains pita" (E.Leclerc Drive) -> https://m-courses.leclercdrive.fr/magasin-089301-089301-aulnay-sous-bois/recherche.aspx?TexteRecherche=Pains%20pita
[14:40:32] [WEBVIEW_NAV] URL: https://www.leclercdrive.fr/
[14:40:32] [WEBVIEW_NAV] URL: https://m-courses.leclercdrive.fr/magasin-089301-089301-aulnay-sous-bois/recherche.aspx?TexteRecherche=Pains%20pita
[14:40:33] [WEBVIEW_NAV] URL: https://m-courses.leclercdrive.fr/magasin-089301-089301-aulnay-sous-bois/recherche.aspx?TexteRecherche=Pains%20pita
[14:40:33] [WEBVIEW_NAV] URL: https://m-courses.leclercdrive.fr/magasin-089301-089301-aulnay-sous-bois/recherche.aspx?TexteRecherche=Pains%20pita
[14:40:33] [WEBVIEW_NAV] URL: https://m-courses.leclercdrive.fr/magasin-089301-089301-aulnay-sous-bois/recherche.aspx?TexteRecherche=Pains%20pita
[14:40:34] [CHANGE_STORE_CLICKED] Changer de magasin pour E.Leclerc Drive -> https://www.leclercdrive.fr
[14:40:34] [WEBVIEW_NAV] URL: https://www.leclercdrive.fr/
[14:40:35] [STORE_SWITCHED] Passage à Carrefour Drive -> https://www.carrefour.fr/drive
[14:40:36] [WEBVIEW_NAV] URL: https://www.carrefour.fr/drive
[14:40:40] [DOM_STATUS] Title: Zut ! La biscotte est encore tombée du mauvais côté. | BodyHTML: 233695 | URL: https://www.carrefour.fr/drive
[14:40:40] [WEBVIEW_NAV] URL: https://www.carrefour.fr/drive
[14:40:42] [STORE_SWITCHED] Passage à Courses U Drive -> https://www.coursesu.com/drive
[14:40:43] [WEBVIEW_NAV] URL: https://www.coursesu.com/drive
[14:40:44] [DOM_STATUS] Title: drive - www.coursesu.com | BodyHTML: 115626 | URL: https://www.coursesu.com/drive
[14:40:44] [WEBVIEW_NAV] URL: https://www.coursesu.com/drive
[14:40:45] [WEBVIEW_NAV] URL: https://www.coursesu.com/drive
[14:40:45] [WEBVIEW_NAV] URL: https://www.coursesu.com/drive
[14:40:45] [WEBVIEW_NAV] URL: https://www.coursesu.com/drive
[14:40:45] [WEBVIEW_NAV] URL: https://www.coursesu.com/drive
[14:40:45] [WEBVIEW_NAV] URL: https://www.coursesu.com/drive
[14:40:45] [WEBVIEW_NAV] URL: https://www.coursesu.com/drive
[14:40:45] [WEBVIEW_NAV] URL: https://www.coursesu.com/drive
[14:40:45] [WEBVIEW_NAV] URL: https://www.coursesu.com/drive
[14:40:45] [WEBVIEW_NAV] URL: https://www.coursesu.com/drive
[14:40:45] [WEBVIEW_NAV] URL: https://www.coursesu.com/drive
[14:40:45] [WEBVIEW_NAV] URL: https://www.coursesu.com/drive
[14:40:45] [WEBVIEW_NAV] URL: https://www.coursesu.com/drive
[14:40:45] [WEBVIEW_NAV] URL: https://www.coursesu.com/drive
[14:40:45] [WEBVIEW_NAV] URL: https://www.coursesu.com/drive
[14:40:45] [WEBVIEW_NAV] URL: https://www.coursesu.com/drive
[14:40:45] [WEBVIEW_NAV] URL: https://www.coursesu.com/drive
[14:40:45] [WEBVIEW_NAV] URL: https://www.coursesu.com/drive
[14:40:45] [WEBVIEW_NAV] URL: https://www.coursesu.com/drive
[14:40:45] [WEBVIEW_NAV] URL: https://www.coursesu.com/drive
[14:40:45] [WEBVIEW_NAV] URL: https://www.coursesu.com/drive
[14:40:45] [WEBVIEW_NAV] URL: https://www.coursesu.com/drive
[14:40:45] [WEBVIEW_NAV] URL: https://www.coursesu.com/drive
[14:40:45] [WEBVIEW_NAV] URL: https://www.coursesu.com/drive
[14:40:45] [WEBVIEW_NAV] URL: https://www.coursesu.com/drive
[14:40:45] [WEBVIEW_NAV] URL: https://www.coursesu.com/drive
[14:40:45] [WEBVIEW_NAV] URL: https://www.coursesu.com/drive
[14:40:45] [WEBVIEW_NAV] URL: https://www.coursesu.com/drive
[14:40:45] [WEBVIEW_NAV] URL: https://www.coursesu.com/drive
[14:40:45] [WEBVIEW_NAV] URL: https://www.coursesu.com/drive
[14:40:45] [WEBVIEW_NAV] URL: https://www.coursesu.com/drive
[14:40:45] [WEBVIEW_NAV] URL: https://www.coursesu.com/drive
[14:40:45] [WEBVIEW_NAV] URL: https://www.coursesu.com/drive
[14:40:49] [STORE_SWITCHED] Passage à Auchan Drive -> https://www.auchan.fr/drive
[14:40:49] [WEBVIEW_NAV] URL: https://www.auchan.fr/drive
[14:40:50] [DOM_STATUS] Title: 404 Not Found Page | Auchan | BodyHTML: 117923 | URL: https://www.auchan.fr/drive
[14:40:50] [WEBVIEW_NAV] URL: https://www.auchan.fr/drive
[14:40:50] [STORE_SWITCHED] Passage à E.Leclerc Drive -> https://www.leclercdrive.fr
[14:40:50] [WEBVIEW_NAV] URL: https://www.leclercdrive.fr/
[14:40:53] [DOM_STATUS] Title: Courses en ligne : Livraison et courses Drive - E.Leclerc DRIVE | BodyHTML: 121546 | URL: https://www.leclercdrive.fr/
[14:40:53] [WEBVIEW_NAV] URL: https://www.leclercdrive.fr/
[14:41:11] [WEBVIEW_NAV] URL: https://www.leclercdrive.fr/#_divModalMagasin&089301
[14:41:11] [WEBVIEW_NAV] URL: https://www.leclercdrive.fr/#_divModalMagasin&089301
[14:41:13] [WEBVIEW_NAV] URL: https://m-courses.leclercdrive.fr/magasin-089301-089301-aulnay-sous-bois
[14:41:13] [STORE_AUTO_DETECTED] https://m-courses.leclercdrive.fr/magasin-089301-089301-aulnay-sous-bois
[14:41:13] [WEBVIEW_NAV] URL: https://m-courses.leclercdrive.fr/magasin-089301-089301-aulnay-sous-bois
[14:41:13] [WEBVIEW_NAV] URL: https://m-courses.leclercdrive.fr/magasin-089301-089301-aulnay-sous-bois
[14:41:13] [DOM_STATUS] Title: E.Leclerc Drive | BodyHTML: 2344 | URL: https://m-courses.leclercdrive.fr/magasin-089301-089301-aulnay-sous-bois
[14:41:13] [WEBVIEW_NAV] URL: https://m-courses.leclercdrive.fr/magasin-089301-089301-aulnay-sous-bois
[14:41:14] [APP_START_SEARCH] Recherche: "Pains pita" (E.Leclerc Drive) -> https://m-courses.leclercdrive.fr/magasin-089301-089301-aulnay-sous-bois/recherche.aspx?TexteRecherche=Pains%20pita
[14:41:14] [WEBVIEW_NAV] URL: https://m-courses.leclercdrive.fr/magasin-089301-089301-aulnay-sous-bois/recherche.aspx?TexteRecherche=Pains%20pita
[14:41:14] [DOM_STATUS] Title: E.Leclerc Drive | BodyHTML: 736 | URL: https://m-courses.leclercdrive.fr/magasin-089301-089301-aulnay-sous-bois/recherche.aspx?TexteRecherche=Pains%20pita
[14:41:14] [WEBVIEW_NAV] URL: https://m-courses.leclercdrive.fr/magasin-089301-089301-aulnay-sous-bois/recherche.aspx?TexteRecherche=Pains%20pita
[14:41:14] [WEBVIEW_NAV] URL: https://m-courses.leclercdrive.fr/magasin-089301-089301-aulnay-sous-bois/recherche.aspx?TexteRecherche=Pains%20pita
[14:41:14] [WEBVIEW_NAV] URL: https://m-courses.leclercdrive.fr/magasin-089301-089301-aulnay-sous-bois/recherche.aspx?TexteRecherche=Pains%20pita
[14:41:36] [WEBVIEW_NAV] URL: https://www.leclercdrive.fr/
[14:41:38] [DOM_STATUS] Title: Courses en ligne : Livraison et courses Drive - E.Leclerc DRIVE | BodyHTML: 121160 | URL: https://www.leclercdrive.fr/
[14:41:38] [WEBVIEW_NAV] URL: https://www.leclercdrive.fr/
[14:41:44] [WEBVIEW_NAV] URL: https://www.leclercdrive.fr/#_divModalMagasin&089301
[14:41:44] [WEBVIEW_NAV] URL: https://www.leclercdrive.fr/#_divModalMagasin&089301
[14:41:46] [WEBVIEW_NAV] URL: https://m-courses.leclercdrive.fr/magasin-089301-089301-aulnay-sous-bois
[14:41:46] [STORE_AUTO_DETECTED] https://m-courses.leclercdrive.fr/magasin-089301-089301-aulnay-sous-bois
[14:41:46] [DOM_STATUS] Title: E.Leclerc Drive | BodyHTML: 2344 | URL: https://m-courses.leclercdrive.fr/magasin-089301-089301-aulnay-sous-bois
[14:41:46] [WEBVIEW_NAV] URL: https://m-courses.leclercdrive.fr/magasin-089301-089301-aulnay-sous-bois
[14:41:46] [WEBVIEW_NAV] URL: https://m-courses.leclercdrive.fr/magasin-089301-089301-aulnay-sous-bois
[14:41:46] [WEBVIEW_NAV] URL: https://m-courses.leclercdrive.fr/magasin-089301-089301-aulnay-sous-bois
[14:41:46] [APP_START_SEARCH] Recherche: "Bagel complet toasté" (E.Leclerc Drive) -> https://m-courses.leclercdrive.fr/magasin-089301-089301-aulnay-sous-bois/recherche.aspx?TexteRecherche=Bagel%20complet%20toast%C3%A9
[14:41:47] [WEBVIEW_NAV] URL: https://m-courses.leclercdrive.fr/magasin-089301-089301-aulnay-sous-bois/recherche.aspx?TexteRecherche=Bagel%20complet%20toast%C3%A9
[14:41:47] [WEBVIEW_NAV] URL: https://m-courses.leclercdrive.fr/magasin-089301-089301-aulnay-sous-bois/recherche.aspx?TexteRecherche=Bagel%20complet%20toast%C3%A9
[14:41:47] [DOM_STATUS] Title: E.Leclerc Drive | BodyHTML: 736 | URL: https://m-courses.leclercdrive.fr/magasin-089301-089301-aulnay-sous-bois/recherche.aspx?TexteRecherche=Bagel%20complet%20toast%C3%A9
[14:41:47] [WEBVIEW_NAV] URL: https://m-courses.leclercdrive.fr/magasin-089301-089301-aulnay-sous-bois/recherche.aspx?TexteRecherche=Bagel%20complet%20toast%C3%A9
[14:41:47] [WEBVIEW_NAV] URL: https://m-courses.leclercdrive.fr/magasin-089301-089301-aulnay-sous-bois/recherche.aspx?TexteRecherche=Bagel%20complet%20toast%C3%A9
[14:42:24] [WEBVIEW_NAV] URL: https://m-courses.leclercdrive.fr/magasin-089301-089301-aulnay-sous-bois/recherche.aspx?TexteRecherche=Bagel%20complet%20toast%C3%A9
[14:42:24] [WEBVIEW_NAV] URL: https://m-courses.leclercdrive.fr/magasin-089301-089301-aulnay-sous-bois/recherche.aspx?TexteRecherche=Bagel%20complet%20toast%C3%A9
[14:42:24] [DOM_STATUS] Title: E.Leclerc Drive | BodyHTML: 736 | URL: https://m-courses.leclercdrive.fr/magasin-089301-089301-aulnay-sous-bois/recherche.aspx?TexteRecherche=Bagel%20complet%20toast%C3%A9 | Content: 
  <app-root ngcspnonce="myRandomNonceValue" ng-version="16.2.12"><router-outlet></router-outlet><div cwcrs343_pagenontrouvecomponent=""></div><!----><cwcrs337_modalfusionpanier><!----></cwcrs337_modalfusionpanier><cwcrs380_communiques><!----></cwcrs380_communiques><cwcrs384_pwabannierepushinstallation><!----><!----><!----></cwcrs384_pwabannierepushinstallation><cwcrs386_bandeaudhdc><!----></cwcrs386_bandeaudhdc></app-root>
<script src="../029001000/runtime.b7c4f7af5eaf9df4.js" type="module"></s
[14:42:25] [WEBVIEW_NAV] URL: https://m-courses.leclercdrive.fr/magasin-089301-089301-aulnay-sous-bois/recherche.aspx?TexteRecherche=Bagel%20complet%20toast%C3%A9
[14:42:25] [WEBVIEW_NAV] URL: https://m-courses.leclercdrive.fr/magasin-089301-089301-aulnay-sous-bois/recherche.aspx?TexteRecherche=Bagel%20complet%20toast%C3%A9
[14:42:38] [WEBVIEW_NAV] URL: https://m-courses.leclercdrive.fr/magasin-089301-089301-aulnay-sous-bois/recherche.aspx?TexteRecherche=Bagel%20complet%20toast%C3%A9
[14:42:38] [WEBVIEW_NAV] URL: https://m-courses.leclercdrive.fr/magasin-089301-089301-aulnay-sous-bois/recherche.aspx?TexteRecherche=Bagel%20complet%20toast%C3%A9
[14:42:38] [WEBVIEW_NAV] URL: https://m-courses.leclercdrive.fr/magasin-089301-089301-aulnay-sous-bois/recherche.aspx?TexteRecherche=Bagel%20complet%20toast%C3%A9
[14:42:38] [WEBVIEW_NAV] URL: https://m-courses.leclercdrive.fr/magasin-089301-089301-aulnay-sous-bois/recherche.aspx?TexteRecherche=Bagel%20complet%20toast%C3%A9
[14:42:38] [DOM_STATUS] Title: E.Leclerc Drive | BodyHTML: 736 | URL: https://m-courses.leclercdrive.fr/magasin-089301-089301-aulnay-sous-bois/recherche.aspx?TexteRecherche=Bagel%20complet%20toast%C3%A9 | Content: 
  <app-root ngcspnonce="myRandomNonceValue" ng-version="16.2.12"><router-outlet></router-outlet><div cwcrs343_pagenontrouvecomponent=""></div><!----><cwcrs337_modalfusionpanier><!----></cwcrs337_modalfusionpanier><cwcrs380_communiques><!----></cwcrs380_communiques><cwcrs384_pwabannierepushinstallation><!----><!----><!----></cwcrs384_pwabannierepushinstallation><cwcrs386_bandeaudhdc><!----></cwcrs386_bandeaudhdc></app-root>
<script src="../029001000/runtime.b7c4f7af5eaf9df4.js" type="module"></s
[14:42:41] [APP_START_SEARCH] Recherche: "Pains pita" (E.Leclerc Drive) -> https://m-courses.leclercdrive.fr/magasin-089301-089301-aulnay-sous-bois/recherche.aspx?TexteRecherche=Pains%20pita
[14:42:41] [WEBVIEW_NAV] URL: https://m-courses.leclercdrive.fr/magasin-089301-089301-aulnay-sous-bois/recherche.aspx?TexteRecherche=Pains%20pita
[14:42:42] [APP_START_SEARCH] Recherche: "brioche" (E.Leclerc Drive) -> https://m-courses.leclercdrive.fr/magasin-089301-089301-aulnay-sous-bois/recherche.aspx?TexteRecherche=brioche
[14:42:42] [INPUTS_FOUND] Inputs: 
[14:42:43] [WEBVIEW_NAV] URL: https://m-courses.leclercdrive.fr/magasin-089301-089301-aulnay-sous-bois/recherche.aspx?TexteRecherche=Pains%20pita
[14:42:43] [WEBVIEW_NAV] URL: https://m-courses.leclercdrive.fr/magasin-089301-089301-aulnay-sous-bois/recherche.aspx?TexteRecherche=Pains%20pita
[14:42:43] [WEBVIEW_NAV] URL: https://m-courses.leclercdrive.fr/magasin-089301-089301-aulnay-sous-bois/recherche.aspx?TexteRecherche=brioche
[14:42:43] [INPUTS_FOUND] Inputs: 
[14:42:43] [WEBVIEW_NAV] URL: https://m-courses.leclercdrive.fr/magasin-089301-089301-aulnay-sous-bois/recherche.aspx?TexteRecherche=brioche
[14:42:43] [WEBVIEW_NAV] URL: https://m-courses.leclercdrive.fr/magasin-089301-089301-aulnay-sous-bois/recherche.aspx?TexteRecherche=brioche
[14:42:44] [WEBVIEW_NAV] URL: https://m-courses.leclercdrive.fr/magasin-089301-089301-aulnay-sous-bois/recherche.aspx?TexteRecherche=brioche
[14:43:15] [WEBVIEW_NAV] URL: https://m-courses.leclercdrive.fr/magasin-089301-089301-aulnay-sous-bois/recherche.aspx?TexteRecherche=brioche
[14:43:15] [WEBVIEW_NAV] URL: https://m-courses.leclercdrive.fr/magasin-089301-089301-aulnay-sous-bois/recherche.aspx?TexteRecherche=brioche
[14:43:16] [WEBVIEW_NAV] URL: https://m-courses.leclercdrive.fr/magasin-089301-089301-aulnay-sous-bois/recherche.aspx?TexteRecherche=brioche
[14:43:16] [WEBVIEW_NAV] URL: https://m-courses.leclercdrive.fr/magasin-089301-089301-aulnay-sous-bois/recherche.aspx?TexteRecherche=brioche
[14:43:16] [ANGULAR_LINKS] URL: https://m-courses.leclercdrive.fr/magasin-089301-089301-aulnay-sous-bois/recherche.aspx?TexteRecherche=brioche | Elements: 
[14:43:18] [WEBVIEW_NAV] URL: https://m-courses.leclercdrive.fr/magasin-089301-089301-aulnay-sous-bois/recherche.aspx?TexteRecherche=brioche
[14:43:18] [WEBVIEW_NAV] URL: https://m-courses.leclercdrive.fr/magasin-089301-089301-aulnay-sous-bois/recherche.aspx?TexteRecherche=brioche
[14:43:19] [ANGULAR_LINKS] URL: https://m-courses.leclercdrive.fr/magasin-089301-089301-aulnay-sous-bois/recherche.aspx?TexteRecherche=brioche | Elements: 
[14:43:19] [WEBVIEW_NAV] URL: https://m-courses.leclercdrive.fr/magasin-089301-089301-aulnay-sous-bois/recherche.aspx?TexteRecherche=brioche
[14:43:19] [WEBVIEW_NAV] URL: https://m-courses.leclercdrive.fr/magasin-089301-089301-aulnay-sous-bois/recherche.aspx?TexteRecherche=brioche
[14:43:47] [APP_START_SEARCH] Recherche: "Yaourt blanc" (E.Leclerc Drive) -> https://m-courses.leclercdrive.fr/magasin-089301-089301-aulnay-sous-bois/recherche.aspx?TexteRecherche=Yaourt%20blanc
[14:43:47] [DOM_ELEMENTS] URL: https://m-courses.leclercdrive.fr/magasin-089301-089301-aulnay-sous-bois/recherche.aspx?TexteRecherche=Yaourt%20blanc | Elements (0): 
[14:43:48] [APP_START_SEARCH] Recherche: "Fromage à tartiner" (E.Leclerc Drive) -> https://m-courses.leclercdrive.fr/magasin-089301-089301-aulnay-sous-bois/recherche.aspx?TexteRecherche=Fromage%20%C3%A0%20tartiner
[14:43:48] [WEBVIEW_NAV] URL: https://m-courses.leclercdrive.fr/magasin-089301-089301-aulnay-sous-bois/recherche.aspx?TexteRecherche=Yaourt%20blanc
[14:43:48] [WEBVIEW_NAV] URL: https://m-courses.leclercdrive.fr/magasin-089301-089301-aulnay-sous-bois/recherche.aspx?TexteRecherche=Yaourt%20blanc
[14:43:48] [WEBVIEW_NAV] URL: https://m-courses.leclercdrive.fr/magasin-089301-089301-aulnay-sous-bois/recherche.aspx?TexteRecherche=Yaourt%20blanc
[14:43:48] [WEBVIEW_NAV] URL: https://m-courses.leclercdrive.fr/magasin-089301-089301-aulnay-sous-bois/recherche.aspx?TexteRecherche=Yaourt%20blanc
[14:43:48] [WEBVIEW_NAV] URL: https://m-courses.leclercdrive.fr/magasin-089301-089301-aulnay-sous-bois/recherche.aspx?TexteRecherche=Fromage%20%C3%A0%20tartiner
[14:43:48] [DOM_ELEMENTS] URL: https://m-courses.leclercdrive.fr/magasin-089301-089301-aulnay-sous-bois/recherche.aspx?TexteRecherche=Fromage%20%C3%A0%20tartiner | Elements (0): 
[14:43:49] [APP_START_SEARCH] Recherche: "Beurre menthe séchée & piment doux" (E.Leclerc Drive) -> https://courses.leclercdrive.fr/magasin-089301-089301-aulnay-sous-bois/recherche.aspx?TexteRecherche=Beurre%20menthe%20s%C3%A9ch%C3%A9e%20%26%20piment%20doux
[14:43:50] [DOM_ELEMENTS] URL: https://m-courses.leclercdrive.fr/magasin-089301-089301-aulnay-sous-bois/recherche.aspx?TexteRecherche=Fromage%20%C3%A0%20tartiner | Elements (986): button#close-pc-btn-handler[aria=Fermer le centre de préférences].ot-close-icon | input#ot-group-id-2[name=ot-group-id-2].category-switch-handler | input#ot-group-id-3[name=ot-group-id-3].category-switch-handler | input#ot-group-id-4[name=ot-group-id-4].category-switch-handler | button[aria=Back].ot-link-btn.back-btn-handler(Back Button) | input#vendor-search-handler[name=vendor-search-handler][ph=Rechercher...][aria=Recherche dans la liste des cookies]. | button#filter-btn-handler[aria=Filter].(Filter Button) | input#select-all-hosts-groups-handler. | input#select-all-vendor-groups-handler. | input#select-all-vendor-leg-handler. | button#clear-filters-handler.(Clear) | input#chkbox-id.category-filter-handler | button#filter-apply-handler.(Apply) | button#filter-cancel-handler.(Cancel) | button.save-preference-btn-handler.onetrust-close-btn-handler(Enregistrer les para) | button.ot-pc-refuse-all-handler(Tout refuser) | button#accept-recommended-btn-handler.(Tout accepter)
[14:43:50] [WEBVIEW_NAV] URL: https://m-courses.leclercdrive.fr/magasin-089301-089301-aulnay-sous-bois/recherche.aspx?TexteRecherche=Fromage%20%C3%A0%20tartiner
[14:43:50] [WEBVIEW_NAV] URL: https://m-courses.leclercdrive.fr/magasin-089301-089301-aulnay-sous-bois/recherche.aspx?TexteRecherche=Fromage%20%C3%A0%20tartiner
[14:43:50] [WEBVIEW_NAV] URL: https://m-courses.leclercdrive.fr/magasin-089301-089301-aulnay-sous-bois/recherche.aspx?TexteRecherche=Fromage%20%C3%A0%20tartiner
[14:43:50] [APP_START_SEARCH] Recherche: "œufs battus en neige ferme" (E.Leclerc Drive) -> https://courses.leclercdrive.fr/magasin-089301-089301-aulnay-sous-bois/recherche.aspx?TexteRecherche=%C5%93ufs%20battus%20en%20neige%20ferme
[14:43:50] [WEBVIEW_NAV] URL: https://courses.leclercdrive.fr/magasin-089301-089301-aulnay-sous-bois/recherche.aspx?TexteRecherche=Beurre%20menthe%20s%C3%A9ch%C3%A9e%20%26%20piment%20doux
[14:43:50] [WEBVIEW_NAV] URL: https://m-courses.leclercdrive.fr/magasin-089301/recherche/%c5%93ufs+battus+en+neige+ferme
[14:43:51] [WEBVIEW_NAV] URL: https://m-courses.leclercdrive.fr/magasin-089301/recherche/%C5%93ufs%2Bbattus%2Ben%2Bneige%2Bferme
[14:43:51] [WEBVIEW_NAV] URL: https://m-courses.leclercdrive.fr/magasin-089301/recherche/%C5%93ufs%2Bbattus%2Ben%2Bneige%2Bferme
[14:43:51] [DOM_ELEMENTS] URL: https://m-courses.leclercdrive.fr/magasin-089301/recherche/%C5%93ufs%2Bbattus%2Ben%2Bneige%2Bferme | Elements (0): 
[14:43:52] [DOM_ELEMENTS] URL: https://m-courses.leclercdrive.fr/magasin-089301/recherche/%C5%93ufs%2Bbattus%2Ben%2Bneige%2Bferme | Elements (210): a.header-recherche.ng-tns-c2599498770-0.ng-star-inserted | div.no-resultat-recherche(Aucun résultat ne co) | p.no-resultat-texte-recherche(Aucun résultat ne co) | header.en-tete-liste.recherche.ng-star-inserted
[14:43:54] [DOM_ELEMENTS] URL: https://m-courses.leclercdrive.fr/magasin-089301/recherche/%C5%93ufs%2Bbattus%2Ben%2Bneige%2Bferme | Elements (1199): a.header-recherche.ng-tns-c2599498770-0.ng-star-inserted | div.no-resultat-recherche(Aucun résultat ne co) | p.no-resultat-texte-recherche(Aucun résultat ne co) | header.en-tete-liste.recherche.ng-star-inserted | button#close-pc-btn-handler[aria=Fermer le centre de préférences].ot-close-icon | input#ot-group-id-2[name=ot-group-id-2].category-switch-handler | input#ot-group-id-3[name=ot-group-id-3].category-switch-handler | input#ot-group-id-4[name=ot-group-id-4].category-switch-handler | button[aria=Back].ot-link-btn.back-btn-handler(Back Button) | input#vendor-search-handler[name=vendor-search-handler][ph=Rechercher...][aria=Recherche dans la liste des cookies]. | button#filter-btn-handler[aria=Filter].(Filter Button) | input#select-all-hosts-groups-handler. | input#select-all-vendor-groups-handler. | input#select-all-vendor-leg-handler. | button#clear-filters-handler.(Clear) | input#chkbox-id.category-filter-handler | button#filter-apply-handler.(Apply) | button#filter-cancel-handler.(Cancel) | button.save-preference-btn-handler.onetrust-close-btn-handler(Enregistrer les para) | button.ot-pc-refuse-all-handler(Tout refuser) | button#accept-recommended-btn-handler.(Tout accepter)
[14:43:58] [APP_START_SEARCH] Recherche: "Œufs" (E.Leclerc Drive) -> https://courses.leclercdrive.fr/magasin-089301/recherche.aspx?TexteRecherche=%C5%92ufs
[14:43:58] [RECOVERING_FROM_ERROR_PAGE] https://courses.leclercdrive.fr/PageDir/pgeWCSD002_Erreur.aspx?m=&nopr=&l=fr-FR&u=0&s=_s_&v=_v_&q=1&sStatusCode=404
[14:43:58] [WEBVIEW_NAV] URL: https://courses.leclercdrive.fr/PageDir/pgeWCSD002_Erreur.aspx?m=&nopr=&l=fr-FR&u=0&s=_s_&v=_v_&q=1&sStatusCode=404
[14:43:59] [WEBVIEW_NAV] URL: https://www.leclercdrive.fr/
[14:44:00] [WEBVIEW_NAV] URL: https://www.leclercdrive.fr/
[14:44:01] [DOM_ELEMENTS] URL: https://www.leclercdrive.fr/ | Elements (2260): input#__EVENTTARGET[name=__EVENTTARGET]. | input#__EVENTARGUMENT[name=__EVENTARGUMENT]. | input#__VIEWSTATE[name=__VIEWSTATE]. | input#ctl00_Et[name=ctl00$Et]. | div#ctl00_main_divWPAD016_RechercheMagasin_React.composant_recherche_drive_react(Lancer la rechercheM) | input#wpad-recherche-magasin-input[ph=Où souhaitez-vous récupérer vos courses ?][aria=Où souhaitez-vous récupérer vos courses ? Saisir ville ou code postal].placeholder:iel-text-infomil-text-gray.iel-h-16.iel-w-full.iel-bg-white.iel-px-2.iel-text-sm.iel-leading-5 | button.iel-m-1.iel-flex.iel-shrink-0.iel-items-center.focus:iel-outline.focus:iel-outline-4.focus:iel-outline-black(Me géolocaliser) | div[aria=Précédent].owl-prev.disabled | div[aria=Suivant].owl-next | button#ctl00_ucWPAD005_Footer_btnWPAD320_SiteClassique.(Site classique) | input#txtWPAD313_Recherche[ph=Ville ou code postal]. | input#ctl00_ucWPAD005_RechercheMobile_WctlWCTD203_TextBox1[name=ctl00$ucWPAD005_RechercheMobile$WctlWCTD203_TextBox1][ph=Ville ou code postal].txtWPAD369_CodePostal.inpWCTD203_TextBox.placeholder.marquer | button.btn-leclerc.btn-mini.btn-blanc.active(Tous) | button.btn-leclerc.btn-mini.btn-blanc(Drive) | button.btn-leclerc.btn-mini.btn-blanc(Relais) | button.btn-leclerc.btn-mini.btn-blanc(Chez Moi) | input#ctl00_ucWPAD005_Connexion_tbWPAD326_Login[name=ctl00$ucWPAD005_Connexion$tbWPAD326_Login].input-large.tbWPAD326_Login.inputWCTD242_TextBox.placeholder.marquer | input#ctl00_ucWPAD005_Connexion_tbWPAD326_Mdp[name=ctl00$ucWPAD005_Connexion$tbWPAD326_Mdp].input-large.inputWCTD242_TextBox.placeholder.marquer | input#ctl00_ucWPAD005_Connexion_cbWPAD326_ResterConnecte[name=ctl00$ucWPAD005_Connexion$cbWPAD326_ResterConnecte]. | input#ctl00_ucWPAD005_MotDePasseOublie_tbWPAD328_Login[name=ctl00$ucWPAD005_MotDePasseOublie$tbWPAD328_Login].input-large.inputWCTD242_TextBox.placeholder.marquer | button#lienRenvoyerMailVerificationIdentite.lienTexte(Renvoyer l'e-mail) | button#ctl00_VerificationIdentite_continuer_WCLD003ValidationIdentite.bouton.bouton-bleu(J’ai confirmé mon e-) | button.mfaBoutonTitreAccordeon(Besoin d'aide ?) | input.otp-input | input.otp-input | input.otp-input | input.otp-input | input.otp-input | input.otp-input | input#deviceDeConfiance[name=deviceDeConfiance].
[14:44:02] [DOM_ELEMENTS] URL: https://www.leclercdrive.fr/ | Elements (2260): input#__EVENTTARGET[name=__EVENTTARGET]. | input#__EVENTARGUMENT[name=__EVENTARGUMENT]. | input#__VIEWSTATE[name=__VIEWSTATE]. | input#ctl00_Et[name=ctl00$Et]. | div#ctl00_main_divWPAD016_RechercheMagasin_React.composant_recherche_drive_react(Lancer la rechercheM) | input#wpad-recherche-magasin-input[ph=Où souhaitez-vous récupérer vos courses ?][aria=Où souhaitez-vous récupérer vos courses ? Saisir ville ou code postal].placeholder:iel-text-infomil-text-gray.iel-h-16.iel-w-full.iel-bg-white.iel-px-2.iel-text-sm.iel-leading-5 | button.iel-m-1.iel-flex.iel-shrink-0.iel-items-center.focus:iel-outline.focus:iel-outline-4.focus:iel-outline-black(Me géolocaliser) | div[aria=Précédent].owl-prev.disabled | div[aria=Suivant].owl-next | button#ctl00_ucWPAD005_Footer_btnWPAD320_SiteClassique.(Site classique) | input#txtWPAD313_Recherche[ph=Ville ou code postal]. | input#ctl00_ucWPAD005_RechercheMobile_WctlWCTD203_TextBox1[name=ctl00$ucWPAD005_RechercheMobile$WctlWCTD203_TextBox1][ph=Ville ou code postal].txtWPAD369_CodePostal.inpWCTD203_TextBox.placeholder.marquer | button.btn-leclerc.btn-mini.btn-blanc.active(Tous) | button.btn-leclerc.btn-mini.btn-blanc(Drive) | button.btn-leclerc.btn-mini.btn-blanc(Relais) | button.btn-leclerc.btn-mini.btn-blanc(Chez Moi) | input#ctl00_ucWPAD005_Connexion_tbWPAD326_Login[name=ctl00$ucWPAD005_Connexion$tbWPAD326_Login].input-large.tbWPAD326_Login.inputWCTD242_TextBox.placeholder.marquer | input#ctl00_ucWPAD005_Connexion_tbWPAD326_Mdp[name=ctl00$ucWPAD005_Connexion$tbWPAD326_Mdp].input-large.inputWCTD242_TextBox.placeholder.marquer | input#ctl00_ucWPAD005_Connexion_cbWPAD326_ResterConnecte[name=ctl00$ucWPAD005_Connexion$cbWPAD326_ResterConnecte]. | input#ctl00_ucWPAD005_MotDePasseOublie_tbWPAD328_Login[name=ctl00$ucWPAD005_MotDePasseOublie$tbWPAD328_Login].input-large.inputWCTD242_TextBox.placeholder.marquer | button#lienRenvoyerMailVerificationIdentite.lienTexte(Renvoyer l'e-mail) | button#ctl00_VerificationIdentite_continuer_WCLD003ValidationIdentite.bouton.bouton-bleu(J’ai confirmé mon e-) | button.mfaBoutonTitreAccordeon(Besoin d'aide ?) | input.otp-input | input.otp-input | input.otp-input | input.otp-input | input.otp-input | input.otp-input | input#deviceDeConfiance[name=deviceDeConfiance].
[14:44:04] [DOM_ELEMENTS] URL: https://www.leclercdrive.fr/ | Elements (2260): input#__EVENTTARGET[name=__EVENTTARGET]. | input#__EVENTARGUMENT[name=__EVENTARGUMENT]. | input#__VIEWSTATE[name=__VIEWSTATE]. | input#ctl00_Et[name=ctl00$Et]. | div#ctl00_main_divWPAD016_RechercheMagasin_React.composant_recherche_drive_react(Lancer la rechercheM) | input#wpad-recherche-magasin-input[ph=Où souhaitez-vous récupérer vos courses ?][aria=Où souhaitez-vous récupérer vos courses ? Saisir ville ou code postal].placeholder:iel-text-infomil-text-gray.iel-h-16.iel-w-full.iel-bg-white.iel-px-2.iel-text-sm.iel-leading-5 | button.iel-m-1.iel-flex.iel-shrink-0.iel-items-center.focus:iel-outline.focus:iel-outline-4.focus:iel-outline-black(Me géolocaliser) | div[aria=Précédent].owl-prev.disabled | div[aria=Suivant].owl-next | button#ctl00_ucWPAD005_Footer_btnWPAD320_SiteClassique.(Site classique) | input#txtWPAD313_Recherche[ph=Ville ou code postal]. | input#ctl00_ucWPAD005_RechercheMobile_WctlWCTD203_TextBox1[name=ctl00$ucWPAD005_RechercheMobile$WctlWCTD203_TextBox1][ph=Ville ou code postal].txtWPAD369_CodePostal.inpWCTD203_TextBox.placeholder.marquer | button.btn-leclerc.btn-mini.btn-blanc.active(Tous) | button.btn-leclerc.btn-mini.btn-blanc(Drive) | button.btn-leclerc.btn-mini.btn-blanc(Relais) | button.btn-leclerc.btn-mini.btn-blanc(Chez Moi) | input#ctl00_ucWPAD005_Connexion_tbWPAD326_Login[name=ctl00$ucWPAD005_Connexion$tbWPAD326_Login].input-large.tbWPAD326_Login.inputWCTD242_TextBox.placeholder.marquer | input#ctl00_ucWPAD005_Connexion_tbWPAD326_Mdp[name=ctl00$ucWPAD005_Connexion$tbWPAD326_Mdp].input-large.inputWCTD242_TextBox.placeholder.marquer | input#ctl00_ucWPAD005_Connexion_cbWPAD326_ResterConnecte[name=ctl00$ucWPAD005_Connexion$cbWPAD326_ResterConnecte]. | input#ctl00_ucWPAD005_MotDePasseOublie_tbWPAD328_Login[name=ctl00$ucWPAD005_MotDePasseOublie$tbWPAD328_Login].input-large.inputWCTD242_TextBox.placeholder.marquer | button#lienRenvoyerMailVerificationIdentite.lienTexte(Renvoyer l'e-mail) | button#ctl00_VerificationIdentite_continuer_WCLD003ValidationIdentite.bouton.bouton-bleu(J’ai confirmé mon e-) | button.mfaBoutonTitreAccordeon(Besoin d'aide ?) | input.otp-input | input.otp-input | input.otp-input | input.otp-input | input.otp-input | input.otp-input | input#deviceDeConfiance[name=deviceDeConfiance].
[14:44:04] [APP_START_SEARCH] Recherche: "Fromage type St-Moret" (E.Leclerc Drive) -> https://courses.leclercdrive.fr/magasin-089301/recherche.aspx?TexteRecherche=Fromage%20type%20St-Moret
[14:44:05] [WEBVIEW_NAV] URL: https://courses.leclercdrive.fr/PageDir/pgeWCSD002_Erreur.aspx?m=&nopr=&l=fr-FR&u=0&s=_s_&v=_v_&q=1&sStatusCode=404
[14:44:05] [RECOVERING_FROM_ERROR_PAGE] https://courses.leclercdrive.fr/PageDir/pgeWCSD002_Erreur.aspx?m=&nopr=&l=fr-FR&u=0&s=_s_&v=_v_&q=1&sStatusCode=404
[14:44:05] [DOM_ELEMENTS] URL: https://courses.leclercdrive.fr/PageDir/pgeWCSD002_Erreur.aspx?m=&nopr=&l=fr-FR&u=0&s=_s_&v=_v_&q=1&sStatusCode=404 | Elements (204): input#__EVENTTARGET[name=__EVENTTARGET]. | input#__EVENTARGUMENT[name=__EVENTARGUMENT]. | input#__VIEWSTATE[name=__VIEWSTATE]. | input#__VIEWSTATEGENERATOR[name=__VIEWSTATEGENERATOR]. | input#Et[name=Et].
[14:44:05] [RECOVERING_FROM_ERROR_PAGE] https://courses.leclercdrive.fr/PageDir/pgeWCSD002_Erreur.aspx?m=&nopr=&l=fr-FR&u=0&s=_s_&v=_v_&q=1&sStatusCode=404
[14:44:05] [WEBVIEW_NAV] URL: https://courses.leclercdrive.fr/PageDir/pgeWCSD002_Erreur.aspx?m=&nopr=&l=fr-FR&u=0&s=_s_&v=_v_&q=1&sStatusCode=404
[14:44:06] [WEBVIEW_NAV] URL: https://www.leclercdrive.fr/
[14:44:06] [DOM_ELEMENTS] URL: https://www.leclercdrive.fr/ | Elements (0): 
[14:44:07] [WEBVIEW_NAV] URL: https://www.leclercdrive.fr/
[14:44:07] [WEBVIEW_NAV] URL: https://www.leclercdrive.fr/
[14:44:09] [DOM_ELEMENTS] URL: https://www.leclercdrive.fr/ | Elements (2236): input#__EVENTTARGET[name=__EVENTTARGET]. | input#__EVENTARGUMENT[name=__EVENTARGUMENT]. | input#__VIEWSTATE[name=__VIEWSTATE]. | input#ctl00_Et[name=ctl00$Et]. | div#ctl00_main_divWPAD016_RechercheMagasin_React.composant_recherche_drive_react(Lancer la rechercheM) | input#wpad-recherche-magasin-input[ph=Où souhaitez-vous récupérer vos courses ?][aria=Où souhaitez-vous récupérer vos courses ? Saisir ville ou code postal].placeholder:iel-text-infomil-text-gray.iel-h-16.iel-w-full.iel-bg-white.iel-px-2.iel-text-sm.iel-leading-5 | button.iel-m-1.iel-flex.iel-shrink-0.iel-items-center.focus:iel-outline.focus:iel-outline-4.focus:iel-outline-black(Me géolocaliser) | div[aria=Précédent].owl-prev.disabled | div[aria=Suivant].owl-next | button#ctl00_ucWPAD005_Footer_btnWPAD320_SiteClassique.(Site classique) | input#txtWPAD313_Recherche[ph=Ville ou code postal]. | input#ctl00_ucWPAD005_RechercheMobile_WctlWCTD203_TextBox1[name=ctl00$ucWPAD005_RechercheMobile$WctlWCTD203_TextBox1][ph=Ville ou code postal].txtWPAD369_CodePostal.inpWCTD203_TextBox.placeholder.marquer | button.btn-leclerc.btn-mini.btn-blanc.active(Tous) | button.btn-leclerc.btn-mini.btn-blanc(Drive) | button.btn-leclerc.btn-mini.btn-blanc(Relais) | button.btn-leclerc.btn-mini.btn-blanc(Chez Moi) | input#ctl00_ucWPAD005_Connexion_tbWPAD326_Login[name=ctl00$ucWPAD005_Connexion$tbWPAD326_Login].input-large.tbWPAD326_Login.inputWCTD242_TextBox.placeholder | input#ctl00_ucWPAD005_Connexion_tbWPAD326_Mdp[name=ctl00$ucWPAD005_Connexion$tbWPAD326_Mdp].input-large.inputWCTD242_TextBox.placeholder | input#ctl00_ucWPAD005_Connexion_cbWPAD326_ResterConnecte[name=ctl00$ucWPAD005_Connexion$cbWPAD326_ResterConnecte]. | input#ctl00_ucWPAD005_MotDePasseOublie_tbWPAD328_Login[name=ctl00$ucWPAD005_MotDePasseOublie$tbWPAD328_Login].input-large.inputWCTD242_TextBox.placeholder | button#lienRenvoyerMailVerificationIdentite.lienTexte(Renvoyer l'e-mail) | button#ctl00_VerificationIdentite_continuer_WCLD003ValidationIdentite.bouton.bouton-bleu(J’ai confirmé mon e-) | button.mfaBoutonTitreAccordeon(Besoin d'aide ?) | input.otp-input | input.otp-input | input.otp-input | input.otp-input | input.otp-input | input.otp-input | input#deviceDeConfiance[name=deviceDeConfiance].
[14:44:10] [DOM_ELEMENTS] URL: https://www.leclercdrive.fr/ | Elements (2236): input#__EVENTTARGET[name=__EVENTTARGET]. | input#__EVENTARGUMENT[name=__EVENTARGUMENT]. | input#__VIEWSTATE[name=__VIEWSTATE]. | input#ctl00_Et[name=ctl00$Et]. | div#ctl00_main_divWPAD016_RechercheMagasin_React.composant_recherche_drive_react(Lancer la rechercheM) | input#wpad-recherche-magasin-input[ph=Où souhaitez-vous récupérer vos courses ?][aria=Où souhaitez-vous récupérer vos courses ? Saisir ville ou code postal].placeholder:iel-text-infomil-text-gray.iel-h-16.iel-w-full.iel-bg-white.iel-px-2.iel-text-sm.iel-leading-5 | button.iel-m-1.iel-flex.iel-shrink-0.iel-items-center.focus:iel-outline.focus:iel-outline-4.focus:iel-outline-black(Me géolocaliser) | div[aria=Précédent].owl-prev.disabled | div[aria=Suivant].owl-next | button#ctl00_ucWPAD005_Footer_btnWPAD320_SiteClassique.(Site classique) | input#txtWPAD313_Recherche[ph=Ville ou code postal]. | input#ctl00_ucWPAD005_RechercheMobile_WctlWCTD203_TextBox1[name=ctl00$ucWPAD005_RechercheMobile$WctlWCTD203_TextBox1][ph=Ville ou code postal].txtWPAD369_CodePostal.inpWCTD203_TextBox.placeholder.marquer | button.btn-leclerc.btn-mini.btn-blanc.active(Tous) | button.btn-leclerc.btn-mini.btn-blanc(Drive) | button.btn-leclerc.btn-mini.btn-blanc(Relais) | button.btn-leclerc.btn-mini.btn-blanc(Chez Moi) | input#ctl00_ucWPAD005_Connexion_tbWPAD326_Login[name=ctl00$ucWPAD005_Connexion$tbWPAD326_Login].input-large.tbWPAD326_Login.inputWCTD242_TextBox.placeholder | input#ctl00_ucWPAD005_Connexion_tbWPAD326_Mdp[name=ctl00$ucWPAD005_Connexion$tbWPAD326_Mdp].input-large.inputWCTD242_TextBox.placeholder | input#ctl00_ucWPAD005_Connexion_cbWPAD326_ResterConnecte[name=ctl00$ucWPAD005_Connexion$cbWPAD326_ResterConnecte]. | input#ctl00_ucWPAD005_MotDePasseOublie_tbWPAD328_Login[name=ctl00$ucWPAD005_MotDePasseOublie$tbWPAD328_Login].input-large.inputWCTD242_TextBox.placeholder | button#lienRenvoyerMailVerificationIdentite.lienTexte(Renvoyer l'e-mail) | button#ctl00_VerificationIdentite_continuer_WCLD003ValidationIdentite.bouton.bouton-bleu(J’ai confirmé mon e-) | button.mfaBoutonTitreAccordeon(Besoin d'aide ?) | input.otp-input | input.otp-input | input.otp-input | input.otp-input | input.otp-input | input.otp-input | input#deviceDeConfiance[name=deviceDeConfiance].
[14:44:11] [WEBVIEW_NAV] URL: https://www.leclercdrive.fr/
[14:44:49] [WEBVIEW_NAV] URL: https://www.leclercdrive.fr/
[14:44:55] [DOM_ELEMENTS] URL: https://www.leclercdrive.fr/ | Elements (2278): input#__EVENTTARGET[name=__EVENTTARGET]. | input#__EVENTARGUMENT[name=__EVENTARGUMENT]. | input#__VIEWSTATE[name=__VIEWSTATE]. | input#ctl00_Et[name=ctl00$Et]. | div#ctl00_main_divWPAD016_RechercheMagasin_React.composant_recherche_drive_react(Lancer la rechercheE) | input#wpad-recherche-magasin-input[ph=Où souhaitez-vous récupérer vos courses ?][aria=Où souhaitez-vous récupérer vos courses ? Saisir ville ou code postal].placeholder:iel-text-infomil-text-gray.iel-h-16.iel-w-full.iel-bg-white.iel-px-2.iel-text-sm.iel-leading-5 | button.iel-inset-y-0.iel-right-0.iel-m-1.iel-flex.iel-items-center.iel-px-[6px].focus:iel-outline.focus:iel-outline-4.focus:iel-outline-black(Effacer) | div[aria=Précédent].owl-prev.disabled | div[aria=Suivant].owl-next | button#ctl00_ucWPAD005_Footer_btnWPAD320_SiteClassique.(Site classique) | input#txtWPAD313_Recherche[ph=Ville ou code postal]. | input#ctl00_ucWPAD005_RechercheMobile_WctlWCTD203_TextBox1[name=ctl00$ucWPAD005_RechercheMobile$WctlWCTD203_TextBox1][ph=Ville ou code postal].txtWPAD369_CodePostal.inpWCTD203_TextBox.placeholder.marquer | button.btn-leclerc.btn-mini.btn-blanc.active(Tous) | button.btn-leclerc.btn-mini.btn-blanc(Drive) | button.btn-leclerc.btn-mini.btn-blanc(Relais) | button.btn-leclerc.btn-mini.btn-blanc(Chez Moi) | input#ctl00_ucWPAD005_Connexion_tbWPAD326_Login[name=ctl00$ucWPAD005_Connexion$tbWPAD326_Login].input-large.tbWPAD326_Login.inputWCTD242_TextBox.placeholder.marquer | input#ctl00_ucWPAD005_Connexion_tbWPAD326_Mdp[name=ctl00$ucWPAD005_Connexion$tbWPAD326_Mdp].input-large.inputWCTD242_TextBox.placeholder.marquer | input#ctl00_ucWPAD005_Connexion_cbWPAD326_ResterConnecte[name=ctl00$ucWPAD005_Connexion$cbWPAD326_ResterConnecte]. | input#ctl00_ucWPAD005_MotDePasseOublie_tbWPAD328_Login[name=ctl00$ucWPAD005_MotDePasseOublie$tbWPAD328_Login].input-large.inputWCTD242_TextBox.placeholder.marquer | button#lienRenvoyerMailVerificationIdentite.lienTexte(Renvoyer l'e-mail) | button#ctl00_VerificationIdentite_continuer_WCLD003ValidationIdentite.bouton.bouton-bleu(J’ai confirmé mon e-) | button.mfaBoutonTitreAccordeon(Besoin d'aide ?) | input.otp-input | input.otp-input | input.otp-input | input.otp-input | input.otp-input | input.otp-input | input#deviceDeConfiance[name=deviceDeConfiance].
[14:44:55] [WEBVIEW_NAV] URL: https://www.leclercdrive.fr/
[14:44:57] [DOM_ELEMENTS] URL: https://www.leclercdrive.fr/ | Elements (2278): input#__EVENTTARGET[name=__EVENTTARGET]. | input#__EVENTARGUMENT[name=__EVENTARGUMENT]. | input#__VIEWSTATE[name=__VIEWSTATE]. | input#ctl00_Et[name=ctl00$Et]. | div#ctl00_main_divWPAD016_RechercheMagasin_React.composant_recherche_drive_react(Livry-Gargan, Seine-) | input#wpad-recherche-magasin-input[ph=Où souhaitez-vous récupérer vos courses ?][aria=Où souhaitez-vous récupérer vos courses ? Saisir ville ou code postal].placeholder:iel-text-infomil-text-gray.iel-h-16.iel-w-full.iel-bg-white.iel-px-2.iel-text-sm.iel-leading-5 | button.iel-inset-y-0.iel-right-0.iel-m-1.iel-flex.iel-items-center.iel-px-[6px].focus:iel-outline.focus:iel-outline-4.focus:iel-outline-black(Effacer) | div[aria=Précédent].owl-prev.disabled | div[aria=Suivant].owl-next | button#ctl00_ucWPAD005_Footer_btnWPAD320_SiteClassique.(Site classique) | input#txtWPAD313_Recherche[ph=Ville ou code postal]. | input#ctl00_ucWPAD005_RechercheMobile_WctlWCTD203_TextBox1[name=ctl00$ucWPAD005_RechercheMobile$WctlWCTD203_TextBox1][ph=Ville ou code postal].txtWPAD369_CodePostal.inpWCTD203_TextBox.placeholder.marquer | button.btn-leclerc.btn-mini.btn-blanc.active(Tous) | button.btn-leclerc.btn-mini.btn-blanc(Drive) | button.btn-leclerc.btn-mini.btn-blanc(Relais) | button.btn-leclerc.btn-mini.btn-blanc(Chez Moi) | input#ctl00_ucWPAD005_Connexion_tbWPAD326_Login[name=ctl00$ucWPAD005_Connexion$tbWPAD326_Login].input-large.tbWPAD326_Login.inputWCTD242_TextBox.placeholder.marquer | input#ctl00_ucWPAD005_Connexion_tbWPAD326_Mdp[name=ctl00$ucWPAD005_Connexion$tbWPAD326_Mdp].input-large.inputWCTD242_TextBox.placeholder.marquer | input#ctl00_ucWPAD005_Connexion_cbWPAD326_ResterConnecte[name=ctl00$ucWPAD005_Connexion$cbWPAD326_ResterConnecte]. | input#ctl00_ucWPAD005_MotDePasseOublie_tbWPAD328_Login[name=ctl00$ucWPAD005_MotDePasseOublie$tbWPAD328_Login].input-large.inputWCTD242_TextBox.placeholder.marquer | button#lienRenvoyerMailVerificationIdentite.lienTexte(Renvoyer l'e-mail) | button#ctl00_VerificationIdentite_continuer_WCLD003ValidationIdentite.bouton.bouton-bleu(J’ai confirmé mon e-) | button.mfaBoutonTitreAccordeon(Besoin d'aide ?) | input.otp-input | input.otp-input | input.otp-input | input.otp-input | input.otp-input | input.otp-input | input#deviceDeConfiance[name=deviceDeConfiance].
[14:44:59] [DOM_ELEMENTS] URL: https://www.leclercdrive.fr/ | Elements (2260): input#__EVENTTARGET[name=__EVENTTARGET]. | input#__EVENTARGUMENT[name=__EVENTARGUMENT]. | input#__VIEWSTATE[name=__VIEWSTATE]. | input#ctl00_Et[name=ctl00$Et]. | div#ctl00_main_divWPAD016_RechercheMagasin_React.composant_recherche_drive_react(Lancer la rechercheM) | input#wpad-recherche-magasin-input[ph=Où souhaitez-vous récupérer vos courses ?][aria=Où souhaitez-vous récupérer vos courses ? Saisir ville ou code postal].placeholder:iel-text-infomil-text-gray.iel-h-16.iel-w-full.iel-bg-white.iel-px-2.iel-text-sm.iel-leading-5 | button.iel-m-1.iel-flex.iel-shrink-0.iel-items-center.focus:iel-outline.focus:iel-outline-4.focus:iel-outline-black(Me géolocaliser) | div[aria=Précédent].owl-prev.disabled | div[aria=Suivant].owl-next | button#ctl00_ucWPAD005_Footer_btnWPAD320_SiteClassique.(Site classique) | input#txtWPAD313_Recherche[ph=Ville ou code postal]. | input#ctl00_ucWPAD005_RechercheMobile_WctlWCTD203_TextBox1[name=ctl00$ucWPAD005_RechercheMobile$WctlWCTD203_TextBox1][ph=Ville ou code postal].txtWPAD369_CodePostal.inpWCTD203_TextBox.placeholder.marquer | button.btn-leclerc.btn-mini.btn-blanc.active(Tous) | button.btn-leclerc.btn-mini.btn-blanc(Drive) | button.btn-leclerc.btn-mini.btn-blanc(Relais) | button.btn-leclerc.btn-mini.btn-blanc(Chez Moi) | input#ctl00_ucWPAD005_Connexion_tbWPAD326_Login[name=ctl00$ucWPAD005_Connexion$tbWPAD326_Login].input-large.tbWPAD326_Login.inputWCTD242_TextBox.placeholder.marquer | input#ctl00_ucWPAD005_Connexion_tbWPAD326_Mdp[name=ctl00$ucWPAD005_Connexion$tbWPAD326_Mdp].input-large.inputWCTD242_TextBox.placeholder.marquer | input#ctl00_ucWPAD005_Connexion_cbWPAD326_ResterConnecte[name=ctl00$ucWPAD005_Connexion$cbWPAD326_ResterConnecte]. | input#ctl00_ucWPAD005_MotDePasseOublie_tbWPAD328_Login[name=ctl00$ucWPAD005_MotDePasseOublie$tbWPAD328_Login].input-large.inputWCTD242_TextBox.placeholder.marquer | button#lienRenvoyerMailVerificationIdentite.lienTexte(Renvoyer l'e-mail) | button#ctl00_VerificationIdentite_continuer_WCLD003ValidationIdentite.bouton.bouton-bleu(J’ai confirmé mon e-) | button.mfaBoutonTitreAccordeon(Besoin d'aide ?) | input.otp-input | input.otp-input | input.otp-input | input.otp-input | input.otp-input | input.otp-input | input#deviceDeConfiance[name=deviceDeConfiance].
[14:45:00] [WEBVIEW_NAV] URL: https://www.leclercdrive.fr/#_divModalMagasin&089301
[14:45:00] [WEBVIEW_NAV] URL: https://www.leclercdrive.fr/#_divModalMagasin&089301
[14:45:02] [WEBVIEW_NAV] URL: https://m-courses.leclercdrive.fr/magasin-089301-089301-aulnay-sous-bois
[14:45:02] [STORE_AUTO_DETECTED] https://m-courses.leclercdrive.fr/magasin-089301-089301-aulnay-sous-bois
[14:45:02] [DOM_ELEMENTS] URL: https://m-courses.leclercdrive.fr/magasin-089301-089301-aulnay-sous-bois | Elements (0): 
[14:45:02] [WEBVIEW_NAV] URL: https://m-courses.leclercdrive.fr/magasin-089301-089301-aulnay-sous-bois
[14:45:02] [WEBVIEW_NAV] URL: https://m-courses.leclercdrive.fr/magasin-089301-089301-aulnay-sous-bois
[14:45:02] [APP_START_SEARCH] Recherche: "Bagel complet toasté" (E.Leclerc Drive) -> https://courses.leclercdrive.fr/magasin-089301/recherche.aspx?TexteRecherche=Bagel%20complet%20toast%C3%A9
[14:45:03] [WEBVIEW_NAV] URL: https://m-courses.leclercdrive.fr/magasin-089301-089301-aulnay-sous-bois
[14:45:03] [DOM_ELEMENTS] URL: https://courses.leclercdrive.fr/PageDir/pgeWCSD002_Erreur.aspx?m=&nopr=&l=fr-FR&u=0&s=_s_&v=_v_&q=1&sStatusCode=404 | Elements (0): 
[14:45:03] [WEBVIEW_NAV] URL: https://courses.leclercdrive.fr/PageDir/pgeWCSD002_Erreur.aspx?m=&nopr=&l=fr-FR&u=0&s=_s_&v=_v_&q=1&sStatusCode=404
[14:45:03] [RECOVERING_FROM_ERROR_PAGE] https://courses.leclercdrive.fr/PageDir/pgeWCSD002_Erreur.aspx?m=&nopr=&l=fr-FR&u=0&s=_s_&v=_v_&q=1&sStatusCode=404
[14:45:03] [WEBVIEW_NAV] URL: https://courses.leclercdrive.fr/PageDir/pgeWCSD002_Erreur.aspx?m=&nopr=&l=fr-FR&u=0&s=_s_&v=_v_&q=1&sStatusCode=404
[14:45:03] [RECOVERING_FROM_ERROR_PAGE] https://courses.leclercdrive.fr/PageDir/pgeWCSD002_Erreur.aspx?m=&nopr=&l=fr-FR&u=0&s=_s_&v=_v_&q=1&sStatusCode=404
[14:45:03] [WEBVIEW_NAV] URL: https://www.leclercdrive.fr/
[14:45:05] [WEBVIEW_NAV] URL: https://www.leclercdrive.fr/
[14:45:05] [WEBVIEW_NAV] URL: https://www.leclercdrive.fr/
[14:45:05] [DOM_ELEMENTS] URL: https://www.leclercdrive.fr/ | Elements (126): input#__EVENTTARGET[name=__EVENTTARGET]. | input#__EVENTARGUMENT[name=__EVENTARGUMENT]. | input#__VIEWSTATE[name=__VIEWSTATE].
[14:45:06] [DOM_ELEMENTS] URL: https://www.leclercdrive.fr/ | Elements (2236): input#__EVENTTARGET[name=__EVENTTARGET]. | input#__EVENTARGUMENT[name=__EVENTARGUMENT]. | input#__VIEWSTATE[name=__VIEWSTATE]. | input#ctl00_Et[name=ctl00$Et]. | div#ctl00_main_divWPAD016_RechercheMagasin_React.composant_recherche_drive_react(Lancer la rechercheM) | input#wpad-recherche-magasin-input[ph=Où souhaitez-vous récupérer vos courses ?][aria=Où souhaitez-vous récupérer vos courses ? Saisir ville ou code postal].placeholder:iel-text-infomil-text-gray.iel-h-16.iel-w-full.iel-bg-white.iel-px-2.iel-text-sm.iel-leading-5 | button.iel-m-1.iel-flex.iel-shrink-0.iel-items-center.focus:iel-outline.focus:iel-outline-4.focus:iel-outline-black(Me géolocaliser) | div[aria=Précédent].owl-prev.disabled | div[aria=Suivant].owl-next | button#ctl00_ucWPAD005_Footer_btnWPAD320_SiteClassique.(Site classique) | input#txtWPAD313_Recherche[ph=Ville ou code postal]. | input#ctl00_ucWPAD005_RechercheMobile_WctlWCTD203_TextBox1[name=ctl00$ucWPAD005_RechercheMobile$WctlWCTD203_TextBox1][ph=Ville ou code postal].txtWPAD369_CodePostal.inpWCTD203_TextBox.placeholder.marquer | button.btn-leclerc.btn-mini.btn-blanc.active(Tous) | button.btn-leclerc.btn-mini.btn-blanc(Drive) | button.btn-leclerc.btn-mini.btn-blanc(Relais) | button.btn-leclerc.btn-mini.btn-blanc(Chez Moi) | input#ctl00_ucWPAD005_Connexion_tbWPAD326_Login[name=ctl00$ucWPAD005_Connexion$tbWPAD326_Login].input-large.tbWPAD326_Login.inputWCTD242_TextBox.placeholder | input#ctl00_ucWPAD005_Connexion_tbWPAD326_Mdp[name=ctl00$ucWPAD005_Connexion$tbWPAD326_Mdp].input-large.inputWCTD242_TextBox.placeholder | input#ctl00_ucWPAD005_Connexion_cbWPAD326_ResterConnecte[name=ctl00$ucWPAD005_Connexion$cbWPAD326_ResterConnecte]. | input#ctl00_ucWPAD005_MotDePasseOublie_tbWPAD328_Login[name=ctl00$ucWPAD005_MotDePasseOublie$tbWPAD328_Login].input-large.inputWCTD242_TextBox.placeholder | button#lienRenvoyerMailVerificationIdentite.lienTexte(Renvoyer l'e-mail) | button#ctl00_VerificationIdentite_continuer_WCLD003ValidationIdentite.bouton.bouton-bleu(J’ai confirmé mon e-) | button.mfaBoutonTitreAccordeon(Besoin d'aide ?) | input.otp-input | input.otp-input | input.otp-input | input.otp-input | input.otp-input | input.otp-input | input#deviceDeConfiance[name=deviceDeConfiance].
[14:45:07] [WEBVIEW_NAV] URL: https://www.leclercdrive.fr/
[14:45:08] [DOM_ELEMENTS] URL: https://www.leclercdrive.fr/ | Elements (2260): input#__EVENTTARGET[name=__EVENTTARGET]. | input#__EVENTARGUMENT[name=__EVENTARGUMENT]. | input#__VIEWSTATE[name=__VIEWSTATE]. | input#ctl00_Et[name=ctl00$Et]. | div#ctl00_main_divWPAD016_RechercheMagasin_React.composant_recherche_drive_react(Lancer la rechercheM) | input#wpad-recherche-magasin-input[ph=Où souhaitez-vous récupérer vos courses ?][aria=Où souhaitez-vous récupérer vos courses ? Saisir ville ou code postal].placeholder:iel-text-infomil-text-gray.iel-h-16.iel-w-full.iel-bg-white.iel-px-2.iel-text-sm.iel-leading-5 | button.iel-m-1.iel-flex.iel-shrink-0.iel-items-center.focus:iel-outline.focus:iel-outline-4.focus:iel-outline-black(Me géolocaliser) | div[aria=Précédent].owl-prev.disabled | div[aria=Suivant].owl-next | button#ctl00_ucWPAD005_Footer_btnWPAD320_SiteClassique.(Site classique) | input#txtWPAD313_Recherche[ph=Ville ou code postal]. | input#ctl00_ucWPAD005_RechercheMobile_WctlWCTD203_TextBox1[name=ctl00$ucWPAD005_RechercheMobile$WctlWCTD203_TextBox1][ph=Ville ou code postal].txtWPAD369_CodePostal.inpWCTD203_TextBox.placeholder.marquer | button.btn-leclerc.btn-mini.btn-blanc.active(Tous) | button.btn-leclerc.btn-mini.btn-blanc(Drive) | button.btn-leclerc.btn-mini.btn-blanc(Relais) | button.btn-leclerc.btn-mini.btn-blanc(Chez Moi) | input#ctl00_ucWPAD005_Connexion_tbWPAD326_Login[name=ctl00$ucWPAD005_Connexion$tbWPAD326_Login].input-large.tbWPAD326_Login.inputWCTD242_TextBox.placeholder.marquer | input#ctl00_ucWPAD005_Connexion_tbWPAD326_Mdp[name=ctl00$ucWPAD005_Connexion$tbWPAD326_Mdp].input-large.inputWCTD242_TextBox.placeholder.marquer | input#ctl00_ucWPAD005_Connexion_cbWPAD326_ResterConnecte[name=ctl00$ucWPAD005_Connexion$cbWPAD326_ResterConnecte]. | input#ctl00_ucWPAD005_MotDePasseOublie_tbWPAD328_Login[name=ctl00$ucWPAD005_MotDePasseOublie$tbWPAD328_Login].input-large.inputWCTD242_TextBox.placeholder.marquer | button#lienRenvoyerMailVerificationIdentite.lienTexte(Renvoyer l'e-mail) | button#ctl00_VerificationIdentite_continuer_WCLD003ValidationIdentite.bouton.bouton-bleu(J’ai confirmé mon e-) | button.mfaBoutonTitreAccordeon(Besoin d'aide ?) | input.otp-input | input.otp-input | input.otp-input | input.otp-input | input.otp-input | input.otp-input | input#deviceDeConfiance[name=deviceDeConfiance].
[14:45:10] [APP_START_SEARCH] Recherche: "Pains pita" (E.Leclerc Drive) -> https://courses.leclercdrive.fr/magasin-089301-089301-aulnay-sous-bois/recherche.aspx?TexteRecherche=Pains%20pita
[14:45:11] [WEBVIEW_NAV] URL: https://m-courses.leclercdrive.fr/magasin-089301/recherche/pains+pita
[14:45:11] [WEBVIEW_NAV] URL: https://m-courses.leclercdrive.fr/magasin-089301/recherche/pains%2Bpita
[14:45:13] [DOM_ELEMENTS] URL: https://m-courses.leclercdrive.fr/magasin-089301/recherche/pains%2Bpita | Elements (1199): a.header-recherche.ng-tns-c2599498770-0.ng-star-inserted | div.no-resultat-recherche(Aucun résultat ne co) | p.no-resultat-texte-recherche(Aucun résultat ne co) | header.en-tete-liste.recherche.ng-star-inserted | button#close-pc-btn-handler[aria=Fermer le centre de préférences].ot-close-icon | input#ot-group-id-2[name=ot-group-id-2].category-switch-handler | input#ot-group-id-3[name=ot-group-id-3].category-switch-handler | input#ot-group-id-4[name=ot-group-id-4].category-switch-handler | button[aria=Back].ot-link-btn.back-btn-handler(Back Button) | input#vendor-search-handler[name=vendor-search-handler][ph=Rechercher...][aria=Recherche dans la liste des cookies]. | button#filter-btn-handler[aria=Filter].(Filter Button) | input#select-all-hosts-groups-handler. | input#select-all-vendor-groups-handler. | input#select-all-vendor-leg-handler. | button#clear-filters-handler.(Clear) | input#chkbox-id.category-filter-handler | button#filter-apply-handler.(Apply) | button#filter-cancel-handler.(Cancel) | button.save-preference-btn-handler.onetrust-close-btn-handler(Enregistrer les para) | button.ot-pc-refuse-all-handler(Tout refuser) | button#accept-recommended-btn-handler.(Tout accepter)
[14:45:13] [WEBVIEW_NAV] URL: https://m-courses.leclercdrive.fr/magasin-089301/recherche/pains%2Bpita
[14:45:15] [DOM_ELEMENTS] URL: https://m-courses.leclercdrive.fr/magasin-089301/recherche/pains%2Bpita | Elements (1199): a.header-recherche.ng-tns-c2599498770-0.ng-star-inserted | div.no-resultat-recherche(Aucun résultat ne co) | p.no-resultat-texte-recherche(Aucun résultat ne co) | header.en-tete-liste.recherche.ng-star-inserted | button#close-pc-btn-handler[aria=Fermer le centre de préférences].ot-close-icon | input#ot-group-id-2[name=ot-group-id-2].category-switch-handler | input#ot-group-id-3[name=ot-group-id-3].category-switch-handler | input#ot-group-id-4[name=ot-group-id-4].category-switch-handler | button[aria=Back].ot-link-btn.back-btn-handler(Back Button) | input#vendor-search-handler[name=vendor-search-handler][ph=Rechercher...][aria=Recherche dans la liste des cookies]. | button#filter-btn-handler[aria=Filter].(Filter Button) | input#select-all-hosts-groups-handler. | input#select-all-vendor-groups-handler. | input#select-all-vendor-leg-handler. | button#clear-filters-handler.(Clear) | input#chkbox-id.category-filter-handler | button#filter-apply-handler.(Apply) | button#filter-cancel-handler.(Cancel) | button.save-preference-btn-handler.onetrust-close-btn-handler(Enregistrer les para) | button.ot-pc-refuse-all-handler(Tout refuser) | button#accept-recommended-btn-handler.(Tout accepter)
[14:45:17] [DOM_ELEMENTS] URL: https://m-courses.leclercdrive.fr/magasin-089301/recherche/pains%2Bpita | Elements (1199): a.header-recherche.ng-tns-c2599498770-0.ng-star-inserted | div.no-resultat-recherche(Aucun résultat ne co) | p.no-resultat-texte-recherche(Aucun résultat ne co) | header.en-tete-liste.recherche.ng-star-inserted | button#close-pc-btn-handler[aria=Fermer le centre de préférences].ot-close-icon | input#ot-group-id-2[name=ot-group-id-2].category-switch-handler | input#ot-group-id-3[name=ot-group-id-3].category-switch-handler | input#ot-group-id-4[name=ot-group-id-4].category-switch-handler | button[aria=Back].ot-link-btn.back-btn-handler(Back Button) | input#vendor-search-handler[name=vendor-search-handler][ph=Rechercher...][aria=Recherche dans la liste des cookies]. | button#filter-btn-handler[aria=Filter].(Filter Button) | input#select-all-hosts-groups-handler. | input#select-all-vendor-groups-handler. | input#select-all-vendor-leg-handler. | button#clear-filters-handler.(Clear) | input#chkbox-id.category-filter-handler | button#filter-apply-handler.(Apply) | button#filter-cancel-handler.(Cancel) | button.save-preference-btn-handler.onetrust-close-btn-handler(Enregistrer les para) | button.ot-pc-refuse-all-handler(Tout refuser) | button#accept-recommended-btn-handler.(Tout accepter)
[14:46:39] [APP_START_SEARCH] Recherche: "brioche" (E.Leclerc Drive) -> https://courses.leclercdrive.fr/magasin-089301/recherche.aspx?TexteRecherche=brioche
[14:46:39] [WEBVIEW_NAV] URL: https://courses.leclercdrive.fr/PageDir/pgeWCSD002_Erreur.aspx?m=&nopr=&l=fr-FR&u=0&s=_s_&v=_v_&q=1&sStatusCode=404
[14:46:39] [RECOVERING_FROM_ERROR_PAGE] https://courses.leclercdrive.fr/PageDir/pgeWCSD002_Erreur.aspx?m=&nopr=&l=fr-FR&u=0&s=_s_&v=_v_&q=1&sStatusCode=404
[14:46:39] [WEBVIEW_NAV] URL: https://courses.leclercdrive.fr/PageDir/pgeWCSD002_Erreur.aspx?m=&nopr=&l=fr-FR&u=0&s=_s_&v=_v_&q=1&sStatusCode=404
[14:46:39] [RECOVERING_FROM_ERROR_PAGE] https://courses.leclercdrive.fr/PageDir/pgeWCSD002_Erreur.aspx?m=&nopr=&l=fr-FR&u=0&s=_s_&v=_v_&q=1&sStatusCode=404
[14:46:40] [DOM_ELEMENTS] URL: https://courses.leclercdrive.fr/PageDir/pgeWCSD002_Erreur.aspx?m=&nopr=&l=fr-FR&u=0&s=_s_&v=_v_&q=1&sStatusCode=404 | Elements (204): input#__EVENTTARGET[name=__EVENTTARGET]. | input#__EVENTARGUMENT[name=__EVENTARGUMENT]. | input#__VIEWSTATE[name=__VIEWSTATE]. | input#__VIEWSTATEGENERATOR[name=__VIEWSTATEGENERATOR]. | input#Et[name=Et].
[14:46:40] [WEBVIEW_NAV] URL: https://www.leclercdrive.fr/
[14:46:40] [WEBVIEW_NAV] URL: https://www.leclercdrive.fr/
[14:46:44] [DOM_ELEMENTS] URL: https://www.leclercdrive.fr/ | Elements (2260): input#__EVENTTARGET[name=__EVENTTARGET]. | input#__EVENTARGUMENT[name=__EVENTARGUMENT]. | input#__VIEWSTATE[name=__VIEWSTATE]. | input#ctl00_Et[name=ctl00$Et]. | div#ctl00_main_divWPAD016_RechercheMagasin_React.composant_recherche_drive_react(Lancer la rechercheM) | input#wpad-recherche-magasin-input[ph=Où souhaitez-vous récupérer vos courses ?][aria=Où souhaitez-vous récupérer vos courses ? Saisir ville ou code postal].placeholder:iel-text-infomil-text-gray.iel-h-16.iel-w-full.iel-bg-white.iel-px-2.iel-text-sm.iel-leading-5 | button.iel-m-1.iel-flex.iel-shrink-0.iel-items-center.focus:iel-outline.focus:iel-outline-4.focus:iel-outline-black(Me géolocaliser) | div[aria=Précédent].owl-prev.disabled | div[aria=Suivant].owl-next | button#ctl00_ucWPAD005_Footer_btnWPAD320_SiteClassique.(Site classique) | input#txtWPAD313_Recherche[ph=Ville ou code postal]. | input#ctl00_ucWPAD005_RechercheMobile_WctlWCTD203_TextBox1[name=ctl00$ucWPAD005_RechercheMobile$WctlWCTD203_TextBox1][ph=Ville ou code postal].txtWPAD369_CodePostal.inpWCTD203_TextBox.placeholder.marquer | button.btn-leclerc.btn-mini.btn-blanc.active(Tous) | button.btn-leclerc.btn-mini.btn-blanc(Drive) | button.btn-leclerc.btn-mini.btn-blanc(Relais) | button.btn-leclerc.btn-mini.btn-blanc(Chez Moi) | input#ctl00_ucWPAD005_Connexion_tbWPAD326_Login[name=ctl00$ucWPAD005_Connexion$tbWPAD326_Login].input-large.tbWPAD326_Login.inputWCTD242_TextBox.placeholder.marquer | input#ctl00_ucWPAD005_Connexion_tbWPAD326_Mdp[name=ctl00$ucWPAD005_Connexion$tbWPAD326_Mdp].input-large.inputWCTD242_TextBox.placeholder.marquer | input#ctl00_ucWPAD005_Connexion_cbWPAD326_ResterConnecte[name=ctl00$ucWPAD005_Connexion$cbWPAD326_ResterConnecte]. | input#ctl00_ucWPAD005_MotDePasseOublie_tbWPAD328_Login[name=ctl00$ucWPAD005_MotDePasseOublie$tbWPAD328_Login].input-large.inputWCTD242_TextBox.placeholder.marquer | button#lienRenvoyerMailVerificationIdentite.lienTexte(Renvoyer l'e-mail) | button#ctl00_VerificationIdentite_continuer_WCLD003ValidationIdentite.bouton.bouton-bleu(J’ai confirmé mon e-) | button.mfaBoutonTitreAccordeon(Besoin d'aide ?) | input.otp-input | input.otp-input | input.otp-input | input.otp-input | input.otp-input | input.otp-input | input#deviceDeConfiance[name=deviceDeConfiance].
[14:46:44] [WEBVIEW_NAV] URL: https://www.leclercdrive.fr/
[14:46:46] [WEBVIEW_NAV] URL: https://www.e.leclerc/
[14:48:25] [WEBVIEW_NAV] URL: https://www.e.leclerc/
[14:48:27] [WEBVIEW_NAV] URL: https://www.e.leclerc/
[14:48:27] [WEBVIEW_NAV] URL: https://www.e.leclerc/
[14:48:33] [APP_START_SEARCH] Recherche: "Bagel complet toasté" (E.Leclerc Drive) -> https://www.e.leclerc/recherche?q=Bagel%20complet%20toast%C3%A9
[14:48:35] [WEBVIEW_NAV] URL: https://www.e.leclerc/
[14:48:36] [WEBVIEW_NAV] URL: https://www.e.leclerc/recherche?q=Bagel%20complet%20toast%C3%A9
[14:48:36] [WEBVIEW_NAV] URL: https://www.e.leclerc/recherche?q=Bagel%20complet%20toast%C3%A9
[14:48:37] [WEBVIEW_NAV] URL: https://www.e.leclerc/recherche?q=Bagel%20complet%20toast%C3%A9
[14:49:27] [WEBVIEW_NAV] URL: https://www.e.leclerc/recherche?q=Bagel%20complet%20toast%C3%A9
[14:50:07] [WEBVIEW_NAV] URL: https://www.leclercdrive.fr/
[14:50:16] [WEBVIEW_NAV] URL: https://www.leclercdrive.fr/
[14:50:21] [WEBVIEW_NAV] URL: https://www.leclercdrive.fr/#_divModalMagasin&089301
[14:50:21] [WEBVIEW_NAV] URL: https://www.leclercdrive.fr/#_divModalMagasin&089301
[14:50:24] [WEBVIEW_NAV] URL: https://m-courses.leclercdrive.fr/magasin-089301-089301-aulnay-sous-bois
[14:50:24] [STORE_AUTO_DETECTED] https://m-courses.leclercdrive.fr/magasin-089301-089301-aulnay-sous-bois
[14:50:24] [APP_START_SEARCH] Recherche: "Bagel complet toasté" (E.Leclerc Drive) -> https://m-courses.leclercdrive.fr/magasin-089301/recherche/Bagel+complet+toast%C3%A9
[14:50:24] [WEBVIEW_NAV] URL: https://m-courses.leclercdrive.fr/magasin-089301-089301-aulnay-sous-bois
[14:50:24] [WEBVIEW_NAV] URL: https://m-courses.leclercdrive.fr/magasin-089301-089301-aulnay-sous-bois
[14:50:25] [WEBVIEW_NAV] URL: https://m-courses.leclercdrive.fr/magasin-089301/recherche/Bagel+complet+toast%C3%A9
[14:50:25] [WEBVIEW_NAV] URL: https://m-courses.leclercdrive.fr/magasin-089301/recherche/Bagel%2Bcomplet%2Btoast%C3%A9
[14:50:26] [WEBVIEW_NAV] URL: https://m-courses.leclercdrive.fr/magasin-089301/recherche/Bagel%2Bcomplet%2Btoast%C3%A9
[14:50:32] [APP_START_SEARCH] Recherche: "Pain pita" (E.Leclerc Drive) -> https://m-courses.leclercdrive.fr/magasin-089301/recherche/Pain+pita
[14:50:33] [WEBVIEW_NAV] URL: https://m-courses.leclercdrive.fr/magasin-089301/recherche/Pain+pita
[14:50:33] [WEBVIEW_NAV] URL: https://m-courses.leclercdrive.fr/magasin-089301/recherche/Pain%2Bpita
[14:50:35] [WEBVIEW_NAV] URL: https://m-courses.leclercdrive.fr/magasin-089301/recherche/Pain%2Bpita
[14:51:58] [WEBVIEW_NAV] URL: https://www.leclercdrive.fr/
[14:52:02] [WEBVIEW_NAV] URL: https://www.leclercdrive.fr/
[14:52:03] [SCREEN_TEXT] URL: https://www.leclercdrive.fr/ | Text: Se connecter
Me  cour e  en ligne
en drive, en retrait piéton ou livrée  à domicile
Plu  d'info  en vidéo

Utili ez le  flèche  gauche et droite du clavier pour parcourir le  mode  de retrait.

Drive
Récupérez votre commande
en voiture
Retrait piéton
Récupérez votre commande
à pied en ba  de chez vo
[14:52:05] [SCREEN_TEXT] URL: https://www.leclercdrive.fr/ | Text: Se connecter
Me  cour e  en ligne
en drive, en retrait piéton ou livrée  à domicile
Plu  d'info  en vidéo

Utili ez le  flèche  gauche et droite du clavier pour parcourir le  mode  de retrait.

Drive
Récupérez votre commande
en voiture
Retrait piéton
Récupérez votre commande
à pied en ba  de chez vo
[14:52:13] [WEBVIEW_NAV] URL: https://www.leclercdrive.fr/#_divModalMagasin&089301
[14:52:13] [WEBVIEW_NAV] URL: https://www.leclercdrive.fr/#_divModalMagasin&089301
[14:52:15] [STORE_AUTO_DETECTED] https://m-courses.leclercdrive.fr/magasin-089301-089301-aulnay-sous-bois
[14:52:15] [WEBVIEW_NAV] URL: https://m-courses.leclercdrive.fr/magasin-089301-089301-aulnay-sous-bois
[14:52:16] [APP_START_SEARCH] Recherche: "Galettes de riz complet soufflé" (E.Leclerc Drive) -> https://m-courses.leclercdrive.fr/magasin-089301/recherche/Galettes+de+riz+complet+souffl%C3%A9
[14:52:16] [WEBVIEW_NAV] URL: https://m-courses.leclercdrive.fr/magasin-089301-089301-aulnay-sous-bois
[14:52:16] [WEBVIEW_NAV] URL: https://m-courses.leclercdrive.fr/magasin-089301-089301-aulnay-sous-bois
[14:52:16] [WEBVIEW_NAV] URL: https://m-courses.leclercdrive.fr/magasin-089301/recherche/Galettes+de+riz+complet+souffl%C3%A9
[14:52:16] [WEBVIEW_NAV] URL: https://m-courses.leclercdrive.fr/magasin-089301/recherche/Galettes%2Bde%2Briz%2Bcomplet%2Bsouffl%C3%A9
[14:52:21] [WEBVIEW_NAV] URL: https://m-courses.leclercdrive.fr/magasin-089301/recherche/Galettes%2Bde%2Briz%2Bcomplet%2Bsouffl%C3%A9
[14:52:21] [SCREEN_TEXT] URL: https://m-courses.leclercdrive.fr/magasin-089301/recherche/Galettes%2Bde%2Briz%2Bcomplet%2Bsouffl%C3%A9 | Text: 0
0,00 €
Filtrer
Trier

2 ré ultat  affiché  pour "Galette +de+riz+complet+ oufflé"

Galette  de riz bio Bio Village Complet x17 - 130g

Produit   imilaire 

Bientôt di ponible

Galette  Riz Complet Bjorg Bio - 130g

Produit   imilaire 

Bientôt di ponible

Accueil
 

Aulnay- ou -Boi 

Etre livré dè
[14:52:23] [WEBVIEW_NAV] URL: https://m-courses.leclercdrive.fr/magasin-089301/produits-similaires/3617
[14:52:23] [SCREEN_TEXT] URL: https://m-courses.leclercdrive.fr/magasin-089301/produits-similaires/3617 | Text: Sélection de  produit   imilaire 

Accueil
 

Aulnay- ou -Boi 

Etre livré dè  : Aujourd'hui à 15h30

Connexion / In cription
Me  outil 
RAYONS
 Promotion 
 No  bon  plan 
Ma  oirée parfaite
Foire aux vin 
Mon marché frai 
Viande  Poi on 
Fruit  Légume 
Pain  Pâti erie 
Laitier Oeuf  Végétal
Charcut
[14:52:30] [APP_START_SEARCH] Recherche: "Pain pita" (E.Leclerc Drive) -> https://m-courses.leclercdrive.fr/magasin-089301/recherche/Pain+pita
[14:52:30] [WEBVIEW_NAV] URL: https://m-courses.leclercdrive.fr/magasin-089301/recherche/Pain+pita
[14:52:31] [WEBVIEW_NAV] URL: https://m-courses.leclercdrive.fr/magasin-089301/recherche/Pain%2Bpita
[14:52:31] [WEBVIEW_NAV] URL: https://m-courses.leclercdrive.fr/magasin-089301/recherche/Pain%2Bpita
[14:52:32] [SCREEN_TEXT] URL: https://m-courses.leclercdrive.fr/magasin-089301/recherche/Pain%2Bpita | Text: 0
0,00 €

Aucun ré ultat ne corre pond à votre recherche "Pain+pita"

Nou   ignaler un produit manquant

Accueil
 

Aulnay- ou -Boi 

Etre livré dè  : Aujourd'hui à 15h30

Connexion / In cription
Me  outil 
RAYONS
 Promotion 
 No  bon  plan 
Ma  oirée parfaite
Foire aux vin 
Mon marché frai 
Viande 
[14:52:33] [SCREEN_TEXT] URL: https://m-courses.leclercdrive.fr/magasin-089301/recherche/Pain%2Bpita | Text: 0
0,00 €

Aucun ré ultat ne corre pond à votre recherche "Pain+pita"

Nou   ignaler un produit manquant

Accueil
 

Aulnay- ou -Boi 

Etre livré dè  : Aujourd'hui à 15h30

Connexion / In cription
Me  outil 
RAYONS
 Promotion 
 No  bon  plan 
Ma  oirée parfaite
Foire aux vin 
Mon marché frai 
Viande 
[14:52:34] [APP_START_SEARCH] Recherche: "Oeufs" (E.Leclerc Drive) -> https://m-courses.leclercdrive.fr/magasin-089301/recherche/Oeufs
[14:52:34] [WEBVIEW_NAV] URL: https://m-courses.leclercdrive.fr/magasin-089301/recherche/Oeufs
[14:52:34] [WEBVIEW_NAV] URL: https://m-courses.leclercdrive.fr/magasin-089301/recherche/Oeufs
[14:52:34] [WEBVIEW_NAV] URL: https://m-courses.leclercdrive.fr/magasin-089301/recherche/Oeufs
[14:52:34] [WEBVIEW_NAV] URL: https://m-courses.leclercdrive.fr/magasin-089301/recherche/Oeufs
[14:52:35] [SCREEN_TEXT] URL: https://m-courses.leclercdrive.fr/magasin-089301/recherche/Oeufs | Text: 0
0,00 €
Filtrer
Trier

60 ré ultat  affiché  pour "Oeuf "

Oeuf  frai  plein air - x20

4,66 €

0,23 € / p

Oeuf  frai  De No  Région  Plein Air - x12

2,92 €

0,24 € / p

Oeuf  de No  Région  Plein air - x6

1,51 €

0,25 € / p

Oeuf  frai  plein air Oeuf  de No  Région  - x4

0,99 €

0,25 € / p

O
[14:52:37] [SCREEN_TEXT] URL: https://m-courses.leclercdrive.fr/magasin-089301/recherche/Oeufs | Text: 0
0,00 €
Filtrer
Trier

60 ré ultat  affiché  pour "Oeuf "

Oeuf  frai  plein air - x20

4,66 €

0,23 € / p

Oeuf  frai  De No  Région  Plein Air - x12

2,92 €

0,24 € / p

Oeuf  de No  Région  Plein air - x6

1,51 €

0,25 € / p

Oeuf  frai  plein air Oeuf  de No  Région  - x4

0,99 €

0,25 € / p

O
[14:52:38] [APP_START_SEARCH] Recherche: "Oeufs" (E.Leclerc Drive) -> https://m-courses.leclercdrive.fr/magasin-089301/recherche/Oeufs
[14:52:38] [WEBVIEW_NAV] URL: https://m-courses.leclercdrive.fr/magasin-089301/recherche/Oeufs
[14:52:38] [WEBVIEW_NAV] URL: https://m-courses.leclercdrive.fr/magasin-089301/recherche/Oeufs
[14:52:38] [WEBVIEW_NAV] URL: https://m-courses.leclercdrive.fr/magasin-089301/recherche/Oeufs
[14:52:39] [SCREEN_TEXT] URL: https://m-courses.leclercdrive.fr/magasin-089301/recherche/Oeufs | Text: 0
0
Filtrer
Trier

60 ré ultat  affiché  pour "Oeuf "

Accueil
 

Aulnay- ou -Boi 

Etre livré dè  : Aujourd'hui à 15h30

Connexion / In cription
Me  outil 
RAYONS
 Promotion 
 No  bon  plan 
Ma  oirée parfaite
Foire aux vin 
Mon marché frai 
Viande  Poi on 
Fruit  Légume 
Pain  Pâti erie 
Laitier O
[14:52:41] [SCREEN_TEXT] URL: https://m-courses.leclercdrive.fr/magasin-089301/recherche/Oeufs | Text: 0
0,00 €
Filtrer
Trier

60 ré ultat  affiché  pour "Oeuf "

Oeuf  frai  plein air - x20

4,66 €

0,23 € / p

Oeuf  frai  De No  Région  Plein Air - x12

2,92 €

0,24 € / p

Oeuf  de No  Région  Plein air - x6

1,51 €

0,25 € / p

Oeuf  frai  plein air Oeuf  de No  Région  - x4

0,99 €

0,25 € / p

O
[14:52:41] [APP_START_SEARCH] Recherche: "Yaourt" (E.Leclerc Drive) -> https://m-courses.leclercdrive.fr/magasin-089301/recherche/Yaourt
[14:52:41] [WEBVIEW_NAV] URL: https://m-courses.leclercdrive.fr/magasin-089301/recherche/Oeufs
[14:52:41] [WEBVIEW_NAV] URL: https://m-courses.leclercdrive.fr/magasin-089301/recherche/Yaourt
[14:52:42] [WEBVIEW_NAV] URL: https://m-courses.leclercdrive.fr/magasin-089301/recherche/Yaourt
[14:52:42] [WEBVIEW_NAV] URL: https://m-courses.leclercdrive.fr/magasin-089301/recherche/Yaourt
[14:52:43] [SCREEN_TEXT] URL: https://m-courses.leclercdrive.fr/magasin-089301/recherche/Yaourt | Text: 0
0,00 €

Accueil
 

Aulnay- ou -Boi 

Etre livré dè  : Aujourd'hui à 15h30

Connexion / In cription
Me  outil 
RAYONS
 Promotion 
 No  bon  plan 
Ma  oirée parfaite
Foire aux vin 
Mon marché frai 
Viande  Poi on 
Fruit  Légume 
Pain  Pâti erie 
Laitier Oeuf  Végétal
Charcuterie Traiteur
Surgelé 
Ep
[14:52:44] [SCREEN_TEXT] URL: https://m-courses.leclercdrive.fr/magasin-089301/recherche/Yaourt | Text: 0
0,00 €
Filtrer
Trier

200 ré ultat  affiché  pour "Yaourt"

Yaourt fjord fromage blanc Nature - 8x125g

3,39 €

3,39 € / kg

Yaourt fjord fromage blanc Nature - 4x125g

2,04 €

4,08 € / kg

Yaourt protéiné Hipro Frai e - 2x160g

2,27 €

7,09 € / kg

Yaourt à boire protéiné Hipro Frai e framboi e 0
[14:52:44] [WEBVIEW_NAV] URL: https://m-courses.leclercdrive.fr/magasin-089301/recherche/Yaourt
[14:52:49] [APP_START_SEARCH] Recherche: "Oeufs" (E.Leclerc Drive) -> https://m-courses.leclercdrive.fr/magasin-089301/recherche/Oeufs
[14:52:49] [WEBVIEW_NAV] URL: https://m-courses.leclercdrive.fr/magasin-089301/recherche/Oeufs
[14:52:49] [WEBVIEW_NAV] URL: https://m-courses.leclercdrive.fr/magasin-089301/recherche/Oeufs
[14:52:50] [WEBVIEW_NAV] URL: https://m-courses.leclercdrive.fr/magasin-089301/recherche/Oeufs
[14:52:50] [SCREEN_TEXT] URL: https://m-courses.leclercdrive.fr/magasin-089301/recherche/Oeufs | Text: 0
0,00 €
Filtrer
Trier

60 ré ultat  affiché  pour "Oeuf "

Oeuf  frai  plein air - x20

4,66 €

0,23 € / p

Oeuf  frai  De No  Région  Plein Air - x12

2,92 €

0,24 € / p

Oeuf  de No  Région  Plein air - x6

1,51 €

0,25 € / p

Oeuf  frai  plein air Oeuf  de No  Région  - x4

0,99 €

0,25 € / p

O
[14:52:51] [WEBVIEW_NAV] URL: https://m-courses.leclercdrive.fr/magasin-089301/recherche/Oeufs
[14:52:52] [APP_START_SEARCH] Recherche: "Yaourt authentique" (E.Leclerc Drive) -> https://m-courses.leclercdrive.fr/magasin-089301/recherche/Yaourt+authentique
[14:52:52] [WEBVIEW_NAV] URL: https://m-courses.leclercdrive.fr/magasin-089301/recherche/Yaourt+authentique
[14:52:52] [WEBVIEW_NAV] URL: https://m-courses.leclercdrive.fr/magasin-089301/recherche/Yaourt%2Bauthentique
[14:52:52] [WEBVIEW_NAV] URL: https://m-courses.leclercdrive.fr/magasin-089301/recherche/Yaourt%2Bauthentique
[14:52:53] [SCREEN_TEXT] URL: https://m-courses.leclercdrive.fr/magasin-089301/recherche/Yaourt%2Bauthentique | Text: 0
0,00 €

Aucun ré ultat ne corre pond à votre recherche "Yaourt+authentique"

Nou   ignaler un produit manquant

Accueil
 

Aulnay- ou -Boi 

Etre livré dè  : Aujourd'hui à 15h30

Connexion / In cription
Me  outil 
RAYONS
 Promotion 
 No  bon  plan 
Ma  oirée parfaite
Foire aux vin 
Mon marché frai
[14:52:54] [APP_START_SEARCH] Recherche: "Yaourt" (E.Leclerc Drive) -> https://m-courses.leclercdrive.fr/magasin-089301/recherche/Yaourt
[14:52:54] [WEBVIEW_NAV] URL: https://m-courses.leclercdrive.fr/magasin-089301/recherche/Yaourt
[14:52:54] [WEBVIEW_NAV] URL: https://m-courses.leclercdrive.fr/magasin-089301/recherche/Yaourt
[14:52:54] [WEBVIEW_NAV] URL: https://m-courses.leclercdrive.fr/magasin-089301/recherche/Yaourt
[14:52:54] [WEBVIEW_NAV] URL: https://m-courses.leclercdrive.fr/magasin-089301/recherche/Yaourt
[14:52:55] [APP_START_SEARCH] Recherche: "Yaourt" (E.Leclerc Drive) -> https://m-courses.leclercdrive.fr/magasin-089301/recherche/Yaourt
[14:52:55] [SCREEN_TEXT] URL: https://m-courses.leclercdrive.fr/magasin-089301/recherche/Yaourt | Text: 0
0,00 €
Filtrer
Trier

200 ré ultat  affiché  pour "Yaourt"

Yaourt fjord fromage blanc Nature - 8x125g

3,39 €

3,39 € / kg

Yaourt fjord fromage blanc Nature - 4x125g

2,04 €

4,08 € / kg

Yaourt protéiné Hipro Frai e - 2x160g

2,27 €

7,09 € / kg

Yaourt à boire protéiné Hipro Frai e framboi e 0
[14:52:56] [WEBVIEW_NAV] URL: https://m-courses.leclercdrive.fr/magasin-089301/recherche/Yaourt
[14:52:56] [WEBVIEW_NAV] URL: https://m-courses.leclercdrive.fr/magasin-089301/recherche/Yaourt
[14:52:56] [WEBVIEW_NAV] URL: https://m-courses.leclercdrive.fr/magasin-089301/recherche/Yaourt
[14:52:56] [WEBVIEW_NAV] URL: https://m-courses.leclercdrive.fr/magasin-089301/recherche/Yaourt
[14:52:57] [APP_START_SEARCH] Recherche: "Fromage râpé" (E.Leclerc Drive) -> https://m-courses.leclercdrive.fr/magasin-089301/recherche/Fromage+r%C3%A2p%C3%A9
[14:52:57] [SCREEN_TEXT] URL: https://m-courses.leclercdrive.fr/magasin-089301/recherche/Yaourt | Text: 0
0,00 €
Filtrer
Trier

200 ré ultat  affiché  pour "Yaourt"

Yaourt fjord fromage blanc Nature - 8x125g

3,39 €

3,39 € / kg

Yaourt fjord fromage blanc Nature - 4x125g

2,04 €

4,08 € / kg

Yaourt protéiné Hipro Frai e - 2x160g

2,27 €

7,09 € / kg

Yaourt à boire protéiné Hipro Frai e framboi e 0
[14:52:57] [WEBVIEW_NAV] URL: https://m-courses.leclercdrive.fr/magasin-089301/recherche/Fromage+r%C3%A2p%C3%A9
[14:52:57] [WEBVIEW_NAV] URL: https://m-courses.leclercdrive.fr/magasin-089301/recherche/Fromage%2Br%C3%A2p%C3%A9
[14:52:57] [WEBVIEW_NAV] URL: https://m-courses.leclercdrive.fr/magasin-089301/recherche/Fromage%2Br%C3%A2p%C3%A9
[14:52:58] [SCREEN_TEXT] URL: https://m-courses.leclercdrive.fr/magasin-089301/recherche/Fromage%2Br%C3%A2p%C3%A9 | Text: 0
0,00 €

Accueil
 

Aulnay- ou -Boi 

Etre livré dè  : Aujourd'hui à 15h30

Connexion / In cription
Me  outil 
RAYONS
 Promotion 
 No  bon  plan 
Ma  oirée parfaite
Foire aux vin 
Mon marché frai 
Viande  Poi on 
Fruit  Légume 
Pain  Pâti erie 
Laitier Oeuf  Végétal
Charcuterie Traiteur
Surgelé 
Ep
[14:52:58] [APP_START_SEARCH] Recherche: "Yaourt" (E.Leclerc Drive) -> https://m-courses.leclercdrive.fr/magasin-089301/recherche/Yaourt
[14:52:58] [WEBVIEW_NAV] URL: https://m-courses.leclercdrive.fr/magasin-089301/recherche/Yaourt
[14:52:58] [WEBVIEW_NAV] URL: https://m-courses.leclercdrive.fr/magasin-089301/recherche/Yaourt
[14:52:58] [WEBVIEW_NAV] URL: https://m-courses.leclercdrive.fr/magasin-089301/recherche/Yaourt
[14:52:58] [WEBVIEW_NAV] URL: https://m-courses.leclercdrive.fr/magasin-089301/recherche/Yaourt
[14:52:59] [SCREEN_TEXT] URL: https://m-courses.leclercdrive.fr/magasin-089301/recherche/Yaourt | Text: 0
0,00 €
Filtrer
Trier

200 ré ultat  affiché  pour "Yaourt"

Yaourt fjord fromage blanc Nature - 8x125g

3,39 €

3,39 € / kg

Yaourt fjord fromage blanc Nature - 4x125g

2,04 €

4,08 € / kg

Yaourt protéiné Hipro Frai e - 2x160g

2,27 €

7,09 € / kg

Yaourt à boire protéiné Hipro Frai e framboi e 0
[14:52:59] [APP_START_SEARCH] Recherche: "Lait" (E.Leclerc Drive) -> https://m-courses.leclercdrive.fr/magasin-089301/recherche/Lait
[14:53:00] [WEBVIEW_NAV] URL: https://m-courses.leclercdrive.fr/magasin-089301/recherche/Lait
[14:53:00] [WEBVIEW_NAV] URL: https://m-courses.leclercdrive.fr/magasin-089301/recherche/Lait
[14:53:00] [WEBVIEW_NAV] URL: https://m-courses.leclercdrive.fr/magasin-089301/recherche/Lait
[14:53:01] [SCREEN_TEXT] URL: https://m-courses.leclercdrive.fr/magasin-089301/recherche/Lait | Text: 0
0,00 €

Accueil
 

Aulnay- ou -Boi 

Etre livré dè  : Aujourd'hui à 15h30

Connexion / In cription
Me  outil 
RAYONS
 Promotion 
 No  bon  plan 
Ma  oirée parfaite
Foire aux vin 
Mon marché frai 
Viande  Poi on 
Fruit  Légume 
Pain  Pâti erie 
Laitier Oeuf  Végétal
Charcuterie Traiteur
Surgelé 
Ep
[14:53:01] [WEBVIEW_NAV] URL: https://m-courses.leclercdrive.fr/magasin-089301/recherche/Lait
[14:53:02] [SCREEN_TEXT] URL: https://m-courses.leclercdrive.fr/magasin-089301/recherche/Lait | Text: 0
0,00 €
Filtrer
Trier

200 ré ultat  affiché  pour "Lait"

Lait demi-écrémé UHT Déli e Bouteille - 6x1L

6,30 €

1,05 € / l

Lait demi-écrémé UHT Déli e Brique - 6x1L

5,94 €

0,99 € / l

Lait demi-écrémé Déli e UHT Bouteille - 6x50cl

4,74 €

1,58 € / l

Lait demi-écrémé Eco+ Brique UHT - 6x1L

5,
[14:59:07] [WEBVIEW_NAV] URL: https://www.leclercdrive.fr/
[14:59:11] [WEBVIEW_NAV] URL: https://www.leclercdrive.fr/
[14:59:12] [SCREEN_TEXT] URL: https://www.leclercdrive.fr/ | Text: Se connecter
Me  cour e  en ligne
en drive, en retrait piéton ou livrée  à domicile
Plu  d'info  en vidéo

Utili ez le  flèche  gauche et droite du clavier pour parcourir le  mode  de retrait.

Drive
Récupérez votre commande
en voiture
Retrait piéton
Récupérez votre commande
à pied en ba  de chez vo
[14:59:13] [SCREEN_TEXT] URL: https://www.leclercdrive.fr/ | Text: Se connecter
Me  cour e  en ligne
en drive, en retrait piéton ou livrée  à domicile
Plu  d'info  en vidéo

Utili ez le  flèche  gauche et droite du clavier pour parcourir le  mode  de retrait.

Drive
Récupérez votre commande
en voiture
Retrait piéton
Récupérez votre commande
à pied en ba  de chez vo
[14:59:20] [WEBVIEW_NAV] URL: https://www.leclercdrive.fr/#_divModalMagasin&089301
[14:59:20] [WEBVIEW_NAV] URL: https://www.leclercdrive.fr/#_divModalMagasin&089301
[14:59:23] [STORE_AUTO_DETECTED] https://m-courses.leclercdrive.fr/magasin-089301-089301-aulnay-sous-bois
[14:59:23] [WEBVIEW_NAV] URL: https://m-courses.leclercdrive.fr/magasin-089301-089301-aulnay-sous-bois
[14:59:23] [WEBVIEW_NAV] URL: https://m-courses.leclercdrive.fr/magasin-089301-089301-aulnay-sous-bois
[14:59:23] [WEBVIEW_NAV] URL: https://m-courses.leclercdrive.fr/magasin-089301-089301-aulnay-sous-bois
[14:59:23] [WEBVIEW_NAV] URL: https://m-courses.leclercdrive.fr/magasin-089301-089301-aulnay-sous-bois
[14:59:23] [APP_START_SEARCH] Recherche: "Mini tortillas" (E.Leclerc Drive) -> https://m-courses.leclercdrive.fr/magasin-089301/recherche/Mini+tortillas
[14:59:23] [WEBVIEW_NAV] URL: https://m-courses.leclercdrive.fr/magasin-089301/recherche/Mini+tortillas
[14:59:23] [WEBVIEW_NAV] URL: https://m-courses.leclercdrive.fr/magasin-089301/recherche/Mini%2Btortillas
[14:59:24] [WEBVIEW_NAV] URL: https://m-courses.leclercdrive.fr/magasin-089301/recherche/Mini%2Btortillas
[14:59:24] [SCREEN_TEXT] URL: https://m-courses.leclercdrive.fr/magasin-089301/recherche/Mini%2Btortillas | Text: 0
0,00 €

Aucun ré ultat ne corre pond à votre recherche "Mini+tortilla "

Nou   ignaler un produit manquant

Accueil
 

Aulnay- ou -Boi 

Etre livré dè  : Aujourd'hui à 15h30

Connexion / In cription
Me  outil 
RAYONS
 Promotion 
 No  bon  plan 
Ma  oirée parfaite
Foire aux vin 
Mon marché frai 
Vi
[14:59:26] [SCREEN_TEXT] URL: https://m-courses.leclercdrive.fr/magasin-089301/recherche/Mini%2Btortillas | Text: 0
0,00 €

Aucun ré ultat ne corre pond à votre recherche "Mini+tortilla "

Nou   ignaler un produit manquant

Accueil
 

Aulnay- ou -Boi 

Etre livré dè  : Aujourd'hui à 15h30

Connexion / In cription
Me  outil 
RAYONS
 Promotion 
 No  bon  plan 
Ma  oirée parfaite
Foire aux vin 
Mon marché frai 
Vi
[15:05:49] [WEBVIEW_NAV] URL: https://www.leclercdrive.fr/
[15:05:53] [WEBVIEW_NAV] URL: https://www.leclercdrive.fr/
[15:05:53] [SCREEN_TEXT] URL: https://www.leclercdrive.fr/ | Text: Se connecter
Me  cour e  en ligne
en drive, en retrait piéton ou livrée  à domicile
Plu  d'info  en vidéo

Utili ez le  flèche  gauche et droite du clavier pour parcourir le  mode  de retrait.

Drive
Récupérez votre commande
en voiture
Retrait piéton
Récupérez votre commande
à pied en ba  de chez vo
[15:05:55] [SCREEN_TEXT] URL: https://www.leclercdrive.fr/ | Text: Se connecter
Me  cour e  en ligne
en drive, en retrait piéton ou livrée  à domicile
Plu  d'info  en vidéo

Utili ez le  flèche  gauche et droite du clavier pour parcourir le  mode  de retrait.

Drive
Récupérez votre commande
en voiture
Retrait piéton
Récupérez votre commande
à pied en ba  de chez vo
[15:06:01] [WEBVIEW_NAV] URL: https://www.leclercdrive.fr/#_divModalMagasin&089301
[15:06:01] [WEBVIEW_NAV] URL: https://www.leclercdrive.fr/#_divModalMagasin&089301
[15:06:03] [STORE_AUTO_DETECTED] https://m-courses.leclercdrive.fr/magasin-089301-089301-aulnay-sous-bois
[15:06:03] [WEBVIEW_NAV] URL: https://m-courses.leclercdrive.fr/magasin-089301-089301-aulnay-sous-bois
[15:06:04] [WEBVIEW_NAV] URL: https://m-courses.leclercdrive.fr/magasin-089301-089301-aulnay-sous-bois
[15:06:04] [WEBVIEW_NAV] URL: https://m-courses.leclercdrive.fr/magasin-089301-089301-aulnay-sous-bois
[15:06:04] [WEBVIEW_NAV] URL: https://m-courses.leclercdrive.fr/magasin-089301-089301-aulnay-sous-bois
[15:06:04] [APP_START_SEARCH] Recherche: "tortillas" (E.Leclerc Drive) -> https://m-courses.leclercdrive.fr/magasin-089301/recherche/tortillas
[15:06:04] [WEBVIEW_NAV] URL: https://m-courses.leclercdrive.fr/magasin-089301/recherche/tortillas
[15:06:04] [WEBVIEW_NAV] URL: https://m-courses.leclercdrive.fr/magasin-089301/recherche/tortillas
[15:06:04] [WEBVIEW_NAV] URL: https://m-courses.leclercdrive.fr/magasin-089301/recherche/tortillas
[15:06:04] [WEBVIEW_NAV] URL: https://m-courses.leclercdrive.fr/magasin-089301/recherche/tortillas
[15:06:05] [SCREEN_TEXT] URL: https://m-courses.leclercdrive.fr/magasin-089301/recherche/tortillas | Text: 0
0,00 €
Filtrer
Trier

31 ré ultat  affiché  pour "tortilla "

Accueil
 

Aulnay- ou -Boi 

Etre livré dè  : Aujourd'hui à 15h45

Connexion / In cription
Me  outil 
RAYONS
 Promotion 
 No  bon  plan 
Ma  oirée parfaite
Foire aux vin 
Mon marché frai 
Viande  Poi on 
Fruit  Légume 
Pain  Pâti erie 

[15:06:07] [SCREEN_TEXT] URL: https://m-courses.leclercdrive.fr/magasin-089301/recherche/tortillas | Text: 0
0,00 €
Filtrer
Trier

31 ré ultat  affiché  pour "tortilla "

Tortilla  chip  Tokapi Nature - 150g

0,55 €

3,67 € / kg

Tortilla  chip  Tokapi Fromage - 150g

0,99 €

6,60 € / kg

Tortilla  chip  Tokapi Chili - 150g

0,99 €

6,60 € / kg

Tortilla  Tokapi Paprika - 150g

0,99 €

6,60 € / kg

Torti
[15:06:09] [APP_START_SEARCH] Recherche: "Pain de seigle" (E.Leclerc Drive) -> https://m-courses.leclercdrive.fr/magasin-089301/recherche/Pain%20de%20seigle
[15:06:09] [WEBVIEW_NAV] URL: https://m-courses.leclercdrive.fr/magasin-089301/recherche/Pain%20de%20seigle
[15:06:09] [WEBVIEW_NAV] URL: https://m-courses.leclercdrive.fr/magasin-089301/recherche/Pain%20de%20seigle
[15:06:09] [WEBVIEW_NAV] URL: https://m-courses.leclercdrive.fr/magasin-089301/recherche/Pain%20de%20seigle
[15:06:09] [WEBVIEW_NAV] URL: https://m-courses.leclercdrive.fr/magasin-089301/recherche/Pain%20de%20seigle
[15:06:10] [SCREEN_TEXT] URL: https://m-courses.leclercdrive.fr/magasin-089301/recherche/Pain%20de%20seigle | Text: 0
0,00 €
Filtrer
Trier

2 ré ultat  affiché  pour "Pain de  eigle"

Pain au  eigle Bio Village Bio - Complet - 500g

2,06 €

4,12 € / kg

Pain au  eigle complet Epi d'Or 500g

Produit   imilaire 

Bientôt di ponible

Accueil
 

Aulnay- ou -Boi 

Etre livré dè  : Aujourd'hui à 15h45

Connexion / In c
[15:06:12] [SCREEN_TEXT] URL: https://m-courses.leclercdrive.fr/magasin-089301/recherche/Pain%20de%20seigle | Text: 0
0,00 €
Filtrer
Trier

2 ré ultat  affiché  pour "Pain de  eigle"

Pain au  eigle Bio Village Bio - Complet - 500g

2,06 €

4,12 € / kg

Pain au  eigle complet Epi d'Or 500g

Produit   imilaire 

Bientôt di ponible

Accueil
 

Aulnay- ou -Boi 

Etre livré dè  : Aujourd'hui à 15h45

Connexion / In c
[15:06:13] [APP_START_SEARCH] Recherche: "tortillas" (E.Leclerc Drive) -> https://m-courses.leclercdrive.fr/magasin-089301/recherche/tortillas
[15:06:13] [WEBVIEW_NAV] URL: https://m-courses.leclercdrive.fr/magasin-089301/recherche/tortillas
[15:06:13] [WEBVIEW_NAV] URL: https://m-courses.leclercdrive.fr/magasin-089301/recherche/tortillas
[15:06:13] [WEBVIEW_NAV] URL: https://m-courses.leclercdrive.fr/magasin-089301/recherche/tortillas
[15:06:13] [WEBVIEW_NAV] URL: https://m-courses.leclercdrive.fr/magasin-089301/recherche/tortillas
[15:06:14] [SCREEN_TEXT] URL: https://m-courses.leclercdrive.fr/magasin-089301/recherche/tortillas | Text: 0
0,00 €
Filtrer
Trier

31 ré ultat  affiché  pour "tortilla "

Tortilla  chip  Tokapi Nature - 150g

0,55 €

3,67 € / kg

Tortilla  chip  Tokapi Fromage - 150g

0,99 €

6,60 € / kg

Tortilla  chip  Tokapi Chili - 150g

0,99 €

6,60 € / kg

Tortilla  Tokapi Paprika - 150g

0,99 €

6,60 € / kg

Torti
[15:06:16] [SCREEN_TEXT] URL: https://m-courses.leclercdrive.fr/magasin-089301/recherche/tortillas | Text: 0
0,00 €
Filtrer
Trier

31 ré ultat  affiché  pour "tortilla "

Tortilla  chip  Tokapi Nature - 150g

0,55 €

3,67 € / kg

Tortilla  chip  Tokapi Fromage - 150g

0,99 €

6,60 € / kg

Tortilla  chip  Tokapi Chili - 150g

0,99 €

6,60 € / kg

Tortilla  Tokapi Paprika - 150g

0,99 €

6,60 € / kg

Torti
[15:06:20] [APP_START_SEARCH] Recherche: "Pain de seigle" (E.Leclerc Drive) -> https://m-courses.leclercdrive.fr/magasin-089301/recherche/Pain%20de%20seigle
[15:06:20] [WEBVIEW_NAV] URL: https://m-courses.leclercdrive.fr/magasin-089301/recherche/Pain%20de%20seigle
[15:06:21] [WEBVIEW_NAV] URL: https://m-courses.leclercdrive.fr/magasin-089301/recherche/Pain%20de%20seigle
[15:06:21] [WEBVIEW_NAV] URL: https://m-courses.leclercdrive.fr/magasin-089301/recherche/Pain%20de%20seigle
[15:06:21] [WEBVIEW_NAV] URL: https://m-courses.leclercdrive.fr/magasin-089301/recherche/Pain%20de%20seigle
[15:06:21] [SCREEN_TEXT] URL: https://m-courses.leclercdrive.fr/magasin-089301/recherche/Pain%20de%20seigle | Text: 0
0,00 €
Filtrer
Trier

2 ré ultat  affiché  pour "Pain de  eigle"

Pain au  eigle Bio Village Bio - Complet - 500g

2,06 €

4,12 € / kg

Pain au  eigle complet Epi d'Or 500g

Produit   imilaire 

Bientôt di ponible

Accueil
 

Aulnay- ou -Boi 

Etre livré dè  : Aujourd'hui à 15h45

Connexion / In c
[15:06:23] [SCREEN_TEXT] URL: https://m-courses.leclercdrive.fr/magasin-089301/recherche/Pain%20de%20seigle | Text: 0
0,00 €
Filtrer
Trier

2 ré ultat  affiché  pour "Pain de  eigle"

Pain au  eigle Bio Village Bio - Complet - 500g

2,06 €

4,12 € / kg

Pain au  eigle complet Epi d'Or 500g

Produit   imilaire 

Bientôt di ponible

Accueil
 

Aulnay- ou -Boi 

Etre livré dè  : Aujourd'hui à 15h45

Connexion / In c
[15:06:23] [APP_START_SEARCH] Recherche: "brioche" (E.Leclerc Drive) -> https://m-courses.leclercdrive.fr/magasin-089301/recherche/brioche
[15:06:24] [WEBVIEW_NAV] URL: https://m-courses.leclercdrive.fr/magasin-089301/recherche/brioche
[15:06:24] [WEBVIEW_NAV] URL: https://m-courses.leclercdrive.fr/magasin-089301/recherche/brioche
[15:06:24] [WEBVIEW_NAV] URL: https://m-courses.leclercdrive.fr/magasin-089301/recherche/brioche
[15:06:24] [WEBVIEW_NAV] URL: https://m-courses.leclercdrive.fr/magasin-089301/recherche/brioche
[15:06:25] [SCREEN_TEXT] URL: https://m-courses.leclercdrive.fr/magasin-089301/recherche/brioche | Text: 0
0,00 €
Filtrer
Trier

47 ré ultat  affiché  pour "brioche"

Brioche tranchée Epi d'Or Nature - 700g

2,29 €

3,27 € / kg

Brioche tre ée Epi d'or nature - 600g

2,09 €

3,48 € / kg

Brioche tranchée Pa quier Tranche  gourmande  - 450g

2,11 €

4,69 € / kg

Brioche tre ée Pa quier Tranchée nature -
[15:06:26] [APP_START_SEARCH] Recherche: "Yaourt blanc" (E.Leclerc Drive) -> https://m-courses.leclercdrive.fr/magasin-089301/recherche/Yaourt%20blanc
[15:06:26] [WEBVIEW_NAV] URL: https://m-courses.leclercdrive.fr/magasin-089301/recherche/Yaourt%20blanc
[15:06:26] [WEBVIEW_NAV] URL: https://m-courses.leclercdrive.fr/magasin-089301/recherche/Yaourt%20blanc
[15:06:26] [WEBVIEW_NAV] URL: https://m-courses.leclercdrive.fr/magasin-089301/recherche/Yaourt%20blanc
[15:06:26] [WEBVIEW_NAV] URL: https://m-courses.leclercdrive.fr/magasin-089301/recherche/Yaourt%20blanc
[15:06:27] [SCREEN_TEXT] URL: https://m-courses.leclercdrive.fr/magasin-089301/recherche/Yaourt%20blanc | Text: 0
0

Accueil
 

Aulnay- ou -Boi 

Etre livré dè  : Aujourd'hui à 15h45

Connexion / In cription
Me  outil 
RAYONS
 Promotion 
 No  bon  plan 
Ma  oirée parfaite
Foire aux vin 
Mon marché frai 
Viande  Poi on 
Fruit  Légume 
Pain  Pâti erie 
Laitier Oeuf  Végétal
Charcuterie Traiteur
Surgelé 
Epiceri
[15:06:29] [SCREEN_TEXT] URL: https://m-courses.leclercdrive.fr/magasin-089301/recherche/Yaourt%20blanc | Text: 0
0,00 €
Filtrer
Trier

3 ré ultat  affiché  pour "Yaourt blanc"

Yaourt fjord fromage blanc Nature - 8x125g

3,39 €

3,39 € / kg

Yaourt fjord fromage blanc Nature - 4x125g

2,04 €

4,08 € / kg

Fromage blanc bébé Blédina 8M Frai e - 4x100g

2,81 €

7,03 € / kg

Accueil
 

Aulnay- ou -Boi 

Etre li
[15:06:29] [APP_START_SEARCH] Recherche: "Lait" (E.Leclerc Drive) -> https://m-courses.leclercdrive.fr/magasin-089301/recherche/Lait
[15:06:29] [WEBVIEW_NAV] URL: https://m-courses.leclercdrive.fr/magasin-089301/recherche/Lait
[15:06:29] [WEBVIEW_NAV] URL: https://m-courses.leclercdrive.fr/magasin-089301/recherche/Lait
[15:06:29] [WEBVIEW_NAV] URL: https://m-courses.leclercdrive.fr/magasin-089301/recherche/Lait
[15:06:29] [WEBVIEW_NAV] URL: https://m-courses.leclercdrive.fr/magasin-089301/recherche/Lait
[15:06:30] [SCREEN_TEXT] URL: https://m-courses.leclercdrive.fr/magasin-089301/recherche/Lait | Text: 0
0,00 €
Filtrer
Trier

200 ré ultat  affiché  pour "Lait"

Lait demi-écrémé UHT Déli e Bouteille - 6x1L

6,30 €

1,05 € / l

Lait demi-écrémé UHT Déli e Brique - 6x1L

5,94 €

0,99 € / l

Lait demi-écrémé Déli e UHT Bouteille - 6x50cl

4,74 €

1,58 € / l

Lait demi-écrémé Eco+ Brique UHT - 6x1L

5,
[15:06:32] [SCREEN_TEXT] URL: https://m-courses.leclercdrive.fr/magasin-089301/recherche/Lait | Text: 0
0,00 €
Filtrer
Trier

200 ré ultat  affiché  pour "Lait"

Lait demi-écrémé UHT Déli e Bouteille - 6x1L

6,30 €

1,05 € / l

Lait demi-écrémé UHT Déli e Brique - 6x1L

5,94 €

0,99 € / l

Lait demi-écrémé Déli e UHT Bouteille - 6x50cl

4,74 €

1,58 € / l

Lait demi-écrémé Eco+ Brique UHT - 6x1L

5,
[15:06:32] [APP_START_SEARCH] Recherche: "Yaourt authentique" (E.Leclerc Drive) -> https://m-courses.leclercdrive.fr/magasin-089301/recherche/Yaourt%20authentique
[15:06:33] [WEBVIEW_NAV] URL: https://m-courses.leclercdrive.fr/magasin-089301/recherche/Yaourt%20authentique
[15:06:33] [WEBVIEW_NAV] URL: https://m-courses.leclercdrive.fr/magasin-089301/recherche/Yaourt%20authentique
[15:06:33] [WEBVIEW_NAV] URL: https://m-courses.leclercdrive.fr/magasin-089301/recherche/Yaourt%20authentique
[15:06:33] [SCREEN_TEXT] URL: https://m-courses.leclercdrive.fr/magasin-089301/recherche/Yaourt%20authentique | Text: 0
0,00 €

Aucun ré ultat ne corre pond à votre recherche "Yaourt authentique"

Nou   ignaler un produit manquant

Accueil
 

Aulnay- ou -Boi 

Etre livré dè  : Aujourd'hui à 15h45

Connexion / In cription
Me  outil 
RAYONS
 Promotion 
 No  bon  plan 
Ma  oirée parfaite
Foire aux vin 
Mon marché frai
[15:06:35] [WEBVIEW_NAV] URL: https://m-courses.leclercdrive.fr/magasin-089301/recherche/Yaourt%20authentique
[15:06:35] [SCREEN_TEXT] URL: https://m-courses.leclercdrive.fr/magasin-089301/recherche/Yaourt%20authentique | Text: 0
0,00 €

Aucun ré ultat ne corre pond à votre recherche "Yaourt authentique"

Nou   ignaler un produit manquant

Accueil
 

Aulnay- ou -Boi 

Etre livré dè  : Aujourd'hui à 15h45

Connexion / In cription
Me  outil 
RAYONS
 Promotion 
 No  bon  plan 
Ma  oirée parfaite
Foire aux vin 
Mon marché frai
[15:06:36] [APP_START_SEARCH] Recherche: "Fromage blanc" (E.Leclerc Drive) -> https://m-courses.leclercdrive.fr/magasin-089301/recherche/Fromage%20blanc
[15:06:36] [WEBVIEW_NAV] URL: https://m-courses.leclercdrive.fr/magasin-089301/recherche/Fromage%20blanc
[15:06:36] [WEBVIEW_NAV] URL: https://m-courses.leclercdrive.fr/magasin-089301/recherche/Fromage%20blanc
[15:06:36] [WEBVIEW_NAV] URL: https://m-courses.leclercdrive.fr/magasin-089301/recherche/Fromage%20blanc
[15:06:36] [WEBVIEW_NAV] URL: https://m-courses.leclercdrive.fr/magasin-089301/recherche/Fromage%20blanc
[15:06:38] [SCREEN_TEXT] URL: https://m-courses.leclercdrive.fr/magasin-089301/recherche/Fromage%20blanc | Text: 0
0,00 €
Filtrer
Trier

47 ré ultat  affiché  pour "Fromage blanc"

Fromage blanc nature Déli e 4x100g

0,96 €

2,40 € / kg

Fromage blanc Déli e Nature - 3,1% MG - 8x100g

1,79 €

2,24 € / kg

Fromage blanc Déli e Sucré 3% MG - 8x100g

2,29 €

2,86 € / kg

Fromage blanc Déli e Nature 7% MG - 1kg

2
[15:06:38] [APP_START_SEARCH] Recherche: "Oeufs" (E.Leclerc Drive) -> https://m-courses.leclercdrive.fr/magasin-089301/recherche/Oeufs
[15:06:38] [WEBVIEW_NAV] URL: https://m-courses.leclercdrive.fr/magasin-089301/recherche/Oeufs
[15:06:38] [WEBVIEW_NAV] URL: https://m-courses.leclercdrive.fr/magasin-089301/recherche/Oeufs
[15:06:38] [WEBVIEW_NAV] URL: https://m-courses.leclercdrive.fr/magasin-089301/recherche/Oeufs
[15:06:38] [WEBVIEW_NAV] URL: https://m-courses.leclercdrive.fr/magasin-089301/recherche/Oeufs
[15:06:39] [SCREEN_TEXT] URL: https://m-courses.leclercdrive.fr/magasin-089301/recherche/Oeufs | Text: 0
0,00 €
Filtrer
Trier

60 ré ultat  affiché  pour "Oeuf "

Oeuf  frai  plein air - x20

4,66 €

0,23 € / p

Oeuf  frai  De No  Région  Plein Air - x12

2,92 €

0,24 € / p

Oeuf  de No  Région  Plein air - x6

1,51 €

0,25 € / p

Oeuf  frai  plein air Oeuf  de No  Région  - x4

0,99 €

0,25 € / p

O
[15:06:41] [APP_START_SEARCH] Recherche: "Beurre menthe e piment doux" (E.Leclerc Drive) -> https://m-courses.leclercdrive.fr/magasin-089301/recherche/Beurre%20menthe%20e%20piment%20doux
[15:06:41] [SCREEN_TEXT] URL: https://m-courses.leclercdrive.fr/magasin-089301/recherche/Oeufs | Text: 0
0,00 €
Filtrer
Trier

60 ré ultat  affiché  pour "Oeuf "

Oeuf  frai  plein air - x20

4,66 €

0,23 € / p

Oeuf  frai  De No  Région  Plein Air - x12

2,92 €

0,24 € / p

Oeuf  de No  Région  Plein air - x6

1,51 €

0,25 € / p

Oeuf  frai  plein air Oeuf  de No  Région  - x4

0,99 €

0,25 € / p

O
[15:06:41] [WEBVIEW_NAV] URL: https://m-courses.leclercdrive.fr/magasin-089301/recherche/Beurre%20menthe%20e%20piment%20doux
[15:06:41] [WEBVIEW_NAV] URL: https://m-courses.leclercdrive.fr/magasin-089301/recherche/Beurre%20menthe%20e%20piment%20doux
[15:06:41] [WEBVIEW_NAV] URL: https://m-courses.leclercdrive.fr/magasin-089301/recherche/Beurre%20menthe%20e%20piment%20doux
[15:06:41] [WEBVIEW_NAV] URL: https://m-courses.leclercdrive.fr/magasin-089301/recherche/Beurre%20menthe%20e%20piment%20doux
[15:06:42] [SCREEN_TEXT] URL: https://m-courses.leclercdrive.fr/magasin-089301/recherche/Beurre%20menthe%20e%20piment%20doux | Text: 0
0,00 €

Aucun ré ultat ne corre pond à votre recherche "Beurre menthe e piment doux"

Nou   ignaler un produit manquant

Accueil
 

Aulnay- ou -Boi 

Etre livré dè  : Aujourd'hui à 15h45

Connexion / In cription
Me  outil 
RAYONS
 Promotion 
 No  bon  plan 
Ma  oirée parfaite
Foire aux vin 
Mon ma
[15:06:43] [SCREEN_TEXT] URL: https://m-courses.leclercdrive.fr/magasin-089301/recherche/Beurre%20menthe%20e%20piment%20doux | Text: 0
0,00 €

Aucun ré ultat ne corre pond à votre recherche "Beurre menthe e piment doux"

Nou   ignaler un produit manquant

Accueil
 

Aulnay- ou -Boi 

Etre livré dè  : Aujourd'hui à 15h45

Connexion / In cription
Me  outil 
RAYONS
 Promotion 
 No  bon  plan 
Ma  oirée parfaite
Foire aux vin 
Mon ma
[15:06:46] [APP_START_SEARCH] Recherche: "Fromage râpé" (E.Leclerc Drive) -> https://m-courses.leclercdrive.fr/magasin-089301/recherche/Fromage%20r%C3%A2p%C3%A9
[15:06:46] [WEBVIEW_NAV] URL: https://m-courses.leclercdrive.fr/magasin-089301/recherche/Fromage%20r%C3%A2p%C3%A9
[15:06:46] [WEBVIEW_NAV] URL: https://m-courses.leclercdrive.fr/magasin-089301/recherche/Fromage%20r%C3%A2p%C3%A9
[15:06:46] [WEBVIEW_NAV] URL: https://m-courses.leclercdrive.fr/magasin-089301/recherche/Fromage%20r%C3%A2p%C3%A9
[15:06:46] [WEBVIEW_NAV] URL: https://m-courses.leclercdrive.fr/magasin-089301/recherche/Fromage%20r%C3%A2p%C3%A9
[15:06:47] [SCREEN_TEXT] URL: https://m-courses.leclercdrive.fr/magasin-089301/recherche/Fromage%20r%C3%A2p%C3%A9 | Text: 0
0,00 €
Filtrer
Trier

32 ré ultat  affiché  pour "Fromage râpé"

Emmental Fromage râpé Le  Croi é  - 3x70g

1,89 €

9,00 € / kg

Emmental fromage rapé Le  Croi é  - 100g

1,09 €

10,90 € / kg

Emmental fromage rapé Le  Croi é  - 200g

1,65 €

8,25 € / kg

Emmental fromage rapé Le  Croi é  - 500g


[15:06:47] [APP_START_SEARCH] Recherche: "Fromage" (E.Leclerc Drive) -> https://m-courses.leclercdrive.fr/magasin-089301/recherche/Fromage
[15:06:48] [WEBVIEW_NAV] URL: https://m-courses.leclercdrive.fr/magasin-089301/recherche/Fromage
[15:06:48] [WEBVIEW_NAV] URL: https://m-courses.leclercdrive.fr/magasin-089301/recherche/Fromage
[15:06:48] [WEBVIEW_NAV] URL: https://m-courses.leclercdrive.fr/magasin-089301/recherche/Fromage
[15:06:48] [WEBVIEW_NAV] URL: https://m-courses.leclercdrive.fr/magasin-089301/recherche/Fromage
[15:06:49] [SCREEN_TEXT] URL: https://m-courses.leclercdrive.fr/magasin-089301/recherche/Fromage | Text: 0
0

Accueil
 

Aulnay- ou -Boi 

Etre livré dè  : Aujourd'hui à 15h45

Connexion / In cription
Me  outil 
RAYONS
 Promotion 
 No  bon  plan 
Ma  oirée parfaite
Foire aux vin 
Mon marché frai 
Viande  Poi on 
Fruit  Légume 
Pain  Pâti erie 
Laitier Oeuf  Végétal
Charcuterie Traiteur
Surgelé 
Epiceri
[15:06:50] [APP_START_SEARCH] Recherche: "Oeufs" (E.Leclerc Drive) -> https://m-courses.leclercdrive.fr/magasin-089301/recherche/Oeufs
[15:06:50] [WEBVIEW_NAV] URL: https://m-courses.leclercdrive.fr/magasin-089301/recherche/Oeufs
[15:06:50] [WEBVIEW_NAV] URL: https://m-courses.leclercdrive.fr/magasin-089301/recherche/Oeufs
[15:06:50] [WEBVIEW_NAV] URL: https://m-courses.leclercdrive.fr/magasin-089301/recherche/Oeufs
[15:06:50] [WEBVIEW_NAV] URL: https://m-courses.leclercdrive.fr/magasin-089301/recherche/Oeufs
[15:06:51] [SCREEN_TEXT] URL: https://m-courses.leclercdrive.fr/magasin-089301/recherche/Oeufs | Text: 0
0,00 €
Filtrer
Trier

60 ré ultat  affiché  pour "Oeuf "

Oeuf  frai  plein air - x20

4,66 €

0,23 € / p

Oeuf  frai  De No  Région  Plein Air - x12

2,92 €

0,24 € / p

Oeuf  de No  Région  Plein air - x6

1,51 €

0,25 € / p

Oeuf  frai  plein air Oeuf  de No  Région  - x4

0,99 €

0,25 € / p

O
[15:06:53] [SCREEN_TEXT] URL: https://m-courses.leclercdrive.fr/magasin-089301/recherche/Oeufs | Text: 0
0,00 €
Filtrer
Trier

60 ré ultat  affiché  pour "Oeuf "

Oeuf  frai  plein air - x20

4,66 €

0,23 € / p

Oeuf  frai  De No  Région  Plein Air - x12

2,92 €

0,24 € / p

Oeuf  de No  Région  Plein air - x6

1,51 €

0,25 € / p

Oeuf  frai  plein air Oeuf  de No  Région  - x4

0,99 €

0,25 € / p

O
[15:07:12] [APP_START_SEARCH] Recherche: "Fromage type St-Moret" (E.Leclerc Drive) -> https://m-courses.leclercdrive.fr/magasin-089301/recherche/Fromage%20type%20St-Moret
[15:07:12] [WEBVIEW_NAV] URL: https://m-courses.leclercdrive.fr/magasin-089301/recherche/Fromage%20type%20St-Moret
[15:07:13] [WEBVIEW_NAV] URL: https://m-courses.leclercdrive.fr/magasin-089301/recherche/Fromage%20type%20St-Moret
[15:07:13] [WEBVIEW_NAV] URL: https://m-courses.leclercdrive.fr/magasin-089301/recherche/Fromage%20type%20St-Moret
[15:07:13] [WEBVIEW_NAV] URL: https://m-courses.leclercdrive.fr/magasin-089301/recherche/Fromage%20type%20St-Moret
[15:07:14] [SCREEN_TEXT] URL: https://m-courses.leclercdrive.fr/magasin-089301/recherche/Fromage%20type%20St-Moret | Text: 0
0,00 €

Accueil
 

Aulnay- ou -Boi 

Etre livré dè  : Aujourd'hui à 15h45

Connexion / In cription
Me  outil 
RAYONS
 Promotion 
 No  bon  plan 
Ma  oirée parfaite
Foire aux vin 
Mon marché frai 
Viande  Poi on 
Fruit  Légume 
Pain  Pâti erie 
Laitier Oeuf  Végétal
Charcuterie Traiteur
Surgelé 
Ep
[15:07:15] [SCREEN_TEXT] URL: https://m-courses.leclercdrive.fr/magasin-089301/recherche/Fromage%20type%20St-Moret | Text: 0
0,00 €
Filtrer
Trier

12 ré ultat  affiché  pour "Fromage type St-Moret"

Fromage à tartiner St Môret nature léger 150g

2,93 €

19,53 € / kg

Fromage à Tartiner St Môret Nature - 500g

5,58 €

11,16 € / kg

Fromage à Tartiner St Môret Nature 9 Portion  - 180g

2,13 €

11,83 € / kg

Fromage Apérit
[15:07:15] [APP_START_SEARCH] Recherche: "Feta émiettée" (E.Leclerc Drive) -> https://m-courses.leclercdrive.fr/magasin-089301/recherche/Feta%20%C3%A9miett%C3%A9e
[15:07:15] [WEBVIEW_NAV] URL: https://m-courses.leclercdrive.fr/magasin-089301/recherche/Feta%20%C3%A9miett%C3%A9e
[15:07:16] [WEBVIEW_NAV] URL: https://m-courses.leclercdrive.fr/magasin-089301/recherche/Feta%20%C3%A9miett%C3%A9e
[15:07:16] [WEBVIEW_NAV] URL: https://m-courses.leclercdrive.fr/magasin-089301/recherche/Feta%20%C3%A9miett%C3%A9e
[15:07:16] [WEBVIEW_NAV] URL: https://m-courses.leclercdrive.fr/magasin-089301/recherche/Feta%20%C3%A9miett%C3%A9e
[15:07:17] [SCREEN_TEXT] URL: https://m-courses.leclercdrive.fr/magasin-089301/recherche/Feta%20%C3%A9miett%C3%A9e | Text: 0
0,00 €

Aucun ré ultat ne corre pond à votre recherche "Feta émiettée"

Nou   ignaler un produit manquant

Accueil
 

Aulnay- ou -Boi 

Etre livré dè  : Aujourd'hui à 15h45

Connexion / In cription
Me  outil 
RAYONS
 Promotion 
 No  bon  plan 
Ma  oirée parfaite
Foire aux vin 
Mon marché frai 
Via
[15:07:18] [SCREEN_TEXT] URL: https://m-courses.leclercdrive.fr/magasin-089301/recherche/Feta%20%C3%A9miett%C3%A9e | Text: 0
0,00 €

Aucun ré ultat ne corre pond à votre recherche "Feta émiettée"

Nou   ignaler un produit manquant

Accueil
 

Aulnay- ou -Boi 

Etre livré dè  : Aujourd'hui à 15h45

Connexion / In cription
Me  outil 
RAYONS
 Promotion 
 No  bon  plan 
Ma  oirée parfaite
Foire aux vin 
Mon marché frai 
Via
[15:07:20] [APP_START_SEARCH] Recherche: "Yaourt" (E.Leclerc Drive) -> https://m-courses.leclercdrive.fr/magasin-089301/recherche/Yaourt
[15:07:20] [WEBVIEW_NAV] URL: https://m-courses.leclercdrive.fr/magasin-089301/recherche/Yaourt
[15:07:20] [WEBVIEW_NAV] URL: https://m-courses.leclercdrive.fr/magasin-089301/recherche/Yaourt
[15:07:20] [WEBVIEW_NAV] URL: https://m-courses.leclercdrive.fr/magasin-089301/recherche/Yaourt
[15:07:20] [WEBVIEW_NAV] URL: https://m-courses.leclercdrive.fr/magasin-089301/recherche/Yaourt
[15:07:21] [SCREEN_TEXT] URL: https://m-courses.leclercdrive.fr/magasin-089301/recherche/Yaourt | Text: 0
0,00 €
Filtrer
Trier

200 ré ultat  affiché  pour "Yaourt"

Yaourt fjord fromage blanc Nature - 8x125g

3,39 €

3,39 € / kg

Yaourt fjord fromage blanc Nature - 4x125g

2,04 €

4,08 € / kg

Yaourt protéiné Hipro Frai e - 2x160g

2,27 €

7,09 € / kg

Yaourt à boire protéiné Hipro Frai e framboi e 0
[15:07:23] [SCREEN_TEXT] URL: https://m-courses.leclercdrive.fr/magasin-089301/recherche/Yaourt | Text: 0
0,00 €
Filtrer
Trier

200 ré ultat  affiché  pour "Yaourt"

Yaourt fjord fromage blanc Nature - 8x125g

3,39 €

3,39 € / kg

Yaourt fjord fromage blanc Nature - 4x125g

2,04 €

4,08 € / kg

Yaourt protéiné Hipro Frai e - 2x160g

2,27 €

7,09 € / kg

Yaourt à boire protéiné Hipro Frai e framboi e 0
[15:07:24] [APP_START_SEARCH] Recherche: "Lait demi-écrémé" (E.Leclerc Drive) -> https://m-courses.leclercdrive.fr/magasin-089301/recherche/Lait%20demi-%C3%A9cr%C3%A9m%C3%A9
[15:07:25] [WEBVIEW_NAV] URL: https://m-courses.leclercdrive.fr/magasin-089301/recherche/Lait%20demi-%C3%A9cr%C3%A9m%C3%A9
[15:07:25] [WEBVIEW_NAV] URL: https://m-courses.leclercdrive.fr/magasin-089301/recherche/Lait%20demi-%C3%A9cr%C3%A9m%C3%A9
[15:07:25] [WEBVIEW_NAV] URL: https://m-courses.leclercdrive.fr/magasin-089301/recherche/Lait%20demi-%C3%A9cr%C3%A9m%C3%A9
[15:07:25] [SCREEN_TEXT] URL: https://m-courses.leclercdrive.fr/magasin-089301/recherche/Lait%20demi-%C3%A9cr%C3%A9m%C3%A9 | Text: 0
0,00 €

Accueil
 

Aulnay- ou -Boi 

Etre livré dè  : Aujourd'hui à 15h45

Connexion / In cription
Me  outil 
RAYONS
 Promotion 
 No  bon  plan 
Ma  oirée parfaite
Foire aux vin 
Mon marché frai 
Viande  Poi on 
Fruit  Légume 
Pain  Pâti erie 
Laitier Oeuf  Végétal
Charcuterie Traiteur
Surgelé 
Ep
[15:07:27] [WEBVIEW_NAV] URL: https://m-courses.leclercdrive.fr/magasin-089301/recherche/Lait%20demi-%C3%A9cr%C3%A9m%C3%A9
[15:07:27] [SCREEN_TEXT] URL: https://m-courses.leclercdrive.fr/magasin-089301/recherche/Lait%20demi-%C3%A9cr%C3%A9m%C3%A9 | Text: 0
0,00 €
Filtrer
Trier

36 ré ultat  affiché  pour "Lait demi-écrémé"

Lait demi-écrémé UHT Déli e Bouteille - 6x1L

6,30 €

1,05 € / l

Lait demi-écrémé UHT Déli e Brique - 6x1L

5,94 €

0,99 € / l

Lait demi-écrémé Déli e UHT Bouteille - 6x50cl

4,74 €

1,58 € / l

Lait demi-écrémé Eco+ Brique UHT
[15:27:40] [NEW_GENERATED_GROCERIES] Articles (78): Pain complet (1.7 ), Pains pita (1.7 ), Brioche (3.4 ), Tortillas de blé (3.4 ), Pains naans (102 ), Bagels (1.7 ), Œufs (18.7 ), Feta AOP (120 g), Yaourt grec nature (220 g), Yaourt nature (460 g), Tzatziki (90 g), Crème fraîche liquide (440 ml), Beurre doux (30 g), Lait demi-écrémé (340 ml), Fromage frais à tartiner (170 g), Pavé de saumon frais (240 g), Cuisses de poulet (870 g), Blancs de poulet (490 g), Jambon de dinde (3.4 ), Dos de cabillaud frais (610 g), Saumon fumé (70 g), Olives vertes (110 g), Semoule de couscous (140 g), Granola croustillant (70 g), Poudre d'amandes (40 g), Cacao en poudre non sucré (30 g), Riz basmati (390 g), Lentilles corail (140 g), Beurre de cacahuète (70 g), Flocons d'avoine (220 g), Moutarde de Dijon (3.4 c.à.s), Quinoa (140 g), Pois chiches (680 g), Pâtes (4 g), Noisettes (2 g), Chocolat noir 70% (40 g), Lait de coco (170 ml), Amandes entières (90 g), Jeunes pousses d'épinards (270 g), Brocolis frais (200 g), Carottes (430 g), Citron jaune (14.5 ), Ail (18.7 ), Aneth frais (50 g), Courgette (2.1 ), Poivron (1.8 ), Tomates cerises (260 g), Menthe fraîche (40 g), Concombre (3.9 ), Myrtilles (150 g), Patate douce (770 g), Tomates fraîches (220 g), Oignon rouge (1.4 ), Dattes Medjool (8.5 ), Oignon jaune (7.7 ), Pommes de terre (560 g), Pomme (3.4 ), Banane (1.7 ), Avocat (170 ), Mâche fraîche (30 g), Salade verte (390 g), Ciboulette fraîche (20 g), Citron vert (3.4 ), Mangue (0.4 ), Coriandre fraîche (120 g), Persil frais (70 g), Radis (170 g), Épices Zaatar (1.7 c.à.s), Cannelle moulue (5.9 c.à.c), Curry doux en poudre (1.7 c.à.s), Piment doux (78.2 c.à.s), Feuilles de laurier (1.7 ), Curcuma moulu (1.7 c.à.s), Épices shawarma (1.7 c.à.s), Cumin moulu (1.7 c.à.s), Coriandre moulue (1.7 c.à.s), Bicarbonate alimentaire (5.1 c.à.c), Sumac (170 c.à.c)
[15:28:18] [WEBVIEW_NAV] URL: https://www.leclercdrive.fr/
[15:28:22] [WEBVIEW_NAV] URL: https://www.leclercdrive.fr/
[15:28:22] [SCREEN_TEXT] URL: https://www.leclercdrive.fr/ | Text: Se connecter
Me  cour e  en ligne
en drive, en retrait piéton ou livrée  à domicile
Plu  d'info  en vidéo

Utili ez le  flèche  gauche et droite du clavier pour parcourir le  mode  de retrait.

Drive
Récupérez votre commande
en voiture
Retrait piéton
Récupérez votre commande
à pied en ba  de chez vo
[15:28:24] [SCREEN_TEXT] URL: https://www.leclercdrive.fr/ | Text: Se connecter
Me  cour e  en ligne
en drive, en retrait piéton ou livrée  à domicile
Plu  d'info  en vidéo

Utili ez le  flèche  gauche et droite du clavier pour parcourir le  mode  de retrait.

Drive
Récupérez votre commande
en voiture
Retrait piéton
Récupérez votre commande
à pied en ba  de chez vo
[15:28:34] [WEBVIEW_NAV] URL: https://www.leclercdrive.fr/#_divModalMagasin&089301
[15:28:34] [WEBVIEW_NAV] URL: https://www.leclercdrive.fr/#_divModalMagasin&089301
[15:28:37] [STORE_AUTO_DETECTED] https://m-courses.leclercdrive.fr/magasin-089301-089301-aulnay-sous-bois
[15:28:37] [WEBVIEW_NAV] URL: https://m-courses.leclercdrive.fr/magasin-089301-089301-aulnay-sous-bois
[15:28:37] [WEBVIEW_NAV] URL: https://m-courses.leclercdrive.fr/magasin-089301-089301-aulnay-sous-bois
[15:28:37] [WEBVIEW_NAV] URL: https://m-courses.leclercdrive.fr/magasin-089301-089301-aulnay-sous-bois
[15:28:37] [WEBVIEW_NAV] URL: https://m-courses.leclercdrive.fr/magasin-089301-089301-aulnay-sous-bois
[15:28:37] [APP_START_SEARCH] Recherche: "Pain complet" (E.Leclerc Drive) -> https://m-courses.leclercdrive.fr/magasin-089301/recherche/Pain%20complet
[15:28:37] [WEBVIEW_NAV] URL: https://m-courses.leclercdrive.fr/magasin-089301/recherche/Pain%20complet
[15:28:37] [WEBVIEW_NAV] URL: https://m-courses.leclercdrive.fr/magasin-089301/recherche/Pain%20complet
[15:28:37] [WEBVIEW_NAV] URL: https://m-courses.leclercdrive.fr/magasin-089301/recherche/Pain%20complet
[15:28:37] [WEBVIEW_NAV] URL: https://m-courses.leclercdrive.fr/magasin-089301/recherche/Pain%20complet
[15:28:38] [SCREEN_TEXT] URL: https://m-courses.leclercdrive.fr/magasin-089301/recherche/Pain%20complet | Text: 0
0,00 €

Accueil
 

Aulnay- ou -Boi 

Etre livré dè  : Aujourd'hui à 16h00

Connexion / In cription
Me  outil 
RAYONS
VOUS AIMEREZ AUSSI
Traiteur
E.Leclerc
[15:28:40] [SCREEN_TEXT] URL: https://m-courses.leclercdrive.fr/magasin-089301/recherche/Pain%20complet | Text: 0
0,00 €
Filtrer
Trier

29 ré ultat  affiché  pour "Pain complet"

Pain au  eigle Bio Village Bio - Complet - 500g

2,06 €

4,12 € / kg

Pain complet mue li Bio - 300g

2,40 €

8,00 € / kg

Pain de mie 100% Mie Harry  Complet  an  croûte - 500g

1,80 €

3,60 € / kg

Pain de mie 100% Mie Harry  Compl
[15:28:58] [APP_START_SEARCH] Recherche: "Pain pita" (E.Leclerc Drive) -> https://m-courses.leclercdrive.fr/magasin-089301/recherche/Pain%20pita
[15:28:58] [WEBVIEW_NAV] URL: https://m-courses.leclercdrive.fr/magasin-089301/recherche/Pain%20pita
[15:28:58] [WEBVIEW_NAV] URL: https://m-courses.leclercdrive.fr/magasin-089301/recherche/Pain%20pita
[15:28:58] [WEBVIEW_NAV] URL: https://m-courses.leclercdrive.fr/magasin-089301/recherche/Pain%20pita
[15:28:58] [WEBVIEW_NAV] URL: https://m-courses.leclercdrive.fr/magasin-089301/recherche/Pain%20pita
[15:28:59] [SCREEN_TEXT] URL: https://m-courses.leclercdrive.fr/magasin-089301/recherche/Pain%20pita | Text: 1
2,06 €
Filtrer
Trier

1 ré ultat affiché pour "Pain pita"

Sauce Pita Heinz - 230g

Produit   imilaire 

Bientôt di ponible

Accueil
 

Aulnay- ou -Boi 

Etre livré dè  : Aujourd'hui à 16h00

Connexion / In cription
Me  outil 
RAYONS
 Promotion 
 No  bon  plan 
Ma  oirée parfaite
Foire aux vin 
Mo
[15:29:01] [SCREEN_TEXT] URL: https://m-courses.leclercdrive.fr/magasin-089301/recherche/Pain%20pita | Text: 1
2,06 €
Filtrer
Trier

1 ré ultat affiché pour "Pain pita"

Sauce Pita Heinz - 230g

Produit   imilaire 

Bientôt di ponible

Accueil
 

Aulnay- ou -Boi 

Etre livré dè  : Aujourd'hui à 16h00

Connexion / In cription
Me  outil 
RAYONS
 Promotion 
 No  bon  plan 
Ma  oirée parfaite
Foire aux vin 
Mo
[15:29:05] [APP_START_SEARCH] Recherche: "Brioche" (E.Leclerc Drive) -> https://m-courses.leclercdrive.fr/magasin-089301/recherche/Brioche
[15:29:05] [WEBVIEW_NAV] URL: https://m-courses.leclercdrive.fr/magasin-089301/recherche/Brioche
[15:29:06] [WEBVIEW_NAV] URL: https://m-courses.leclercdrive.fr/magasin-089301/recherche/Brioche
[15:29:06] [WEBVIEW_NAV] URL: https://m-courses.leclercdrive.fr/magasin-089301/recherche/Brioche
[15:29:06] [WEBVIEW_NAV] URL: https://m-courses.leclercdrive.fr/magasin-089301/recherche/Brioche
[15:29:06] [SCREEN_TEXT] URL: https://m-courses.leclercdrive.fr/magasin-089301/recherche/Brioche | Text: 1
2,06 €
Filtrer
Trier

47 ré ultat  affiché  pour "Brioche"

Brioche tranchée Epi d'Or Nature - 700g

2,29 €

3,27 € / kg

Brioche tre ée Epi d'or nature - 600g

2,09 €

3,48 € / kg

Brioche tranchée Pa quier Tranche  gourmande  - 450g

2,11 €

4,69 € / kg

Brioche tre ée Pa quier Tranchée nature -
[15:29:08] [SCREEN_TEXT] URL: https://m-courses.leclercdrive.fr/magasin-089301/recherche/Brioche | Text: 1
2,06 €
Filtrer
Trier

47 ré ultat  affiché  pour "Brioche"

Brioche tranchée Epi d'Or Nature - 700g

2,29 €

3,27 € / kg

Brioche tre ée Epi d'or nature - 600g

2,09 €

3,48 € / kg

Brioche tranchée Pa quier Tranche  gourmande  - 450g

2,11 €

4,69 € / kg

Brioche tre ée Pa quier Tranchée nature -
[15:32:11] [NEW_GENERATED_GROCERIES] Articles (85): Bagels (6 ), Pains pita (2 ), Tortillas de blé (4 ), Pains naans (102 ), Tranches de brioche (2 tranches), Yaourt grec nature (340 g), Beurre doux (30 g), Œufs (16 ), Yaourt nature (70 g), Fromage frais à tartiner (155 g), Feta AOP (170 g), Fromage de chèvre frais (70 g), Parmesan râpé (35 g), Lait demi-écrémé (55 ml), Tzatziki (85 g), Lait d'avoine (170 ml), Emmental râpé (55 g), Pavé de saumon frais (240 g), Blancs de poulet (495 g), Saumon fumé (240 g), Dos de cabillaud frais (340 g), Jambon de dinde (4 ), Bœuf haché (240 g), Cuisses de poulet (290 g), Graines de chia (70 g), Noix de coco râpée (30 g), Huile d'olive (113.5 c.à.s), Lentilles corail (140 g), Poudre d'amandes (85 g), Cacao en poudre non sucré (9 g), Flocons d'avoine (70 g), Sirop d'érable (30 ml), Pois chiches (510 g), Riz basmati (255 g), Semoule de couscous (140 g), Crackers aux graines (7 ), Cerneaux de noix (30 g), Lait de coco (410 ml), Pâtes (140 g), Pesto vert au basilic (4 g), Coulis de tomate (170 g), Beurre de cacahuète (35 g), Olives noires (55 g), Moutarde de Dijon (3.5 c.à.s), Mangue (2 ), Brocolis frais (205 g), Carottes (425 g), Citron jaune (13 ), Ail (23 ), Aneth frais (55 g), Oignon jaune (10 ), Pommes de terre (565 g), Menthe fraîche (50 g), Dattes Medjool (4 ), Banane (4 ), Persil frais (70 g), Coriandre fraîche (70 g), Salade verte (255 g), Concombre (5 ), Radis (170 g), Courgette (4 ), Fraises (310 g), Pomme (614 ), Citron vert (2 ), Tomates fraîches (850 g), Poivron (4 ), Tomates cerises (395 g), Patate douce (425 g), Ciboulette fraîche (7 g), Poire (2 ), Oignon rouge (1 ), Mâche fraîche (35 g), Fruits rouges (255 g), Jeunes pousses d'épinards (140 g), Piment doux (27.5 c.à.s), Cumin moulu (3.5 c.à.s), Coriandre moulue (2 c.à.s), Bicarbonate alimentaire (5.5 c.à.c), Sumac (170 c.à.c), Curry doux en poudre (2 c.à.s), Paprika doux (2 c.à.s), Curcuma moulu (2 c.à.s), Herbes de Provence (1 c.à.s), Origan séché (2 c.à.s), Feuilles de laurier (2 )
[15:32:19] [WEBVIEW_NAV] URL: https://www.leclercdrive.fr/
[15:32:22] [WEBVIEW_NAV] URL: https://www.leclercdrive.fr/
[15:32:23] [SCREEN_TEXT] URL: https://www.leclercdrive.fr/ | Text: Se connecter
Me  cour e  en ligne
en drive, en retrait piéton ou livrée  à domicile
Plu  d'info  en vidéo

Utili ez le  flèche  gauche et droite du clavier pour parcourir le  mode  de retrait.

Drive
Récupérez votre commande
en voiture
Retrait piéton
Récupérez votre commande
à pied en ba  de chez vo
[15:32:24] [SCREEN_TEXT] URL: https://www.leclercdrive.fr/ | Text: Se connecter
Me  cour e  en ligne
en drive, en retrait piéton ou livrée  à domicile
 
Livry-Gargan, Seine-Saint-Deni  (93190)
Plu  d'info  en vidéo

Utili ez le  flèche  gauche et droite du clavier pour parcourir le  mode  de retrait.

Drive
Récupérez votre commande
en voiture
Retrait piéton
Récupér
[15:32:28] [WEBVIEW_NAV] URL: https://www.leclercdrive.fr/#_divModalMagasin&089301
[15:32:28] [WEBVIEW_NAV] URL: https://www.leclercdrive.fr/#_divModalMagasin&089301
[15:32:30] [STORE_AUTO_DETECTED] https://m-courses.leclercdrive.fr/magasin-089301-089301-aulnay-sous-bois
[15:32:30] [WEBVIEW_NAV] URL: https://m-courses.leclercdrive.fr/magasin-089301-089301-aulnay-sous-bois
[15:32:31] [WEBVIEW_NAV] URL: https://m-courses.leclercdrive.fr/magasin-089301-089301-aulnay-sous-bois
[15:32:31] [WEBVIEW_NAV] URL: https://m-courses.leclercdrive.fr/magasin-089301-089301-aulnay-sous-bois
[15:32:31] [WEBVIEW_NAV] URL: https://m-courses.leclercdrive.fr/magasin-089301-089301-aulnay-sous-bois
[15:32:31] [APP_START_SEARCH] Recherche: "Bagels" (E.Leclerc Drive) -> https://m-courses.leclercdrive.fr/magasin-089301/recherche/Bagels
[15:32:31] [WEBVIEW_NAV] URL: https://m-courses.leclercdrive.fr/magasin-089301/recherche/Bagels
[15:32:31] [WEBVIEW_NAV] URL: https://m-courses.leclercdrive.fr/magasin-089301/recherche/Bagels
[15:32:31] [WEBVIEW_NAV] URL: https://m-courses.leclercdrive.fr/magasin-089301/recherche/Bagels
[15:32:32] [SCREEN_TEXT] URL: https://m-courses.leclercdrive.fr/magasin-089301/recherche/Bagels | Text: 1
2,06 €
Filtrer
Trier

1 ré ultat affiché pour "Bagel "

Bagel Sé ame Regent'  Park x4 - 250g

3,65 €

14,60 € / kg

Accueil
 

Aulnay- ou -Boi 

Etre livré dè  : Aujourd'hui à 16h00

Connexion / In cription
Me  outil 
RAYONS
 Promotion 
 No  bon  plan 
Ma  oirée parfaite
Foire aux vin 
Mon marché 
[15:32:33] [WEBVIEW_NAV] URL: https://m-courses.leclercdrive.fr/magasin-089301/recherche/Bagels
[15:32:34] [SCREEN_TEXT] URL: https://m-courses.leclercdrive.fr/magasin-089301/recherche/Bagels | Text: 1
2,06 €
Filtrer
Trier

1 ré ultat affiché pour "Bagel "

Bagel Sé ame Regent'  Park x4 - 250g

3,65 €

14,60 € / kg

Accueil
 

Aulnay- ou -Boi 

Etre livré dè  : Aujourd'hui à 16h00

Connexion / In cription
Me  outil 
RAYONS
 Promotion 
 No  bon  plan 
Ma  oirée parfaite
Foire aux vin 
Mon marché 
[15:32:40] [APP_START_SEARCH] Recherche: "Pain pita" (E.Leclerc Drive) -> https://m-courses.leclercdrive.fr/magasin-089301/recherche/Pain%20pita
[15:32:41] [WEBVIEW_NAV] URL: https://m-courses.leclercdrive.fr/magasin-089301/recherche/Pain%20pita
[15:32:41] [WEBVIEW_NAV] URL: https://m-courses.leclercdrive.fr/magasin-089301/recherche/Pain%20pita
[15:32:41] [WEBVIEW_NAV] URL: https://m-courses.leclercdrive.fr/magasin-089301/recherche/Pain%20pita
[15:32:41] [WEBVIEW_NAV] URL: https://m-courses.leclercdrive.fr/magasin-089301/recherche/Pain%20pita
[15:32:42] [SCREEN_TEXT] URL: https://m-courses.leclercdrive.fr/magasin-089301/recherche/Pain%20pita | Text: 3
9,36 €
Filtrer
Trier

1 ré ultat affiché pour "Pain pita"

Sauce Pita Heinz - 230g

Produit   imilaire 

Bientôt di ponible

Accueil
 

Aulnay- ou -Boi 

Etre livré dè  : Aujourd'hui à 16h00

Connexion / In cription
Me  outil 
RAYONS
 Promotion 
 No  bon  plan 
Ma  oirée parfaite
Foire aux vin 
Mo
[15:32:43] [SCREEN_TEXT] URL: https://m-courses.leclercdrive.fr/magasin-089301/recherche/Pain%20pita | Text: 3
9,36 €
Filtrer
Trier

1 ré ultat affiché pour "Pain pita"

Sauce Pita Heinz - 230g

Produit   imilaire 

Bientôt di ponible

Accueil
 

Aulnay- ou -Boi 

Etre livré dè  : Aujourd'hui à 16h00

Connexion / In cription
Me  outil 
RAYONS
 Promotion 
 No  bon  plan 
Ma  oirée parfaite
Foire aux vin 
Mo
[15:32:44] [APP_START_SEARCH] Recherche: "Tortillas de blé" (E.Leclerc Drive) -> https://m-courses.leclercdrive.fr/magasin-089301/recherche/Tortillas%20de%20bl%C3%A9
[15:32:45] [WEBVIEW_NAV] URL: https://m-courses.leclercdrive.fr/magasin-089301/recherche/Tortillas%20de%20bl%C3%A9
[15:32:45] [WEBVIEW_NAV] URL: https://m-courses.leclercdrive.fr/magasin-089301/recherche/Tortillas%20de%20bl%C3%A9
[15:32:45] [WEBVIEW_NAV] URL: https://m-courses.leclercdrive.fr/magasin-089301/recherche/Tortillas%20de%20bl%C3%A9
[15:32:45] [WEBVIEW_NAV] URL: https://m-courses.leclercdrive.fr/magasin-089301/recherche/Tortillas%20de%20bl%C3%A9
[15:32:46] [SCREEN_TEXT] URL: https://m-courses.leclercdrive.fr/magasin-089301/recherche/Tortillas%20de%20bl%C3%A9 | Text: 3
9,36 €
Filtrer
Trier

2 ré ultat  affiché  pour "Tortilla  de blé"

Tortilla  Old El Pa o de maï  et blé x8 - 335g

2,38 €

7,10 € / kg

Tortilla  Old El Pa o de blé nature x8 - 326g

2,42 €

7,42 € / kg

Accueil
 

Aulnay- ou -Boi 

Etre livré dè  : Aujourd'hui à 16h00

Connexion / In cription
Me
[15:32:47] [SCREEN_TEXT] URL: https://m-courses.leclercdrive.fr/magasin-089301/recherche/Tortillas%20de%20bl%C3%A9 | Text: 3
9,36 €
Filtrer
Trier

2 ré ultat  affiché  pour "Tortilla  de blé"

Tortilla  Old El Pa o de maï  et blé x8 - 335g

2,38 €

7,10 € / kg

Tortilla  Old El Pa o de blé nature x8 - 326g

2,42 €

7,42 € / kg

Accueil
 

Aulnay- ou -Boi 

Etre livré dè  : Aujourd'hui à 16h00

Connexion / In cription
Me
[15:32:50] [APP_START_SEARCH] Recherche: "Pain naans" (E.Leclerc Drive) -> https://m-courses.leclercdrive.fr/magasin-089301/recherche/Pain%20naans
[15:32:51] [WEBVIEW_NAV] URL: https://m-courses.leclercdrive.fr/magasin-089301/recherche/Pain%20naans
[15:32:51] [WEBVIEW_NAV] URL: https://m-courses.leclercdrive.fr/magasin-089301/recherche/Pain%20naans
[15:32:51] [WEBVIEW_NAV] URL: https://m-courses.leclercdrive.fr/magasin-089301/recherche/Pain%20naans
[15:32:51] [WEBVIEW_NAV] URL: https://m-courses.leclercdrive.fr/magasin-089301/recherche/Pain%20naans
[15:32:52] [SCREEN_TEXT] URL: https://m-courses.leclercdrive.fr/magasin-089301/recherche/Pain%20naans | Text: 4
11,74 €

Aucun ré ultat ne corre pond à votre recherche "Pain naan "

Nou   ignaler un produit manquant

Accueil
 

Aulnay- ou -Boi 

Etre livré dè  : Aujourd'hui à 16h00

Connexion / In cription
Me  outil 
RAYONS
 Promotion 
 No  bon  plan 
Ma  oirée parfaite
Foire aux vin 
Mon marché frai 
Viand
[15:32:53] [SCREEN_TEXT] URL: https://m-courses.leclercdrive.fr/magasin-089301/recherche/Pain%20naans | Text: 4
11,74 €

Aucun ré ultat ne corre pond à votre recherche "Pain naan "

Nou   ignaler un produit manquant

Accueil
 

Aulnay- ou -Boi 

Etre livré dè  : Aujourd'hui à 16h00

Connexion / In cription
Me  outil 
RAYONS
 Promotion 
 No  bon  plan 
Ma  oirée parfaite
Foire aux vin 
Mon marché frai 
Viand
[15:33:41] [APP_START_SEARCH] Recherche: "brioche" (E.Leclerc Drive) -> https://m-courses.leclercdrive.fr/magasin-089301/recherche/brioche
[15:33:42] [WEBVIEW_NAV] URL: https://m-courses.leclercdrive.fr/magasin-089301/recherche/brioche
[15:33:42] [WEBVIEW_NAV] URL: https://m-courses.leclercdrive.fr/magasin-089301/recherche/brioche
[15:33:42] [WEBVIEW_NAV] URL: https://m-courses.leclercdrive.fr/magasin-089301/recherche/brioche
[15:33:42] [WEBVIEW_NAV] URL: https://m-courses.leclercdrive.fr/magasin-089301/recherche/brioche
[15:33:43] [SCREEN_TEXT] URL: https://m-courses.leclercdrive.fr/magasin-089301/recherche/brioche | Text: 4
11,74 €

Accueil
 

Aulnay- ou -Boi 

Etre livré dè  : Aujourd'hui à 16h15

Connexion / In cription
Me  outil 
RAYONS
 Promotion 
 No  bon  plan 
Ma  oirée parfaite
Foire aux vin 
Mon marché frai 
Viande  Poi on 
Fruit  Légume 
Pain  Pâti erie 
Laitier Oeuf  Végétal
Charcuterie Traiteur
Surgelé 
E
[15:33:44] [SCREEN_TEXT] URL: https://m-courses.leclercdrive.fr/magasin-089301/recherche/brioche | Text: 4
11,74 €
Filtrer
Trier

47 ré ultat  affiché  pour "brioche"

Brioche tranchée Epi d'Or Nature - 700g

2,29 €

3,27 € / kg

Brioche tre ée Epi d'or nature - 600g

2,09 €

3,48 € / kg

Brioche tranchée Pa quier Tranche  gourmande  - 450g

2,11 €

4,69 € / kg

Brioche tre ée Pa quier Tranchée nature 
[15:33:45] [APP_START_SEARCH] Recherche: "Yaourt" (E.Leclerc Drive) -> https://m-courses.leclercdrive.fr/magasin-089301/recherche/Yaourt
[15:33:45] [WEBVIEW_NAV] URL: https://m-courses.leclercdrive.fr/magasin-089301/recherche/Yaourt
[15:33:45] [WEBVIEW_NAV] URL: https://m-courses.leclercdrive.fr/magasin-089301/recherche/Yaourt
[15:33:45] [WEBVIEW_NAV] URL: https://m-courses.leclercdrive.fr/magasin-089301/recherche/Yaourt
[15:33:45] [WEBVIEW_NAV] URL: https://m-courses.leclercdrive.fr/magasin-089301/recherche/Yaourt
[15:33:46] [SCREEN_TEXT] URL: https://m-courses.leclercdrive.fr/magasin-089301/recherche/Yaourt | Text: 0
0
Filtrer
Trier

200 ré ultat  affiché  pour "Yaourt"

Yaourt fjord fromage blanc Nature - 8x125g

3,39 €

3,39 € / kg

Yaourt fjord fromage blanc Nature - 4x125g

2,04 €

4,08 € / kg

Yaourt protéiné Hipro Frai e - 2x160g

2,27 €

7,09 € / kg

Yaourt à boire protéiné Hipro Frai e framboi e 0%mg -
[15:33:47] [SCREEN_TEXT] URL: https://m-courses.leclercdrive.fr/magasin-089301/recherche/Yaourt | Text: 4
11,74 €
Filtrer
Trier

200 ré ultat  affiché  pour "Yaourt"

Yaourt fjord fromage blanc Nature - 8x125g

3,39 €

3,39 € / kg

Yaourt fjord fromage blanc Nature - 4x125g

2,04 €

4,08 € / kg

Yaourt protéiné Hipro Frai e - 2x160g

2,27 €

7,09 € / kg

Yaourt à boire protéiné Hipro Frai e framboi e 
[15:33:48] [APP_START_SEARCH] Recherche: "Beurre doux" (E.Leclerc Drive) -> https://m-courses.leclercdrive.fr/magasin-089301/recherche/Beurre%20doux
[15:33:49] [WEBVIEW_NAV] URL: https://m-courses.leclercdrive.fr/magasin-089301/recherche/Beurre%20doux
[15:33:49] [WEBVIEW_NAV] URL: https://m-courses.leclercdrive.fr/magasin-089301/recherche/Beurre%20doux
[15:33:49] [WEBVIEW_NAV] URL: https://m-courses.leclercdrive.fr/magasin-089301/recherche/Beurre%20doux
[15:33:49] [WEBVIEW_NAV] URL: https://m-courses.leclercdrive.fr/magasin-089301/recherche/Beurre%20doux
[15:33:50] [SCREEN_TEXT] URL: https://m-courses.leclercdrive.fr/magasin-089301/recherche/Beurre%20doux | Text: 4
11,74 €

Accueil
 

Aulnay- ou -Boi 

Etre livré dè  : Aujourd'hui à 16h15

Connexion / In cription
Me  outil 
RAYONS
 Promotion 
 No  bon  plan 
Ma  oirée parfaite
Foire aux vin 
Mon marché frai 
Viande  Poi on 
Fruit  Légume 
Pain  Pâti erie 
Laitier Oeuf  Végétal
Charcuterie Traiteur
Surgelé 
E
[15:33:51] [SCREEN_TEXT] URL: https://m-courses.leclercdrive.fr/magasin-089301/recherche/Beurre%20doux | Text: 4
11,74 €
Filtrer
Trier

31 ré ultat  affiché  pour "Beurre doux"

Beurre Extra fin Le  Croi é  Doux - 82 % MG - 125g

1,49 €

11,92 € / kg

Beurre Tendre Le  Croi é  Doux - 82% MG - 250g

2,51 €

10,04 € / kg

Beurre Extra fin Le  Croi é  Doux - 82% MG - 250g

2,99 €

11,96 € / kg

Beurre Tendre Le
[15:33:53] [APP_START_SEARCH] Recherche: "Oeufs" (E.Leclerc Drive) -> https://m-courses.leclercdrive.fr/magasin-089301/recherche/Oeufs
[15:33:54] [WEBVIEW_NAV] URL: https://m-courses.leclercdrive.fr/magasin-089301/recherche/Oeufs
[15:33:54] [WEBVIEW_NAV] URL: https://m-courses.leclercdrive.fr/magasin-089301/recherche/Oeufs
[15:33:54] [WEBVIEW_NAV] URL: https://m-courses.leclercdrive.fr/magasin-089301/recherche/Oeufs
[15:33:54] [WEBVIEW_NAV] URL: https://m-courses.leclercdrive.fr/magasin-089301/recherche/Oeufs
[15:33:55] [SCREEN_TEXT] URL: https://m-courses.leclercdrive.fr/magasin-089301/recherche/Oeufs | Text: 4
11,74 €

Accueil
 

Aulnay- ou -Boi 

Etre livré dè  : Aujourd'hui à 16h15

Connexion / In cription
Me  outil 
RAYONS
 Promotion 
 No  bon  plan 
Ma  oirée parfaite
Foire aux vin 
Mon marché frai 
Viande  Poi on 
Fruit  Légume 
Pain  Pâti erie 
Laitier Oeuf  Végétal
Charcuterie Traiteur
Surgelé 
E
[15:33:56] [SCREEN_TEXT] URL: https://m-courses.leclercdrive.fr/magasin-089301/recherche/Oeufs | Text: 4
11,74 €
Filtrer
Trier

60 ré ultat  affiché  pour "Oeuf "

Oeuf  frai  plein air - x20

4,66 €

0,23 € / p

Oeuf  frai  De No  Région  Plein Air - x12

2,92 €

0,24 € / p

Oeuf  de No  Région  Plein air - x6

1,51 €

0,25 € / p

Oeuf  frai  plein air Oeuf  de No  Région  - x4

0,99 €

0,25 € / p


[15:33:58] [APP_START_SEARCH] Recherche: "Yaourt" (E.Leclerc Drive) -> https://m-courses.leclercdrive.fr/magasin-089301/recherche/Yaourt
[15:33:58] [WEBVIEW_NAV] URL: https://m-courses.leclercdrive.fr/magasin-089301/recherche/Yaourt
[15:33:58] [WEBVIEW_NAV] URL: https://m-courses.leclercdrive.fr/magasin-089301/recherche/Yaourt
[15:33:58] [WEBVIEW_NAV] URL: https://m-courses.leclercdrive.fr/magasin-089301/recherche/Yaourt
[15:33:58] [WEBVIEW_NAV] URL: https://m-courses.leclercdrive.fr/magasin-089301/recherche/Yaourt
[15:33:59] [SCREEN_TEXT] URL: https://m-courses.leclercdrive.fr/magasin-089301/recherche/Yaourt | Text: 4
11,74 €

Accueil
 

Aulnay- ou -Boi 

Etre livré dè  : Aujourd'hui à 16h15

Connexion / In cription
Me  outil 
RAYONS
 Promotion 
 No  bon  plan 
Ma  oirée parfaite
Foire aux vin 
Mon marché frai 
Viande  Poi on 
Fruit  Légume 
Pain  Pâti erie 
Laitier Oeuf  Végétal
Charcuterie Traiteur
Surgelé 
E
[15:34:01] [SCREEN_TEXT] URL: https://m-courses.leclercdrive.fr/magasin-089301/recherche/Yaourt | Text: 4
11,74 €
Filtrer
Trier

200 ré ultat  affiché  pour "Yaourt"

Yaourt fjord fromage blanc Nature - 8x125g

3,39 €

3,39 € / kg

Yaourt fjord fromage blanc Nature - 4x125g

2,04 €

4,08 € / kg

Yaourt protéiné Hipro Frai e - 2x160g

2,27 €

7,09 € / kg

Yaourt à boire protéiné Hipro Frai e framboi e 
[15:34:03] [APP_START_SEARCH] Recherche: "Fromage à tartiner" (E.Leclerc Drive) -> https://m-courses.leclercdrive.fr/magasin-089301/recherche/Fromage%20%C3%A0%20tartiner
[15:34:03] [WEBVIEW_NAV] URL: https://m-courses.leclercdrive.fr/magasin-089301/recherche/Fromage%20%C3%A0%20tartiner
[15:34:03] [WEBVIEW_NAV] URL: https://m-courses.leclercdrive.fr/magasin-089301/recherche/Fromage%20%C3%A0%20tartiner
[15:34:03] [WEBVIEW_NAV] URL: https://m-courses.leclercdrive.fr/magasin-089301/recherche/Fromage%20%C3%A0%20tartiner
[15:34:03] [WEBVIEW_NAV] URL: https://m-courses.leclercdrive.fr/magasin-089301/recherche/Fromage%20%C3%A0%20tartiner
[15:34:04] [SCREEN_TEXT] URL: https://m-courses.leclercdrive.fr/magasin-089301/recherche/Fromage%20%C3%A0%20tartiner | Text: 4
11,74 €
Filtrer
Trier

46 ré ultat  affiché  pour "Fromage à tartiner"

Fromage à tartiner Le  Croi é  Allégé Nature - 150g

1,16 €

7,73 € / kg

Fromage à tartiner St Môret nature léger 150g

2,93 €

19,53 € / kg

Fromage à Tartiner St Môret Nature - 500g

5,58 €

11,16 € / kg

Fromage à Tartiner
[15:34:05] [SCREEN_TEXT] URL: https://m-courses.leclercdrive.fr/magasin-089301/recherche/Fromage%20%C3%A0%20tartiner | Text: 4
11,74 €
Filtrer
Trier

46 ré ultat  affiché  pour "Fromage à tartiner"

Fromage à tartiner Le  Croi é  Allégé Nature - 150g

1,16 €

7,73 € / kg

Fromage à tartiner St Môret nature léger 150g

2,93 €

19,53 € / kg

Fromage à Tartiner St Môret Nature - 500g

5,58 €

11,16 € / kg

Fromage à Tartiner
[15:34:06] [APP_START_SEARCH] Recherche: "Feta AOP" (E.Leclerc Drive) -> https://m-courses.leclercdrive.fr/magasin-089301/recherche/Feta%20AOP
[15:34:07] [WEBVIEW_NAV] URL: https://m-courses.leclercdrive.fr/magasin-089301/recherche/Feta%20AOP
[15:34:07] [WEBVIEW_NAV] URL: https://m-courses.leclercdrive.fr/magasin-089301/recherche/Feta%20AOP
[15:34:07] [WEBVIEW_NAV] URL: https://m-courses.leclercdrive.fr/magasin-089301/recherche/Feta%20AOP
[15:34:08] [SCREEN_TEXT] URL: https://m-courses.leclercdrive.fr/magasin-089301/recherche/Feta%20AOP | Text: 4
11,74 €
Filtrer
Trier

4 ré ultat  affiché  pour "Feta AOP"

Féta AOP Salaki  Fromage brebi  et chèvre - 150g

2,96 €

19,73 € / kg

Fromage Feta Grecque I lo  AOP - 150g

2,84 €

18,93 € / kg

Feta grecque AOP Le  Croi é  - Tranche - 150g

Produit   imilaire 

Bientôt di ponible

Feta AOP Ca a Az
[15:34:09] [SCREEN_TEXT] URL: https://m-courses.leclercdrive.fr/magasin-089301/recherche/Feta%20AOP | Text: 4
11,74 €
Filtrer
Trier

4 ré ultat  affiché  pour "Feta AOP"

Féta AOP Salaki  Fromage brebi  et chèvre - 150g

2,96 €

19,73 € / kg

Fromage Feta Grecque I lo  AOP - 150g

2,84 €

18,93 € / kg

Feta grecque AOP Le  Croi é  - Tranche - 150g

Produit   imilaire 

Bientôt di ponible

Feta AOP Ca a Az
[15:34:09] [WEBVIEW_NAV] URL: https://m-courses.leclercdrive.fr/magasin-089301/recherche/Feta%20AOP
[15:34:10] [APP_START_SEARCH] Recherche: "Fromage de chèvre" (E.Leclerc Drive) -> https://m-courses.leclercdrive.fr/magasin-089301/recherche/Fromage%20de%20ch%C3%A8vre
[15:34:10] [WEBVIEW_NAV] URL: https://m-courses.leclercdrive.fr/magasin-089301/recherche/Fromage%20de%20ch%C3%A8vre
[15:34:10] [WEBVIEW_NAV] URL: https://m-courses.leclercdrive.fr/magasin-089301/recherche/Fromage%20de%20ch%C3%A8vre
[15:34:10] [WEBVIEW_NAV] URL: https://m-courses.leclercdrive.fr/magasin-089301/recherche/Fromage%20de%20ch%C3%A8vre
[15:34:10] [WEBVIEW_NAV] URL: https://m-courses.leclercdrive.fr/magasin-089301/recherche/Fromage%20de%20ch%C3%A8vre
[15:34:11] [SCREEN_TEXT] URL: https://m-courses.leclercdrive.fr/magasin-089301/recherche/Fromage%20de%20ch%C3%A8vre | Text: 4
11,74 €

Accueil
 

Aulnay- ou -Boi 

Etre livré dè  : Aujourd'hui à 16h15

Connexion / In cription
Me  outil 
RAYONS
 Promotion 
 No  bon  plan 
Ma  oirée parfaite
Foire aux vin 
Mon marché frai 
Viande  Poi on 
Fruit  Légume 
Pain  Pâti erie 
Laitier Oeuf  Végétal
Charcuterie Traiteur
Surgelé 
E
[15:34:12] [SCREEN_TEXT] URL: https://m-courses.leclercdrive.fr/magasin-089301/recherche/Fromage%20de%20ch%C3%A8vre | Text: 4
11,74 €
Filtrer
Trier

19 ré ultat  affiché  pour "Fromage de chèvre"

Fromage mi-chèvre Eco+ 23%mg - 180g

1,57 €

8,72 € / kg

Bûche Sainte Maure Soignon Fromage de chèvre - 300g

3,20 €

10,67 € / kg

Bûche de chèvre Soignon Fromage Bio - 180g

3,19 €

17,72 € / kg

Fromage bûche de chèvre Pré 
[15:35:12] [WEBVIEW_NAV] URL: https://www.leclercdrive.fr/
[15:35:14] [WEBVIEW_NAV] URL: https://www.leclercdrive.fr/
[15:35:15] [STORE_SWITCHED] Passage à Carrefour Drive -> https://www.carrefour.fr/drive
[15:35:15] [WEBVIEW_NAV] URL: https://www.carrefour.fr/drive
[15:35:19] [WEBVIEW_NAV] URL: https://www.carrefour.fr/drive
[15:35:19] [SCREEN_TEXT] URL: https://www.carrefour.fr/drive | Text: Accéder à la recherche
Accéder au contenu principale
Accéder au pied de page
Cour e 
Rechercher parmi le contenu du  ite
La zone de recherche comprend un champ avec une fonctionnalité d’auto ugge tion. Dè  que l’utili ateur commence à  ai ir du texte, le  ré ultat   e mettent automatiquement à jour.
[15:35:21] [SCREEN_TEXT] URL: https://www.carrefour.fr/drive | Text: Accéder à la recherche
Accéder au contenu principale
Accéder au pied de page
Cour e 
Rechercher parmi le contenu du  ite
La zone de recherche comprend un champ avec une fonctionnalité d’auto ugge tion. Dè  que l’utili ateur commence à  ai ir du texte, le  ré ultat   e mettent automatiquement à jour.
[15:35:42] [WEBVIEW_NAV] URL: https://www.carrefour.fr/magasin
[15:35:47] [WEBVIEW_NAV] URL: https://www.carrefour.fr/magasin
[15:35:48] [SCREEN_TEXT] URL: https://www.carrefour.fr/magasin | Text: Accéder à la recherche
Accéder au contenu principale
Accéder au pied de page
Cour e 
Rechercher parmi le contenu du  ite
La zone de recherche comprend un champ avec une fonctionnalité d’auto ugge tion. Dè  que l’utili ateur commence à  ai ir du texte, le  ré ultat   e mettent automatiquement à jour.
[15:35:49] [SCREEN_TEXT] URL: https://www.carrefour.fr/magasin | Text: Accéder à la recherche
Accéder au contenu principale
Accéder au pied de page
Cour e 
Rechercher parmi le contenu du  ite
La zone de recherche comprend un champ avec une fonctionnalité d’auto ugge tion. Dè  que l’utili ateur commence à  ai ir du texte, le  ré ultat   e mettent automatiquement à jour.
[15:36:24] [APP_START_SEARCH] Recherche: "Bagels" (Carrefour Drive) -> https://www.carrefour.fr/s?q=Bagels
[15:36:26] [WEBVIEW_NAV] URL: https://www.carrefour.fr/s?q=Bagels
[15:36:30] [WEBVIEW_NAV] URL: https://www.carrefour.fr/s?q=Bagels
[15:36:30] [SCREEN_TEXT] URL: https://www.carrefour.fr/s?q=Bagels | Text: Accéder à la recherche
Accéder au contenu principale
Accéder au pied de page
Cour e 
Rechercher parmi le contenu du  ite
La zone de recherche comprend un champ avec une fonctionnalité d’auto ugge tion. Dè  que l’utili ateur commence à  ai ir du texte, le  ré ultat   e mettent automatiquement à jour.
[15:36:31] [CHANGE_STORE_CLICKED] Changer de magasin pour Carrefour Drive -> https://www.carrefour.fr/drive
[15:36:31] [WEBVIEW_NAV] URL: https://www.carrefour.fr/drive
[15:36:34] [WEBVIEW_NAV] URL: https://www.carrefour.fr/drive
[15:36:35] [SCREEN_TEXT] URL: https://www.carrefour.fr/drive | Text: Accéder à la recherche
Accéder au contenu principale
Accéder au pied de page
Rechercher parmi le contenu du  ite
La zone de recherche comprend un champ avec une fonctionnalité d’auto ugge tion. Dè  que l’utili ateur commence à  ai ir du texte, le  ré ultat   e mettent automatiquement à jour. Pour pa
[15:36:35] [WEBVIEW_NAV] URL: https://www.carrefour.fr/magasin
[15:36:39] [WEBVIEW_NAV] URL: https://www.carrefour.fr/magasin
[15:36:40] [SCREEN_TEXT] URL: https://www.carrefour.fr/magasin | Text: Accéder à la recherche
Accéder au contenu principale
Accéder au pied de page
Cour e 
Rechercher parmi le contenu du  ite
La zone de recherche comprend un champ avec une fonctionnalité d’auto ugge tion. Dè  que l’utili ateur commence à  ai ir du texte, le  ré ultat   e mettent automatiquement à jour.
[15:36:42] [SCREEN_TEXT] URL: https://www.carrefour.fr/magasin | Text: Accéder à la recherche
Accéder au contenu principale
Accéder au pied de page
Cour e 
Rechercher parmi le contenu du  ite
La zone de recherche comprend un champ avec une fonctionnalité d’auto ugge tion. Dè  que l’utili ateur commence à  ai ir du texte, le  ré ultat   e mettent automatiquement à jour.
[15:37:05] [WEBVIEW_NAV] URL: https://www.carrefour.fr/courses
[15:37:09] [WEBVIEW_NAV] URL: https://www.carrefour.fr/courses
[15:37:10] [SCREEN_TEXT] URL: https://www.carrefour.fr/courses | Text: Accéder à la recherche
Accéder au contenu principale
Accéder au pied de page
Cour e 
Rechercher parmi le contenu du  ite
La zone de recherche comprend un champ avec une fonctionnalité d’auto ugge tion. Dè  que l’utili ateur commence à  ai ir du texte, le  ré ultat   e mettent automatiquement à jour.
[15:37:12] [SCREEN_TEXT] URL: https://www.carrefour.fr/courses | Text: Accéder à la recherche
Accéder au contenu principale
Accéder au pied de page
Cour e 
Rechercher parmi le contenu du  ite
La zone de recherche comprend un champ avec une fonctionnalité d’auto ugge tion. Dè  que l’utili ateur commence à  ai ir du texte, le  ré ultat   e mettent automatiquement à jour.
[15:37:15] [STORE_SWITCHED] Passage à Courses U Drive -> https://www.coursesu.com/drive
[15:37:15] [WEBVIEW_NAV] URL: https://www.coursesu.com/drive
[15:37:18] [WEBVIEW_NAV] URL: https://www.coursesu.com/drive
[15:37:18] [WEBVIEW_NAV] URL: https://www.coursesu.com/drive
[15:37:18] [WEBVIEW_NAV] URL: https://www.coursesu.com/drive
[15:37:18] [WEBVIEW_NAV] URL: https://www.coursesu.com/drive
[15:37:18] [WEBVIEW_NAV] URL: https://www.coursesu.com/drive
[15:37:18] [WEBVIEW_NAV] URL: https://www.coursesu.com/drive
[15:37:18] [WEBVIEW_NAV] URL: https://www.coursesu.com/drive
[15:37:18] [WEBVIEW_NAV] URL: https://www.coursesu.com/drive
[15:37:18] [WEBVIEW_NAV] URL: https://www.coursesu.com/drive
[15:37:18] [WEBVIEW_NAV] URL: https://www.coursesu.com/drive
[15:37:18] [WEBVIEW_NAV] URL: https://www.coursesu.com/drive
[15:37:18] [WEBVIEW_NAV] URL: https://www.coursesu.com/drive
[15:37:18] [WEBVIEW_NAV] URL: https://www.coursesu.com/drive
[15:37:18] [WEBVIEW_NAV] URL: https://www.coursesu.com/drive
[15:37:18] [WEBVIEW_NAV] URL: https://www.coursesu.com/drive
[15:37:18] [WEBVIEW_NAV] URL: https://www.coursesu.com/drive
[15:37:18] [WEBVIEW_NAV] URL: https://www.coursesu.com/drive
[15:37:18] [WEBVIEW_NAV] URL: https://www.coursesu.com/drive
[15:37:18] [WEBVIEW_NAV] URL: https://www.coursesu.com/drive
[15:37:18] [WEBVIEW_NAV] URL: https://www.coursesu.com/drive
[15:37:18] [WEBVIEW_NAV] URL: https://www.coursesu.com/drive
[15:37:18] [WEBVIEW_NAV] URL: https://www.coursesu.com/drive
[15:37:18] [WEBVIEW_NAV] URL: https://www.coursesu.com/drive
[15:37:18] [WEBVIEW_NAV] URL: https://www.coursesu.com/drive
[15:37:18] [WEBVIEW_NAV] URL: https://www.coursesu.com/drive
[15:37:18] [WEBVIEW_NAV] URL: https://www.coursesu.com/drive
[15:37:18] [WEBVIEW_NAV] URL: https://www.coursesu.com/drive
[15:37:18] [WEBVIEW_NAV] URL: https://www.coursesu.com/drive
[15:37:18] [WEBVIEW_NAV] URL: https://www.coursesu.com/drive
[15:37:18] [WEBVIEW_NAV] URL: https://www.coursesu.com/drive
[15:37:18] [WEBVIEW_NAV] URL: https://www.coursesu.com/drive
[15:37:18] [WEBVIEW_NAV] URL: https://www.coursesu.com/drive
[15:37:19] [SCREEN_TEXT] URL: https://www.coursesu.com/drive | Text: Accéder au contenu principal
Accéder au pied de page
Accéder au menu principal
Service  U
Contactez-nou 
Rechercher un produit
Rechercher
Votre  élection de filtre  ne retourne aucun ré ultat.

Veuillez refaire votre  élection.

Tentez un tour dan  no  rayon 
Fruit  et Légume 
Viande , poi on 
Charc
[15:37:20] [WEBVIEW_NAV] URL: https://www.coursesu.com/drive
[15:37:20] [STORE_SWITCHED] Passage à Carrefour Drive -> https://www.carrefour.fr/courses
[15:37:20] [WEBVIEW_NAV] URL: https://www.carrefour.fr/courses
[15:37:24] [WEBVIEW_NAV] URL: https://www.carrefour.fr/courses
[15:37:25] [SCREEN_TEXT] URL: https://www.carrefour.fr/courses | Text: Accéder à la recherche
Accéder au contenu principale
Accéder au pied de page
Cour e 
Rechercher parmi le contenu du  ite
La zone de recherche comprend un champ avec une fonctionnalité d’auto ugge tion. Dè  que l’utili ateur commence à  ai ir du texte, le  ré ultat   e mettent automatiquement à jour.
[15:37:26] [SCREEN_TEXT] URL: https://www.carrefour.fr/courses | Text: Accéder à la recherche
Accéder au contenu principale
Accéder au pied de page
Cour e 
Rechercher parmi le contenu du  ite
La zone de recherche comprend un champ avec une fonctionnalité d’auto ugge tion. Dè  que l’utili ateur commence à  ai ir du texte, le  ré ultat   e mettent automatiquement à jour.
[15:37:54] [APP_START_SEARCH] Recherche: "Bagels" (Carrefour Drive) -> https://www.carrefour.fr/s?q=Bagels
[15:37:54] [WEBVIEW_NAV] URL: https://www.carrefour.fr/courses
[15:37:55] [WEBVIEW_NAV] URL: https://www.carrefour.fr/s?q=Bagels
[15:37:58] [WEBVIEW_NAV] URL: https://www.carrefour.fr/s?q=Bagels
[15:37:59] [SCREEN_TEXT] URL: https://www.carrefour.fr/s?q=Bagels | Text: Accéder à la recherche
Accéder au contenu principale
Accéder au pied de page
Cour e 
Rechercher parmi le contenu du  ite
La zone de recherche comprend un champ avec une fonctionnalité d’auto ugge tion. Dè  que l’utili ateur commence à  ai ir du texte, le  ré ultat   e mettent automatiquement à jour.
[15:38:01] [SCREEN_TEXT] URL: https://www.carrefour.fr/s?q=Bagels | Text: Accéder à la recherche
Accéder au contenu principale
Accéder au pied de page
Cour e 
Rechercher parmi le contenu du  ite
La zone de recherche comprend un champ avec une fonctionnalité d’auto ugge tion. Dè  que l’utili ateur commence à  ai ir du texte, le  ré ultat   e mettent automatiquement à jour.
[15:38:05] [CHANGE_STORE_CLICKED] Changer de magasin pour Carrefour Drive -> https://www.carrefour.fr/courses
[15:38:05] [WEBVIEW_NAV] URL: https://www.carrefour.fr/courses
[15:38:06] [STORE_SWITCHED] Passage à Courses U Drive -> https://www.coursesu.com/drive
[15:38:06] [WEBVIEW_NAV] URL: https://www.coursesu.com/drive
[15:38:07] [WEBVIEW_NAV] URL: https://www.coursesu.com/drive
[15:38:07] [WEBVIEW_NAV] URL: https://www.coursesu.com/drive
[15:38:07] [SCREEN_TEXT] URL: https://www.coursesu.com/drive | Text: Accéder au contenu principal
Accéder au pied de page
Accéder au menu principal
Service  U
Contactez-nou 
Rechercher un produit
Rechercher
Votre  élection de filtre  ne retourne aucun ré ultat.

Veuillez refaire votre  élection.

Tentez un tour dan  no  rayon 
Fruit  et Légume 
Viande , poi on 
Charc
[15:38:09] [SCREEN_TEXT] URL: https://www.coursesu.com/drive | Text: Accéder au contenu principal
Accéder au pied de page
Accéder au menu principal
Service  U
Contactez-nou 
Rechercher un produit
Rechercher
Votre  élection de filtre  ne retourne aucun ré ultat.

Veuillez refaire votre  élection.

Tentez un tour dan  no  rayon 
Fruit  et Légume 
Viande , poi on 
Charc
[15:38:09] [WEBVIEW_NAV] URL: https://www.coursesu.com/drive
[15:38:09] [WEBVIEW_NAV] URL: https://www.coursesu.com/drive
[15:38:09] [WEBVIEW_NAV] URL: https://www.coursesu.com/drive
[15:38:09] [WEBVIEW_NAV] URL: https://www.coursesu.com/drive
[15:38:09] [WEBVIEW_NAV] URL: https://www.coursesu.com/drive
[15:38:09] [WEBVIEW_NAV] URL: https://www.coursesu.com/drive
[15:38:09] [WEBVIEW_NAV] URL: https://www.coursesu.com/drive
[15:38:09] [WEBVIEW_NAV] URL: https://www.coursesu.com/drive
[15:38:09] [WEBVIEW_NAV] URL: https://www.coursesu.com/drive
[15:38:09] [WEBVIEW_NAV] URL: https://www.coursesu.com/drive
[15:38:09] [WEBVIEW_NAV] URL: https://www.coursesu.com/drive
[15:38:09] [WEBVIEW_NAV] URL: https://www.coursesu.com/drive
[15:38:09] [WEBVIEW_NAV] URL: https://www.coursesu.com/drive
[15:38:09] [WEBVIEW_NAV] URL: https://www.coursesu.com/drive
[15:38:09] [WEBVIEW_NAV] URL: https://www.coursesu.com/drive
[15:38:09] [WEBVIEW_NAV] URL: https://www.coursesu.com/drive
[15:38:09] [WEBVIEW_NAV] URL: https://www.coursesu.com/drive
[15:38:09] [WEBVIEW_NAV] URL: https://www.coursesu.com/drive
[15:38:09] [WEBVIEW_NAV] URL: https://www.coursesu.com/drive
[15:38:09] [WEBVIEW_NAV] URL: https://www.coursesu.com/drive
[15:38:09] [WEBVIEW_NAV] URL: https://www.coursesu.com/drive
[15:38:09] [WEBVIEW_NAV] URL: https://www.coursesu.com/drive
[15:38:09] [WEBVIEW_NAV] URL: https://www.coursesu.com/drive
[15:38:09] [WEBVIEW_NAV] URL: https://www.coursesu.com/drive
[15:38:09] [WEBVIEW_NAV] URL: https://www.coursesu.com/drive
[15:38:09] [WEBVIEW_NAV] URL: https://www.coursesu.com/drive
[15:38:09] [WEBVIEW_NAV] URL: https://www.coursesu.com/drive
[15:38:09] [WEBVIEW_NAV] URL: https://www.coursesu.com/drive
[15:38:09] [WEBVIEW_NAV] URL: https://www.coursesu.com/drive
[15:38:09] [WEBVIEW_NAV] URL: https://www.coursesu.com/drive
[15:38:09] [WEBVIEW_NAV] URL: https://www.coursesu.com/drive
[15:38:09] [WEBVIEW_NAV] URL: https://www.coursesu.com/drive
[15:38:10] [WEBVIEW_NAV] URL: https://www.coursesu.com/drive
[15:38:10] [STORE_SWITCHED] Passage à Carrefour Drive -> https://www.carrefour.fr/courses
[15:38:10] [WEBVIEW_NAV] URL: https://www.carrefour.fr/courses
[15:38:14] [WEBVIEW_NAV] URL: https://www.carrefour.fr/courses
[15:38:15] [SCREEN_TEXT] URL: https://www.carrefour.fr/courses | Text: Accéder à la recherche
Accéder au contenu principale
Accéder au pied de page
Cour e 
Rechercher parmi le contenu du  ite
La zone de recherche comprend un champ avec une fonctionnalité d’auto ugge tion. Dè  que l’utili ateur commence à  ai ir du texte, le  ré ultat   e mettent automatiquement à jour.
[15:38:17] [SCREEN_TEXT] URL: https://www.carrefour.fr/courses | Text: Accéder à la recherche
Accéder au contenu principale
Accéder au pied de page
Cour e 
Rechercher parmi le contenu du  ite
La zone de recherche comprend un champ avec une fonctionnalité d’auto ugge tion. Dè  que l’utili ateur commence à  ai ir du texte, le  ré ultat   e mettent automatiquement à jour.
[15:38:17] [STORE_SWITCHED] Passage à Courses U Drive -> https://www.coursesu.com/drive
[15:38:17] [WEBVIEW_NAV] URL: https://www.coursesu.com/drive
[15:38:19] [WEBVIEW_NAV] URL: https://www.coursesu.com/drive
[15:38:19] [WEBVIEW_NAV] URL: https://www.coursesu.com/drive
[15:38:19] [WEBVIEW_NAV] URL: https://www.coursesu.com/drive
[15:38:19] [WEBVIEW_NAV] URL: https://www.coursesu.com/drive
[15:38:19] [WEBVIEW_NAV] URL: https://www.coursesu.com/drive
[15:38:19] [WEBVIEW_NAV] URL: https://www.coursesu.com/drive
[15:38:19] [WEBVIEW_NAV] URL: https://www.coursesu.com/drive
[15:38:19] [WEBVIEW_NAV] URL: https://www.coursesu.com/drive
[15:38:19] [WEBVIEW_NAV] URL: https://www.coursesu.com/drive
[15:38:19] [WEBVIEW_NAV] URL: https://www.coursesu.com/drive
[15:38:19] [WEBVIEW_NAV] URL: https://www.coursesu.com/drive
[15:38:19] [WEBVIEW_NAV] URL: https://www.coursesu.com/drive
[15:38:19] [WEBVIEW_NAV] URL: https://www.coursesu.com/drive
[15:38:19] [WEBVIEW_NAV] URL: https://www.coursesu.com/drive
[15:38:19] [WEBVIEW_NAV] URL: https://www.coursesu.com/drive
[15:38:19] [WEBVIEW_NAV] URL: https://www.coursesu.com/drive
[15:38:19] [WEBVIEW_NAV] URL: https://www.coursesu.com/drive
[15:38:19] [WEBVIEW_NAV] URL: https://www.coursesu.com/drive
[15:38:19] [WEBVIEW_NAV] URL: https://www.coursesu.com/drive
[15:38:19] [WEBVIEW_NAV] URL: https://www.coursesu.com/drive
[15:38:19] [WEBVIEW_NAV] URL: https://www.coursesu.com/drive
[15:38:19] [WEBVIEW_NAV] URL: https://www.coursesu.com/drive
[15:38:19] [WEBVIEW_NAV] URL: https://www.coursesu.com/drive
[15:38:19] [WEBVIEW_NAV] URL: https://www.coursesu.com/drive
[15:38:19] [WEBVIEW_NAV] URL: https://www.coursesu.com/drive
[15:38:19] [WEBVIEW_NAV] URL: https://www.coursesu.com/drive
[15:38:19] [WEBVIEW_NAV] URL: https://www.coursesu.com/drive
[15:38:19] [WEBVIEW_NAV] URL: https://www.coursesu.com/drive
[15:38:19] [WEBVIEW_NAV] URL: https://www.coursesu.com/drive
[15:38:19] [WEBVIEW_NAV] URL: https://www.coursesu.com/drive
[15:38:19] [WEBVIEW_NAV] URL: https://www.coursesu.com/drive
[15:38:19] [WEBVIEW_NAV] URL: https://www.coursesu.com/drive
[15:38:20] [WEBVIEW_NAV] URL: https://www.coursesu.com/drive
[15:38:20] [WEBVIEW_NAV] URL: https://www.coursesu.com/drive
[15:38:21] [SCREEN_TEXT] URL: https://www.coursesu.com/drive | Text: Accéder au contenu principal
Accéder au pied de page
Accéder au menu principal
Service  U
Contactez-nou 
Rechercher un produit
Rechercher
Votre  élection de filtre  ne retourne aucun ré ultat.

Veuillez refaire votre  élection.

Tentez un tour dan  no  rayon 
Fruit  et Légume 
Viande , poi on 
Charc
[15:38:21] [WEBVIEW_NAV] URL: https://www.coursesu.com/drive
[15:38:22] [SCREEN_TEXT] URL: https://www.coursesu.com/drive | Text: Accéder au contenu principal
Accéder au pied de page
Accéder au menu principal
Service  U
Contactez-nou 
Rechercher un produit
Rechercher
Votre  élection de filtre  ne retourne aucun ré ultat.

Veuillez refaire votre  élection.

Tentez un tour dan  no  rayon 
Fruit  et Légume 
Viande , poi on 
Charc
[15:38:43] [STORE_AUTO_DETECTED] https://www.coursesu.com/drive/home
[15:38:43] [WEBVIEW_NAV] URL: https://www.coursesu.com/drive/home
[15:38:44] [APP_START_SEARCH] Recherche: "Bagels" (Courses U Drive) -> https://www.coursesu.com/recherche?q=Bagels
[15:38:45] [WEBVIEW_NAV] URL: https://www.coursesu.com/recherche?q=Bagels
[15:38:45] [WEBVIEW_NAV] URL: https://www.coursesu.com/drive/home
[15:38:46] [SCREEN_TEXT] URL: https://www.coursesu.com/recherche?q=Bagels | Text: Accéder au contenu principal
Accéder au pied de page
Accéder au menu principal
Ré ultat  de recherche pour : “Bagel ”

13 produit 

Ouvrir le menu de 
Filtrer
Trier par : pertinence
Mieux noté 
Marque A>Z
Marque Z>A
En drive ou en livrai on  elon le maga in
Pain Bagel multigraine  REGENT'S PARK x4 2
[15:38:47] [SCREEN_TEXT] URL: https://www.coursesu.com/recherche?q=Bagels | Text: Accéder au contenu principal
Accéder au pied de page
Accéder au menu principal
Ré ultat  de recherche pour : “Bagel ”

13 produit 

Ouvrir le menu de 
Filtrer
Trier par : pertinence
Mieux noté 
Marque A>Z
Marque Z>A
En drive ou en livrai on  elon le maga in
Pain Bagel multigraine  REGENT'S PARK x4 2
[15:38:48] [WEBVIEW_NAV] URL: https://www.coursesu.com/recherche?q=Bagels
[15:38:48] [WEBVIEW_NAV] URL: https://www.coursesu.com/recherche?q=Bagels
[15:38:48] [WEBVIEW_NAV] URL: https://www.coursesu.com/recherche?q=Bagels
[15:38:48] [WEBVIEW_NAV] URL: https://www.coursesu.com/recherche?q=Bagels
[15:38:48] [WEBVIEW_NAV] URL: https://www.coursesu.com/recherche?q=Bagels
[15:38:57] [WEBVIEW_NAV] URL: https://www.coursesu.com/drive
[15:39:00] [WEBVIEW_NAV] URL: https://www.coursesu.com/drive
[15:39:00] [WEBVIEW_NAV] URL: https://www.coursesu.com/drive
[15:39:00] [WEBVIEW_NAV] URL: https://www.coursesu.com/drive
[15:39:00] [WEBVIEW_NAV] URL: https://www.coursesu.com/drive
[15:39:00] [WEBVIEW_NAV] URL: https://www.coursesu.com/drive
[15:39:00] [WEBVIEW_NAV] URL: https://www.coursesu.com/drive
[15:39:00] [WEBVIEW_NAV] URL: https://www.coursesu.com/drive
[15:39:00] [WEBVIEW_NAV] URL: https://www.coursesu.com/drive
[15:39:00] [WEBVIEW_NAV] URL: https://www.coursesu.com/drive
[15:39:00] [WEBVIEW_NAV] URL: https://www.coursesu.com/drive
[15:39:00] [WEBVIEW_NAV] URL: https://www.coursesu.com/drive
[15:39:00] [WEBVIEW_NAV] URL: https://www.coursesu.com/drive
[15:39:00] [WEBVIEW_NAV] URL: https://www.coursesu.com/drive
[15:39:00] [WEBVIEW_NAV] URL: https://www.coursesu.com/drive
[15:39:00] [WEBVIEW_NAV] URL: https://www.coursesu.com/drive
[15:39:00] [WEBVIEW_NAV] URL: https://www.coursesu.com/drive
[15:39:00] [WEBVIEW_NAV] URL: https://www.coursesu.com/drive
[15:39:00] [WEBVIEW_NAV] URL: https://www.coursesu.com/drive
[15:39:00] [WEBVIEW_NAV] URL: https://www.coursesu.com/drive
[15:39:00] [WEBVIEW_NAV] URL: https://www.coursesu.com/drive
[15:39:00] [WEBVIEW_NAV] URL: https://www.coursesu.com/drive
[15:39:00] [WEBVIEW_NAV] URL: https://www.coursesu.com/drive
[15:39:00] [WEBVIEW_NAV] URL: https://www.coursesu.com/drive
[15:39:00] [WEBVIEW_NAV] URL: https://www.coursesu.com/drive
[15:39:00] [WEBVIEW_NAV] URL: https://www.coursesu.com/drive
[15:39:00] [WEBVIEW_NAV] URL: https://www.coursesu.com/drive
[15:39:00] [WEBVIEW_NAV] URL: https://www.coursesu.com/drive
[15:39:00] [WEBVIEW_NAV] URL: https://www.coursesu.com/drive
[15:39:00] [WEBVIEW_NAV] URL: https://www.coursesu.com/drive
[15:39:00] [WEBVIEW_NAV] URL: https://www.coursesu.com/drive
[15:39:00] [WEBVIEW_NAV] URL: https://www.coursesu.com/drive
[15:39:00] [WEBVIEW_NAV] URL: https://www.coursesu.com/drive
[15:39:00] [WEBVIEW_NAV] URL: https://www.coursesu.com/drive
[15:39:00] [SCREEN_TEXT] URL: https://www.coursesu.com/drive | Text: Accéder au contenu principal
Accéder au pied de page
Accéder au menu principal
Service  U
Contactez-nou 
Rechercher un produit
Rechercher
Votre  élection de filtre  ne retourne aucun ré ultat.

Veuillez refaire votre  élection.

Tentez un tour dan  no  rayon 
Fruit  et Légume 
Viande , poi on 
Charc
[15:39:02] [SCREEN_TEXT] URL: https://www.coursesu.com/drive | Text: Accéder au contenu principal
Accéder au pied de page
Accéder au menu principal
Service  U
Contactez-nou 
Rechercher un produit
Rechercher
Votre  élection de filtre  ne retourne aucun ré ultat.

Veuillez refaire votre  élection.

Tentez un tour dan  no  rayon 
Fruit  et Légume 
Viande , poi on 
Charc
[15:39:11] [WEBVIEW_NAV] URL: https://www.coursesu.com/drive/home
[15:39:13] [WEBVIEW_NAV] URL: https://www.coursesu.com/drive/home
[15:39:13] [WEBVIEW_NAV] URL: https://www.coursesu.com/drive/home
[15:39:13] [WEBVIEW_NAV] URL: https://www.coursesu.com/drive/home
[15:39:13] [WEBVIEW_NAV] URL: https://www.coursesu.com/drive/home
[15:39:13] [WEBVIEW_NAV] URL: https://www.coursesu.com/drive/home
[15:39:13] [WEBVIEW_NAV] URL: https://www.coursesu.com/drive/home
[15:39:13] [WEBVIEW_NAV] URL: https://www.coursesu.com/drive/home
[15:39:13] [WEBVIEW_NAV] URL: https://www.coursesu.com/drive/home
[15:39:13] [WEBVIEW_NAV] URL: https://www.coursesu.com/drive/home
[15:39:13] [WEBVIEW_NAV] URL: https://www.coursesu.com/drive/home
[15:39:13] [WEBVIEW_NAV] URL: https://www.coursesu.com/drive/home
[15:39:13] [WEBVIEW_NAV] URL: https://www.coursesu.com/drive/home
[15:39:13] [WEBVIEW_NAV] URL: https://www.coursesu.com/drive/home
[15:39:13] [WEBVIEW_NAV] URL: https://www.coursesu.com/drive/home
[15:39:13] [WEBVIEW_NAV] URL: https://www.coursesu.com/drive/home
[15:39:13] [WEBVIEW_NAV] URL: https://www.coursesu.com/drive/home
[15:39:13] [WEBVIEW_NAV] URL: https://www.coursesu.com/drive/home
[15:39:13] [WEBVIEW_NAV] URL: https://www.coursesu.com/drive/home
[15:39:13] [WEBVIEW_NAV] URL: https://www.coursesu.com/drive/home
[15:39:13] [WEBVIEW_NAV] URL: https://www.coursesu.com/drive/home
[15:39:13] [WEBVIEW_NAV] URL: https://www.coursesu.com/drive/home
[15:39:13] [WEBVIEW_NAV] URL: https://www.coursesu.com/drive/home
[15:39:13] [WEBVIEW_NAV] URL: https://www.coursesu.com/drive/home
[15:39:13] [WEBVIEW_NAV] URL: https://www.coursesu.com/drive/home
[15:39:13] [WEBVIEW_NAV] URL: https://www.coursesu.com/drive/home
[15:39:13] [WEBVIEW_NAV] URL: https://www.coursesu.com/drive/home
[15:39:13] [WEBVIEW_NAV] URL: https://www.coursesu.com/drive/home
[15:39:13] [WEBVIEW_NAV] URL: https://www.coursesu.com/drive/home
[15:39:13] [WEBVIEW_NAV] URL: https://www.coursesu.com/drive/home
[15:39:13] [WEBVIEW_NAV] URL: https://www.coursesu.com/drive/home
[15:39:13] [WEBVIEW_NAV] URL: https://www.coursesu.com/drive/home
[15:39:13] [WEBVIEW_NAV] URL: https://www.coursesu.com/drive/home
[15:39:13] [WEBVIEW_NAV] URL: https://www.coursesu.com/drive/home
[15:39:13] [WEBVIEW_NAV] URL: https://www.coursesu.com/drive/home
[15:39:14] [WEBVIEW_NAV] URL: https://www.coursesu.com/drive/home
[15:39:14] [SCREEN_TEXT] URL: https://www.coursesu.com/drive/home | Text: Accéder au contenu principal
Accéder au pied de page
Service  U
Contactez-nou 
Drive ou livrai on à domicile :
faite  vo  cour e  en ligne avec Cour e  U
Je récupère me  cour e 
Je me fai  livrer
Votre code po tal ou ville
Le  mode  de retrait pour vo  cour e  :
Je récupère me  cour e 
Le drive

Réc
[15:39:16] [SCREEN_TEXT] URL: https://www.coursesu.com/drive/home | Text: Accéder au contenu principal
Accéder au pied de page
Service  U
Contactez-nou 
Drive ou livrai on à domicile :
faite  vo  cour e  en ligne avec Cour e  U
Je récupère me  cour e 
Je me fai  livrer
Votre code po tal ou ville
Le  mode  de retrait pour vo  cour e  :
Je récupère me  cour e 
Le drive

Réc
[15:39:52] [WEBVIEW_NAV] URL: https://www.coursesu.com/drive-superu-montreuil
[15:39:53] [WEBVIEW_NAV] URL: https://www.coursesu.com/drive-superu-montreuil
[15:39:58] [WEBVIEW_NAV] URL: https://www.coursesu.com/drive-superu-montreuil
[15:39:58] [WEBVIEW_NAV] URL: https://www.coursesu.com/drive-superu-montreuil
[15:39:58] [WEBVIEW_NAV] URL: https://www.coursesu.com/drive-superu-montreuil
[15:39:58] [WEBVIEW_NAV] URL: https://www.coursesu.com/drive-superu-montreuil
[15:39:58] [WEBVIEW_NAV] URL: https://www.coursesu.com/drive-superu-montreuil
[15:39:58] [WEBVIEW_NAV] URL: https://www.coursesu.com/drive-superu-montreuil
[15:39:58] [WEBVIEW_NAV] URL: https://www.coursesu.com/drive-superu-montreuil
[15:39:58] [WEBVIEW_NAV] URL: https://www.coursesu.com/drive-superu-montreuil
[15:39:58] [WEBVIEW_NAV] URL: https://www.coursesu.com/drive-superu-montreuil
[15:39:58] [WEBVIEW_NAV] URL: https://www.coursesu.com/drive-superu-montreuil
[15:39:58] [WEBVIEW_NAV] URL: https://www.coursesu.com/drive-superu-montreuil
[15:39:58] [WEBVIEW_NAV] URL: https://www.coursesu.com/drive-superu-montreuil
[15:39:58] [WEBVIEW_NAV] URL: https://www.coursesu.com/drive-superu-montreuil
[15:39:58] [WEBVIEW_NAV] URL: https://www.coursesu.com/drive-superu-montreuil
[15:39:58] [WEBVIEW_NAV] URL: https://www.coursesu.com/drive-superu-montreuil
[15:39:58] [WEBVIEW_NAV] URL: https://www.coursesu.com/drive-superu-montreuil
[15:39:58] [WEBVIEW_NAV] URL: https://www.coursesu.com/drive-superu-montreuil
[15:39:58] [WEBVIEW_NAV] URL: https://www.coursesu.com/drive-superu-montreuil
[15:39:58] [WEBVIEW_NAV] URL: https://www.coursesu.com/drive-superu-montreuil
[15:39:58] [WEBVIEW_NAV] URL: https://www.coursesu.com/drive-superu-montreuil
[15:39:58] [WEBVIEW_NAV] URL: https://www.coursesu.com/drive-superu-montreuil
[15:39:58] [WEBVIEW_NAV] URL: https://www.coursesu.com/drive-superu-montreuil
[15:39:58] [WEBVIEW_NAV] URL: https://www.coursesu.com/drive-superu-montreuil
[15:39:58] [WEBVIEW_NAV] URL: https://www.coursesu.com/drive-superu-montreuil
[15:39:58] [WEBVIEW_NAV] URL: https://www.coursesu.com/drive-superu-montreuil
[15:39:58] [WEBVIEW_NAV] URL: https://www.coursesu.com/drive-superu-montreuil
[15:39:58] [WEBVIEW_NAV] URL: https://www.coursesu.com/drive-superu-montreuil
[15:39:58] [WEBVIEW_NAV] URL: https://www.coursesu.com/drive-superu-montreuil
[15:39:58] [WEBVIEW_NAV] URL: https://www.coursesu.com/drive-superu-montreuil
[15:39:58] [WEBVIEW_NAV] URL: https://www.coursesu.com/drive-superu-montreuil
[15:39:58] [WEBVIEW_NAV] URL: https://www.coursesu.com/drive-superu-montreuil
[15:39:58] [WEBVIEW_NAV] URL: https://www.coursesu.com/drive-superu-montreuil
[15:39:58] [WEBVIEW_NAV] URL: https://www.coursesu.com/drive-superu-montreuil
[15:39:59] [WEBVIEW_NAV] URL: https://www.coursesu.com/drive-superu-montreuil
[15:39:59] [WEBVIEW_NAV] URL: https://www.coursesu.com/drive-superu-montreuil
[15:39:59] [SCREEN_TEXT] URL: https://www.coursesu.com/drive-superu-montreuil | Text: Accéder au contenu principal
Accéder au pied de page
Accéder au menu principal
Service  U
Contactez-nou 
Rechercher un produit
Rechercher
Bienvenue au drive Super U MONTREUIL NVLE FRANCE
% PROMOTIONS
📢 NOUVEAUTÉS
🛒 PRIX COÛTANT
🥇 PRODUITS LOCAUX ET RÉGIONAUX
💡 IDÉES REPAS EN 1 CLIC
Dan  votre ma
[15:40:00] [SCREEN_TEXT] URL: https://www.coursesu.com/drive-superu-montreuil | Text: Accéder au contenu principal
Accéder au pied de page
Accéder au menu principal
Service  U
Contactez-nou 
Rechercher un produit
Rechercher
Bienvenue au drive Super U MONTREUIL NVLE FRANCE
% PROMOTIONS
📢 NOUVEAUTÉS
🛒 PRIX COÛTANT
🥇 PRODUITS LOCAUX ET RÉGIONAUX
💡 IDÉES REPAS EN 1 CLIC
Dan  votre ma
[15:40:08] [APP_START_SEARCH] Recherche: "Pain pita" (Courses U Drive) -> https://www.coursesu.com/recherche?q=Pain%20pita
[15:40:09] [WEBVIEW_NAV] URL: https://www.coursesu.com/recherche?q=Pain%20pita
[15:40:12] [WEBVIEW_NAV] URL: https://www.coursesu.com/recherche?q=Pain%20pita
[15:40:12] [WEBVIEW_NAV] URL: https://www.coursesu.com/recherche?q=Pain%20pita
[15:40:12] [WEBVIEW_NAV] URL: https://www.coursesu.com/recherche?q=Pain%20pita
[15:40:12] [WEBVIEW_NAV] URL: https://www.coursesu.com/recherche?q=Pain%20pita
[15:40:12] [WEBVIEW_NAV] URL: https://www.coursesu.com/recherche?q=Pain%20pita
[15:40:13] [SCREEN_TEXT] URL: https://www.coursesu.com/recherche?q=Pain%20pita | Text: Accéder au contenu principal
Accéder au pied de page
Accéder au menu principal
Ré ultat  de recherche pour : “Pain pita”

1 produit

Trier par : pertinence
Prix croi ant
Prix décroi ant
Prix au Kg/L croi ant
Prix au Kg/L décroi ant
Mieux noté 
Marque A>Z
Marque Z>A
U Pain  pita x6 - 400g

Nutri core
[15:40:14] [SCREEN_TEXT] URL: https://www.coursesu.com/recherche?q=Pain%20pita | Text: Accéder au contenu principal
Accéder au pied de page
Accéder au menu principal
Ré ultat  de recherche pour : “Pain pita”

1 produit

Trier par : pertinence
Prix croi ant
Prix décroi ant
Prix au Kg/L croi ant
Prix au Kg/L décroi ant
Mieux noté 
Marque A>Z
Marque Z>A
U Pain  pita x6 - 400g

Nutri core
[15:40:18] [CHANGE_STORE_CLICKED] Changer de magasin pour Courses U Drive -> https://www.coursesu.com/drive/home
[15:40:18] [WEBVIEW_NAV] URL: https://www.coursesu.com/recherche?q=Pain%20pita
[15:40:18] [WEBVIEW_NAV] URL: https://www.coursesu.com/recherche?q=Pain%20pita
[15:40:18] [STORE_AUTO_DETECTED] https://www.coursesu.com/recherche?q=Pain%20pita
[15:40:18] [WEBVIEW_NAV] URL: https://www.coursesu.com/recherche?q=Pain%20pita
[15:40:18] [WEBVIEW_NAV] URL: https://www.coursesu.com/recherche?q=Pain%20pita
[15:40:18] [WEBVIEW_NAV] URL: https://www.coursesu.com/drive/home
[15:40:18] [APP_START_SEARCH] Recherche: "Pain pita" (Courses U Drive) -> https://www.coursesu.com/recherche?q=Pain%20pita
[15:40:19] [SCREEN_TEXT] URL: https://www.coursesu.com/drive/home | Text: Accéder au contenu principal
Accéder au pied de page
Service  U
Se connecter
Drive ou livrai on à domicile :
faite  vo  cour e  en ligne avec Cour e  U
Je récupère me  cour e 
Je me fai  livrer
Votre code po tal ou ville
Le  mode  de retrait pour vo  cour e  :
Je récupère me  cour e 
Le drive

Récup
[15:40:19] [WEBVIEW_NAV] URL: https://www.coursesu.com/recherche?q=Pain%20pita
[15:40:19] [WEBVIEW_NAV] URL: https://www.coursesu.com/drive/home
[15:40:19] [WEBVIEW_NAV] URL: https://www.coursesu.com/drive-superu-montreuil
[15:40:20] [CHANGE_STORE_CLICKED] Changer de magasin pour Courses U Drive -> https://www.coursesu.com/drive/home
[15:40:20] [WEBVIEW_NAV] URL: https://www.coursesu.com/drive-superu-montreuil
[15:40:20] [STORE_AUTO_DETECTED] https://www.coursesu.com/drive-superu-montreuil
[15:40:20] [WEBVIEW_NAV] URL: https://www.coursesu.com/drive/home
[15:40:20] [APP_START_SEARCH] Recherche: "Pain pita" (Courses U Drive) -> https://www.coursesu.com/recherche?q=Pain%20pita
[15:40:21] [WEBVIEW_NAV] URL: https://www.coursesu.com/recherche?q=Pain%20pita
[15:40:27] [WEBVIEW_NAV] URL: https://www.coursesu.com/drive/home
[15:40:29] [WEBVIEW_NAV] URL: https://www.coursesu.com/drive/home
[15:40:29] [WEBVIEW_NAV] URL: https://www.coursesu.com/drive-superu-montreuil
[15:40:30] [SCREEN_TEXT] URL: https://www.coursesu.com/drive-superu-montreuil | Text: Accéder au contenu principal
Accéder au pied de page
Accéder au menu principal
Se connecter
Rechercher un produit
Rechercher
Bienvenue au drive Super U MONTREUIL NVLE FRANCE
% PROMOTIONS
📢 NOUVEAUTÉS
🛒 PRIX COÛTANT
🥇 PRODUITS LOCAUX ET RÉGIONAUX
💡 IDÉES REPAS EN 1 CLIC
Dan  votre maga in
Notre  
[15:40:31] [CHANGE_STORE_CLICKED] Changer de magasin pour Courses U Drive -> https://www.coursesu.com/drive/home
[15:40:32] [WEBVIEW_NAV] URL: https://www.coursesu.com/drive-superu-montreuil
[15:40:32] [STORE_AUTO_DETECTED] https://www.coursesu.com/drive-superu-montreuil
[15:40:32] [WEBVIEW_NAV] URL: https://www.coursesu.com/drive/home
[15:40:32] [APP_START_SEARCH] Recherche: "Pain pita" (Courses U Drive) -> https://www.coursesu.com/recherche?q=Pain%20pita
[15:40:32] [WEBVIEW_NAV] URL: https://www.coursesu.com/recherche?q=Pain%20pita
[15:40:33] [WEBVIEW_NAV] URL: https://www.coursesu.com/drive/home
[15:40:33] [WEBVIEW_NAV] URL: https://www.coursesu.com/drive-superu-montreuil
[15:40:33] [CHANGE_STORE_CLICKED] Changer de magasin pour Courses U Drive -> https://www.coursesu.com/drive/home
[15:40:33] [WEBVIEW_NAV] URL: https://www.coursesu.com/drive-superu-montreuil
[15:40:33] [STORE_AUTO_DETECTED] https://www.coursesu.com/drive-superu-montreuil
[15:40:33] [WEBVIEW_NAV] URL: https://www.coursesu.com/drive/home
[15:40:34] [APP_START_SEARCH] Recherche: "Pain pita" (Courses U Drive) -> https://www.coursesu.com/recherche?q=Pain%20pita
[15:40:34] [WEBVIEW_NAV] URL: https://www.coursesu.com/recherche?q=Pain%20pita
[15:40:34] [CHANGE_STORE_CLICKED] Changer de magasin pour Courses U Drive -> https://www.coursesu.com/drive/home
[15:40:34] [WEBVIEW_NAV] URL: https://www.coursesu.com/drive/home
[15:40:34] [WEBVIEW_NAV] URL: https://www.coursesu.com/drive-superu-montreuil
[15:40:34] [STORE_AUTO_DETECTED] https://www.coursesu.com/drive-superu-montreuil
[15:40:35] [APP_START_SEARCH] Recherche: "Pain pita" (Courses U Drive) -> https://www.coursesu.com/recherche?q=Pain%20pita
[15:40:35] [WEBVIEW_NAV] URL: https://www.coursesu.com/drive-superu-montreuil
[15:40:35] [WEBVIEW_NAV] URL: https://www.coursesu.com/drive/home
[15:40:35] [WEBVIEW_NAV] URL: https://www.coursesu.com/recherche?q=Pain%20pita
[15:40:35] [CHANGE_STORE_CLICKED] Changer de magasin pour Courses U Drive -> https://www.coursesu.com/drive/home
[15:40:36] [WEBVIEW_NAV] URL: https://www.coursesu.com/recherche?q=Pain%20pita
[15:40:36] [STORE_AUTO_DETECTED] https://www.coursesu.com/recherche?q=Pain%20pita
[15:40:36] [WEBVIEW_NAV] URL: https://www.coursesu.com/drive/home
[15:40:36] [APP_START_SEARCH] Recherche: "Pain pita" (Courses U Drive) -> https://www.coursesu.com/recherche?q=Pain%20pita
[15:40:36] [WEBVIEW_NAV] URL: https://www.coursesu.com/recherche?q=Pain%20pita
[15:40:37] [WEBVIEW_NAV] URL: https://www.coursesu.com/drive/home
[15:40:37] [WEBVIEW_NAV] URL: https://www.coursesu.com/drive-superu-montreuil
[15:40:38] [SCREEN_TEXT] URL: https://www.coursesu.com/drive-superu-montreuil | Text: Accéder au contenu principal
Accéder au pied de page
Accéder au menu principal
Se connecter
Rechercher un produit
Rechercher
Bienvenue au drive Super U MONTREUIL NVLE FRANCE
% PROMOTIONS
📢 NOUVEAUTÉS
🛒 PRIX COÛTANT
🥇 PRODUITS LOCAUX ET RÉGIONAUX
💡 IDÉES REPAS EN 1 CLIC
Dan  votre maga in
Notre  
[15:40:42] [WEBVIEW_NAV] URL: https://www.coursesu.com/drive/home
[15:40:43] [CHANGE_STORE_CLICKED] Changer de magasin pour Courses U Drive -> https://www.coursesu.com/drive/home
[15:40:43] [WEBVIEW_NAV] URL: https://www.coursesu.com/drive-superu-montreuil
[15:40:43] [STORE_AUTO_DETECTED] https://www.coursesu.com/drive-superu-montreuil
[15:40:43] [WEBVIEW_NAV] URL: https://www.coursesu.com/drive/home
[15:40:43] [WEBVIEW_NAV] URL: https://www.coursesu.com/drive/home
[15:40:44] [APP_START_SEARCH] Recherche: "Pain pita" (Courses U Drive) -> https://www.coursesu.com/recherche?q=Pain%20pita
[15:40:44] [WEBVIEW_NAV] URL: https://www.coursesu.com/drive/home
[15:40:44] [WEBVIEW_NAV] URL: https://www.coursesu.com/recherche?q=Pain%20pita
[15:40:44] [CHANGE_STORE_CLICKED] Changer de magasin pour Courses U Drive -> https://www.coursesu.com/drive/home
[15:40:45] [WEBVIEW_NAV] URL: https://www.coursesu.com/recherche?q=Pain%20pita
[15:40:45] [STORE_AUTO_DETECTED] https://www.coursesu.com/recherche?q=Pain%20pita
[15:40:45] [WEBVIEW_NAV] URL: https://www.coursesu.com/drive/home
[15:40:45] [APP_START_SEARCH] Recherche: "Pain pita" (Courses U Drive) -> https://www.coursesu.com/recherche?q=Pain%20pita
[15:40:45] [WEBVIEW_NAV] URL: https://www.coursesu.com/recherche?q=Pain%20pita
[15:40:46] [WEBVIEW_NAV] URL: https://www.coursesu.com/drive/home
[15:40:46] [WEBVIEW_NAV] URL: https://www.coursesu.com/drive-superu-montreuil
[15:40:47] [SCREEN_TEXT] URL: https://www.coursesu.com/drive-superu-montreuil | Text: Accéder au contenu principal
Accéder au pied de page
Accéder au menu principal
Se connecter
Rechercher un produit
Rechercher
Bienvenue au drive Super U MONTREUIL NVLE FRANCE
% PROMOTIONS
📢 NOUVEAUTÉS
🛒 PRIX COÛTANT
🥇 PRODUITS LOCAUX ET RÉGIONAUX
💡 IDÉES REPAS EN 1 CLIC
Dan  votre maga in
Notre  
[15:40:49] [SCREEN_TEXT] URL: https://www.coursesu.com/drive-superu-montreuil | Text: Accéder au contenu principal
Accéder au pied de page
Accéder au menu principal
Service  U
Contactez-nou 
Rechercher un produit
Rechercher
Bienvenue au drive Super U MONTREUIL NVLE FRANCE
% PROMOTIONS
📢 NOUVEAUTÉS
🛒 PRIX COÛTANT
🥇 PRODUITS LOCAUX ET RÉGIONAUX
💡 IDÉES REPAS EN 1 CLIC
Dan  votre ma
[15:40:52] [WEBVIEW_NAV] URL: https://www.coursesu.com/drive-superu-montreuil
[15:40:52] [WEBVIEW_NAV] URL: https://www.coursesu.com/drive-superu-montreuil
[15:40:52] [WEBVIEW_NAV] URL: https://www.coursesu.com/drive-superu-montreuil
[15:40:52] [WEBVIEW_NAV] URL: https://www.coursesu.com/drive-superu-montreuil
[15:40:52] [WEBVIEW_NAV] URL: https://www.coursesu.com/drive-superu-montreuil
[15:40:52] [WEBVIEW_NAV] URL: https://www.coursesu.com/drive-superu-montreuil
[15:40:52] [WEBVIEW_NAV] URL: https://www.coursesu.com/drive-superu-montreuil
[15:40:52] [WEBVIEW_NAV] URL: https://www.coursesu.com/drive-superu-montreuil
[15:40:52] [WEBVIEW_NAV] URL: https://www.coursesu.com/drive-superu-montreuil
[15:40:52] [WEBVIEW_NAV] URL: https://www.coursesu.com/drive-superu-montreuil
[15:40:52] [WEBVIEW_NAV] URL: https://www.coursesu.com/drive-superu-montreuil
[15:40:52] [WEBVIEW_NAV] URL: https://www.coursesu.com/drive-superu-montreuil
[15:40:52] [WEBVIEW_NAV] URL: https://www.coursesu.com/drive-superu-montreuil
[15:40:52] [WEBVIEW_NAV] URL: https://www.coursesu.com/drive-superu-montreuil
[15:40:52] [WEBVIEW_NAV] URL: https://www.coursesu.com/drive-superu-montreuil
[15:40:52] [WEBVIEW_NAV] URL: https://www.coursesu.com/drive-superu-montreuil
[15:40:52] [WEBVIEW_NAV] URL: https://www.coursesu.com/drive-superu-montreuil
[15:40:52] [WEBVIEW_NAV] URL: https://www.coursesu.com/drive-superu-montreuil
[15:40:52] [WEBVIEW_NAV] URL: https://www.coursesu.com/drive-superu-montreuil
[15:40:52] [WEBVIEW_NAV] URL: https://www.coursesu.com/drive-superu-montreuil
[15:40:52] [WEBVIEW_NAV] URL: https://www.coursesu.com/drive-superu-montreuil
[15:40:52] [WEBVIEW_NAV] URL: https://www.coursesu.com/drive-superu-montreuil
[15:40:52] [WEBVIEW_NAV] URL: https://www.coursesu.com/drive-superu-montreuil
[15:40:52] [WEBVIEW_NAV] URL: https://www.coursesu.com/drive-superu-montreuil
[15:40:52] [WEBVIEW_NAV] URL: https://www.coursesu.com/drive-superu-montreuil
[15:40:52] [WEBVIEW_NAV] URL: https://www.coursesu.com/drive-superu-montreuil
[15:40:52] [WEBVIEW_NAV] URL: https://www.coursesu.com/drive-superu-montreuil
[15:40:52] [WEBVIEW_NAV] URL: https://www.coursesu.com/drive-superu-montreuil
[15:40:52] [WEBVIEW_NAV] URL: https://www.coursesu.com/drive-superu-montreuil
[15:40:52] [WEBVIEW_NAV] URL: https://www.coursesu.com/drive-superu-montreuil
[15:40:52] [WEBVIEW_NAV] URL: https://www.coursesu.com/drive-superu-montreuil
[15:40:52] [WEBVIEW_NAV] URL: https://www.coursesu.com/drive-superu-montreuil
[15:40:52] [WEBVIEW_NAV] URL: https://www.coursesu.com/drive-superu-montreuil
[15:40:52] [WEBVIEW_NAV] URL: https://www.coursesu.com/drive-superu-montreuil
[15:40:52] [WEBVIEW_NAV] URL: https://www.coursesu.com/drive-superu-montreuil
[15:41:18] [CHANGE_STORE_CLICKED] Changer de magasin pour Courses U Drive -> https://www.coursesu.com/drive/home
[15:41:18] [WEBVIEW_NAV] URL: https://www.coursesu.com/drive/home
[15:41:19] [STORE_SWITCHED] Passage à Carrefour Drive -> https://www.carrefour.fr/courses
[15:41:19] [WEBVIEW_NAV] URL: https://www.carrefour.fr/courses
[15:41:23] [WEBVIEW_NAV] URL: https://www.carrefour.fr/courses
[15:41:24] [SCREEN_TEXT] URL: https://www.carrefour.fr/courses | Text: Accéder à la recherche
Accéder au contenu principale
Accéder au pied de page
Cour e 
Rechercher parmi le contenu du  ite
La zone de recherche comprend un champ avec une fonctionnalité d’auto ugge tion. Dè  que l’utili ateur commence à  ai ir du texte, le  ré ultat   e mettent automatiquement à jour.
[15:41:26] [SCREEN_TEXT] URL: https://www.carrefour.fr/courses | Text: Accéder à la recherche
Accéder au contenu principale
Accéder au pied de page
Cour e 
Rechercher parmi le contenu du  ite
La zone de recherche comprend un champ avec une fonctionnalité d’auto ugge tion. Dè  que l’utili ateur commence à  ai ir du texte, le  ré ultat   e mettent automatiquement à jour.
[15:41:38] [WEBVIEW_NAV] URL: https://www.carrefour.fr/courses
[15:41:42] [WEBVIEW_NAV] URL: https://www.carrefour.fr/courses
[15:41:43] [SCREEN_TEXT] URL: https://www.carrefour.fr/courses | Text: Accéder à la recherche
Accéder au contenu principale
Accéder au pied de page
Cour e 
Rechercher parmi le contenu du  ite
La zone de recherche comprend un champ avec une fonctionnalité d’auto ugge tion. Dè  que l’utili ateur commence à  ai ir du texte, le  ré ultat   e mettent automatiquement à jour.
[15:41:45] [SCREEN_TEXT] URL: https://www.carrefour.fr/courses | Text: Accéder à la recherche
Accéder au contenu principale
Accéder au pied de page
Cour e 
Rechercher parmi le contenu du  ite
La zone de recherche comprend un champ avec une fonctionnalité d’auto ugge tion. Dè  que l’utili ateur commence à  ai ir du texte, le  ré ultat   e mettent automatiquement à jour.
[15:41:45] [STORE_SWITCHED] Passage à Courses U Drive -> https://www.coursesu.com/drive/home
[15:41:45] [WEBVIEW_NAV] URL: https://www.coursesu.com/drive/home
[15:41:47] [WEBVIEW_NAV] URL: https://www.coursesu.com/drive/home
[15:41:47] [STORE_AUTO_DETECTED] https://www.coursesu.com/drive-superu-montreuil
[15:41:47] [WEBVIEW_NAV] URL: https://www.coursesu.com/drive-superu-montreuil
[15:41:47] [APP_START_SEARCH] Recherche: "Bagels" (Courses U Drive) -> https://www.coursesu.com/recherche?q=Bagels
[15:41:48] [WEBVIEW_NAV] URL: https://www.coursesu.com/recherche?q=Bagels
[15:41:48] [WEBVIEW_NAV] URL: https://www.coursesu.com/drive-superu-montreuil
[15:41:49] [SCREEN_TEXT] URL: https://www.coursesu.com/recherche?q=Bagels | Text: Accéder au contenu principal
Accéder au pied de page
Accéder au menu principal
Ré ultat  de recherche pour : “Bagel ”

2 produit 

Ouvrir le menu de 
Filtrer
Trier par : pertinence
Prix croi ant
Prix décroi ant
Prix au Kg/L croi ant
Prix au Kg/L décroi ant
Mieux noté 
Marque A>Z
Marque Z>A
Pain pour
[15:41:50] [SCREEN_TEXT] URL: https://www.coursesu.com/recherche?q=Bagels | Text: Accéder au contenu principal
Accéder au pied de page
Accéder au menu principal
Ré ultat  de recherche pour : “Bagel ”

2 produit 

Ouvrir le menu de 
Filtrer
Trier par : pertinence
Prix croi ant
Prix décroi ant
Prix au Kg/L croi ant
Prix au Kg/L décroi ant
Mieux noté 
Marque A>Z
Marque Z>A
Pain pour
[15:41:51] [WEBVIEW_NAV] URL: https://www.coursesu.com/recherche?q=Bagels
[15:41:51] [WEBVIEW_NAV] URL: https://www.coursesu.com/recherche?q=Bagels
[15:41:51] [WEBVIEW_NAV] URL: https://www.coursesu.com/recherche?q=Bagels
[15:41:51] [WEBVIEW_NAV] URL: https://www.coursesu.com/recherche?q=Bagels
[15:41:51] [WEBVIEW_NAV] URL: https://www.coursesu.com/recherche?q=Bagels
[15:41:55] [CHANGE_STORE_CLICKED] Changer de magasin pour Courses U Drive -> https://www.coursesu.com/drive/home
[15:41:55] [WEBVIEW_NAV] URL: https://www.coursesu.com/recherche?q=Bagels
[15:41:55] [WEBVIEW_NAV] URL: https://www.coursesu.com/recherche?q=Bagels
[15:41:55] [WEBVIEW_NAV] URL: https://www.coursesu.com/drive/home
[15:41:56] [WEBVIEW_NAV] URL: https://www.coursesu.com/drive/home
[15:41:56] [WEBVIEW_NAV] URL: https://www.coursesu.com/drive-superu-montreuil
[15:41:56] [STORE_AUTO_DETECTED] https://www.coursesu.com/drive-superu-montreuil
[15:41:57] [APP_START_SEARCH] Recherche: "Bagels" (Courses U Drive) -> https://www.coursesu.com/recherche?q=Bagels
[15:41:57] [SCREEN_TEXT] URL: https://www.coursesu.com/drive-superu-montreuil | Text: Accéder au contenu principal
Accéder au pied de page
Accéder au menu principal
Service  U
Se connecter
Rechercher un produit
Rechercher
Bienvenue au drive Super U MONTREUIL NVLE FRANCE
% PROMOTIONS
📢 NOUVEAUTÉS
🛒 PRIX COÛTANT
🥇 PRODUITS LOCAUX ET RÉGIONAUX
💡 IDÉES REPAS EN 1 CLIC
Dan  votre maga
[15:41:58] [CHANGE_STORE_CLICKED] Changer de magasin pour Courses U Drive -> https://www.coursesu.com/drive/home
[15:41:58] [WEBVIEW_NAV] URL: https://www.coursesu.com/drive-superu-montreuil
[15:41:58] [STORE_AUTO_DETECTED] https://www.coursesu.com/drive-superu-montreuil
[15:41:58] [WEBVIEW_NAV] URL: https://www.coursesu.com/recherche?q=Bagels
[15:41:58] [WEBVIEW_NAV] URL: https://www.coursesu.com/drive/home
[15:41:59] [APP_START_SEARCH] Recherche: "Bagels" (Courses U Drive) -> https://www.coursesu.com/recherche?q=Bagels
[15:41:59] [WEBVIEW_NAV] URL: https://www.coursesu.com/drive/home
[15:41:59] [WEBVIEW_NAV] URL: https://www.coursesu.com/recherche?q=Bagels
[15:42:00] [CHANGE_STORE_CLICKED] Changer de magasin pour Courses U Drive -> https://www.coursesu.com/drive/home
[15:42:00] [SCREEN_TEXT] URL: https://www.coursesu.com/recherche?q=Bagels | Text: Accéder au contenu principal
Accéder au pied de page
Accéder au menu principal
Ré ultat  de recherche pour : “Bagel ”

2 produit 

Ouvrir le menu de 
Filtrer
Trier par : pertinence
Prix croi ant
Prix décroi ant
Prix au Kg/L croi ant
Prix au Kg/L décroi ant
Mieux noté 
Marque A>Z
Marque Z>A
Pain pour
[15:42:00] [WEBVIEW_NAV] URL: https://www.coursesu.com/recherche?q=Bagels
[15:42:00] [WEBVIEW_NAV] URL: https://www.coursesu.com/recherche?q=Bagels
[15:42:00] [WEBVIEW_NAV] URL: https://www.coursesu.com/recherche?q=Bagels
[15:42:00] [WEBVIEW_NAV] URL: https://www.coursesu.com/drive/home
[15:42:01] [STORE_SWITCHED] Passage à Auchan Drive -> https://www.auchan.fr/drive
[15:42:01] [WEBVIEW_NAV] URL: https://www.coursesu.com/on/demandware.store/Sites-DigitalU-Site/fr_FR/Search-ShowContent?fdid=seoStore_22836
[15:42:01] [SCREEN_TEXT] URL: https://www.coursesu.com/drive/home | Text: Accéder au contenu principal
Accéder au pied de page
Service  U
Se connecter
Drive ou livrai on à domicile :
faite  vo  cour e  en ligne avec Cour e  U
Je récupère me  cour e 
Je me fai  livrer
Votre code po tal ou ville
Le  mode  de retrait pour vo  cour e  :
Je récupère me  cour e 
Le drive

Récup
[15:42:02] [WEBVIEW_NAV] URL: https://www.auchan.fr/drive
[15:42:03] [WEBVIEW_NAV] URL: https://www.auchan.fr/drive
[15:42:04] [SCREEN_TEXT] URL: https://www.auchan.fr/drive | Text: Auchan France
Achat en ligne et maga in
 38,4 K
Ver  l'App
Aller directement au contenu
Aller directement à la recherche
Aller directement à la navigation
Aller directement à la rubrique be oin d'aide
Choi ir vo  cour e 
Rayon 
Recherche
 
Lancer la recherche
Annuler
Me  produit 
0,00 €
Erreur 404 :
[15:42:06] [SCREEN_TEXT] URL: https://www.auchan.fr/drive | Text: Auchan France
Achat en ligne et maga in
 38,4 K
Ver  l'App
Aller directement au contenu
Aller directement à la recherche
Aller directement à la navigation
Aller directement à la rubrique be oin d'aide
Choi ir vo  cour e 
Rayon 
Recherche
 
Lancer la recherche
Annuler
Me  produit 
0,00 €
Erreur 404 :
[15:42:49] [WEBVIEW_NAV] URL: https://www.auchan.fr/
[15:42:50] [WEBVIEW_NAV] URL: https://www.auchan.fr/
[15:42:51] [SCREEN_TEXT] URL: https://www.auchan.fr/ | Text: Auchan France
Achat en ligne et maga in
 38,4 K
Ver  l'App
Aller directement au contenu
Aller directement à la recherche
Aller directement à la navigation
Aller directement à la rubrique be oin d'aide
Choi ir vo  cour e 
Rayon 
Recherche
 
Lancer la recherche
Annuler
Me  produit 
0,00 €
Mai on & Loi
[15:42:53] [SCREEN_TEXT] URL: https://www.auchan.fr/ | Text: Auchan France
Achat en ligne et maga in
 38,4 K
Ver  l'App
Aller directement au contenu
Aller directement à la recherche
Aller directement à la navigation
Aller directement à la rubrique be oin d'aide
Choi ir vo  cour e 
Rayon 
Recherche
 
Lancer la recherche
Annuler
Me  produit 
0,00 €
Mai on & Loi
[15:43:21] [WEBVIEW_NAV] URL: https://www.auchan.fr/
[15:43:23] [WEBVIEW_NAV] URL: https://www.auchan.fr/
[15:43:24] [SCREEN_TEXT] URL: https://www.auchan.fr/ | Text: Auchan France
Achat en ligne et maga in
 38,4 K
Ver  l'App
Aller directement au contenu
Aller directement à la recherche
Aller directement à la navigation
Aller directement à la rubrique be oin d'aide
Choi ir vo  cour e 
Rayon 
Recherche
 
Lancer la recherche
Annuler
Me  produit 
0,00 €
Mai on & Loi
[15:43:26] [SCREEN_TEXT] URL: https://www.auchan.fr/ | Text: Auchan France
Achat en ligne et maga in
 38,4 K
Ver  l'App
Aller directement au contenu
Aller directement à la recherche
Aller directement à la navigation
Aller directement à la rubrique be oin d'aide
Choi ir vo  cour e 
Rayon 
Recherche
 
Lancer la recherche
Annuler
Me  produit 
0,00 €
Mai on & Loi
[15:44:14] [WEBVIEW_NAV] URL: https://www.auchan.fr/courses
[15:44:16] [WEBVIEW_NAV] URL: https://www.auchan.fr/courses
[15:44:17] [SCREEN_TEXT] URL: https://www.auchan.fr/courses | Text: Aller directement au contenu
Aller directement à la recherche
Aller directement à la navigation
Aller directement à la rubrique be oin d'aide
Choi ir vo  cour e 
Rayon 
Recherche
 
Lancer la recherche
Annuler
Me  produit 
0,00 €
Faire vo  cour e  avec Auchan,
Rien de plu  facile !

Vou  venez cherch
[15:44:19] [SCREEN_TEXT] URL: https://www.auchan.fr/courses | Text: Aller directement au contenu
Aller directement à la recherche
Aller directement à la navigation
Aller directement à la rubrique be oin d'aide
Choi ir vo  cour e 
Rayon 
Recherche
 
Lancer la recherche
Annuler
Me  produit 
0,00 €
Faire vo  cour e  avec Auchan,
Rien de plu  facile !

Vou  venez cherch
[15:44:24] [STORE_SWITCHED] Passage à Courses U Drive -> https://www.coursesu.com/drive/home
[15:44:24] [WEBVIEW_NAV] URL: https://www.coursesu.com/drive/home
[15:44:26] [STORE_SWITCHED] Passage à Auchan Drive -> https://www.auchan.fr/courses
[15:44:26] [WEBVIEW_NAV] URL: https://www.auchan.fr/courses
[15:44:28] [WEBVIEW_NAV] URL: https://www.auchan.fr/courses
[15:44:28] [SCREEN_TEXT] URL: https://www.auchan.fr/courses | Text: Aller directement au contenu
Aller directement à la recherche
Aller directement à la navigation
Aller directement à la rubrique be oin d'aide
Choi ir vo  cour e 
Rayon 
Recherche
 
Lancer la recherche
Annuler
Me  produit 
0,00 €
Faire vo  cour e  avec Auchan,
Rien de plu  facile !

Vou  venez cherch
[15:44:30] [SCREEN_TEXT] URL: https://www.auchan.fr/courses | Text: Aller directement au contenu
Aller directement à la recherche
Aller directement à la navigation
Aller directement à la rubrique be oin d'aide
Choi ir vo  cour e 
Rayon 
Recherche
 
Lancer la recherche
Annuler
Me  produit 
0,00 €
Faire vo  cour e  avec Auchan,
Rien de plu  facile !

Vou  venez cherch
[15:44:35] [APP_START_SEARCH] Recherche: "Bagels" (Auchan Drive) -> https://www.auchan.fr/recherche?text=Bagels
[15:44:35] [WEBVIEW_NAV] URL: https://www.auchan.fr/recherche?text=Bagels
[15:44:37] [WEBVIEW_NAV] URL: https://www.auchan.fr/recherche?text=Bagels
[15:44:37] [SCREEN_TEXT] URL: https://www.auchan.fr/recherche?text=Bagels | Text: Aller directement au contenu
Aller directement à la recherche
Aller directement à la navigation
Aller directement à la rubrique be oin d'aide
Choi ir vo  cour e 
Rayon 
Recherche
 
Lancer la recherche
Annuler
Me  produit 
0,00 €
Accueil
Votre recherche : bagel 
Charcuterie, traiteur
Pain, pâti erie

[15:44:40] [SCREEN_TEXT] URL: https://www.auchan.fr/recherche?text=Bagels | Text: Aller directement au contenu
Aller directement à la recherche
Aller directement à la navigation
Aller directement à la rubrique be oin d'aide
Choi ir vo  cour e 
Rayon 
Recherche
 
Lancer la recherche
Annuler
Me  produit 
0,00 €
No  rayon 
En ce moment
Promo 
Foire aux vin ** d'automne
No  marque  A
[15:44:45] [WEBVIEW_NAV] URL: https://www.auchan.fr/
[15:44:47] [WEBVIEW_NAV] URL: https://www.auchan.fr/
[15:44:47] [SCREEN_TEXT] URL: https://www.auchan.fr/ | Text: Aller directement au contenu
Aller directement à la recherche
Aller directement à la navigation
Aller directement à la rubrique be oin d'aide
Choi ir vo  cour e 
Rayon 
Recherche
 
Lancer la recherche
Annuler
Me  produit 
0,00 €
Mai on & Loi ir 
Catalogue 
Défi  Waaoh
Activer mon jour W!*
Choi ir un
[15:44:49] [SCREEN_TEXT] URL: https://www.auchan.fr/ | Text: Aller directement au contenu
Aller directement à la recherche
Aller directement à la navigation
Aller directement à la rubrique be oin d'aide
Choi ir vo  cour e 
Rayon 
Recherche
 
Lancer la recherche
Annuler
Me  produit 
0,00 €
Mai on & Loi ir 
Catalogue 
Défi  Waaoh
Activer mon jour W!*
Choi ir un
[15:46:59] [WEBVIEW_NAV] URL: https://www.auchan.fr/
[15:47:00] [WEBVIEW_NAV] URL: https://www.auchan.fr/
[15:47:01] [SCREEN_TEXT] URL: https://www.auchan.fr/ | Text: Aller directement au contenu
Aller directement à la recherche
Aller directement à la navigation
Aller directement à la rubrique be oin d'aide
Choi ir vo  cour e 
Rayon 
Recherche
 
Lancer la recherche
Annuler
Me  produit 
0,00 €
Mai on & Loi ir 
Catalogue 
Défi  Waaoh
Activer mon jour W!*
Choi ir un
[15:47:02] [WEBVIEW_NAV] URL: https://www.auchan.fr/
[15:47:02] [WEBVIEW_NAV] URL: https://www.auchan.fr/
[15:47:03] [SCREEN_TEXT] URL: https://www.auchan.fr/ | Text: Aller directement au contenu
Aller directement à la recherche
Aller directement à la navigation
Aller directement à la rubrique be oin d'aide
Choi ir vo  cour e 
Rayon 
Recherche
 
Lancer la recherche
Annuler
Me  produit 
0,00 €
Mai on & Loi ir 
Catalogue 
Défi  Waaoh
Activer mon jour W!*
Choi ir un
[15:47:20] [APP_START_SEARCH] Recherche: "Bagels" (Auchan Drive) -> https://www.auchan.fr/recherche?text=Bagels
[15:47:21] [WEBVIEW_NAV] URL: https://www.auchan.fr/recherche?text=Bagels
[15:47:22] [WEBVIEW_NAV] URL: https://www.auchan.fr/recherche?text=Bagels
[15:47:23] [SCREEN_TEXT] URL: https://www.auchan.fr/recherche?text=Bagels | Text: Aller directement au contenu
Aller directement à la recherche
Aller directement à la navigation
Aller directement à la rubrique be oin d'aide
Retrait:
Auchan Drive Supermarché Sevran
Rayon 
Recherche
 
Lancer la recherche
Annuler
Me  produit 
0,00 €
Accueil
Votre recherche : bagel 
Electroménager, c
[15:47:26] [SCREEN_TEXT] URL: https://www.auchan.fr/recherche?text=Bagels | Text: Aller directement au contenu
Aller directement à la recherche
Aller directement à la navigation
Aller directement à la rubrique be oin d'aide
Retrait:
Auchan Drive Supermarché Sevran
Rayon 
Recherche
 
Lancer la recherche
Annuler
Me  produit 
0,00 €
Accueil
Votre recherche : bagel 
Electroménager, c
[15:47:29] [APP_START_SEARCH] Recherche: "Pain pita" (Auchan Drive) -> https://www.auchan.fr/recherche?text=Pain%20pita
[15:47:30] [WEBVIEW_NAV] URL: https://www.auchan.fr/recherche?text=Pain%20pita
[15:47:31] [WEBVIEW_NAV] URL: https://www.auchan.fr/recherche?text=Pain%20pita
[15:47:32] [SCREEN_TEXT] URL: https://www.auchan.fr/recherche?text=Pain%20pita | Text: Aller directement au contenu
Aller directement à la recherche
Aller directement à la navigation
Aller directement à la rubrique be oin d'aide
Retrait:
Auchan Drive Supermarché Sevran
Rayon 
Recherche
 
Lancer la recherche
Annuler
Me  produit 
0,00 €
Accueil
Votre recherche : pain pita
Oup , on n'a r
[15:47:33] [APP_START_SEARCH] Recherche: "Tortillas de blé" (Auchan Drive) -> https://www.auchan.fr/recherche?text=Tortillas%20de%20bl%C3%A9
[15:47:34] [WEBVIEW_NAV] URL: https://www.auchan.fr/recherche?text=Tortillas%20de%20bl%C3%A9
[15:47:35] [WEBVIEW_NAV] URL: https://www.auchan.fr/recherche?text=Tortillas%20de%20bl%C3%A9
[15:47:36] [SCREEN_TEXT] URL: https://www.auchan.fr/recherche?text=Tortillas%20de%20bl%C3%A9 | Text: Aller directement au contenu
Aller directement à la recherche
Aller directement à la navigation
Aller directement à la rubrique be oin d'aide
Retrait:
Auchan Drive Supermarché Sevran
Rayon 
Recherche
 
Lancer la recherche
Annuler
Me  produit 
0,00 €
Accueil
Votre recherche : tortilla  de blé
Pain, p
[15:47:36] [APP_START_SEARCH] Recherche: "Pain complet" (Auchan Drive) -> https://www.auchan.fr/recherche?text=Pain%20complet
[15:47:37] [WEBVIEW_NAV] URL: https://www.auchan.fr/recherche?text=Pain%20complet
[15:47:39] [WEBVIEW_NAV] URL: https://www.auchan.fr/recherche?text=Pain%20complet
[15:47:40] [SCREEN_TEXT] URL: https://www.auchan.fr/recherche?text=Pain%20complet | Text: Aller directement au contenu
Aller directement à la recherche
Aller directement à la navigation
Aller directement à la rubrique be oin d'aide
Retrait:
Auchan Drive Supermarché Sevran
Rayon 
Recherche
 
Lancer la recherche
Annuler
Me  produit 
0,00 €
Accueil
Votre recherche : pain complet
Charcuterie
[15:47:41] [APP_START_SEARCH] Recherche: "Yaourt" (Auchan Drive) -> https://www.auchan.fr/recherche?text=Yaourt
[15:47:42] [WEBVIEW_NAV] URL: https://www.auchan.fr/oeufs-produits-laitiers/yaourts-fromages-blancs/ca-n0102?redirect_keywords=Yaourt
[15:47:43] [WEBVIEW_NAV] URL: https://www.auchan.fr/oeufs-produits-laitiers/yaourts-fromages-blancs/ca-n0102?redirect_keywords=Yaourt
[15:47:45] [SCREEN_TEXT] URL: https://www.auchan.fr/oeufs-produits-laitiers/yaourts-fromages-blancs/ca-n0102?redirect_keywords=Yaourt | Text: Aller directement au contenu
Aller directement à la recherche
Aller directement à la navigation
Aller directement à la rubrique be oin d'aide
Retrait:
Auchan Drive Supermarché Sevran
Rayon 
Recherche
 
Lancer la recherche
Annuler
Me  produit 
0,00 €
Oeuf , produit  laitier , boi on  et de ert  végét
[15:47:46] [SCREEN_TEXT] URL: https://www.auchan.fr/oeufs-produits-laitiers/yaourts-fromages-blancs/ca-n0102?redirect_keywords=Yaourt | Text: Aller directement au contenu
Aller directement à la recherche
Aller directement à la navigation
Aller directement à la rubrique be oin d'aide
Retrait:
Auchan Drive Supermarché Sevran
Rayon 
Recherche
 
Lancer la recherche
Annuler
Me  produit 
0,00 €
Oeuf , produit  laitier , boi on  et de ert  végét
[15:47:58] [APP_START_SEARCH] Recherche: "Beurre doux" (Auchan Drive) -> https://www.auchan.fr/recherche?text=Beurre%20doux
[15:47:59] [WEBVIEW_NAV] URL: https://www.auchan.fr/oeufs-produits-laitiers/cremerie-beurres-margarines/beurres/beurres-doux/ca-n01010501?redirect_keywords=Beurre%20doux
[15:48:01] [WEBVIEW_NAV] URL: https://www.auchan.fr/oeufs-produits-laitiers/cremerie-beurres-margarines/beurres/beurres-doux/ca-n01010501?redirect_keywords=Beurre%20doux
[15:48:02] [SCREEN_TEXT] URL: https://www.auchan.fr/oeufs-produits-laitiers/cremerie-beurres-margarines/beurres/beurres-doux/ca-n01010501?redirect_keywords=Beurre%20doux | Text: Aller directement au contenu
Aller directement à la recherche
Aller directement à la navigation
Aller directement à la rubrique be oin d'aide
Retrait:
Auchan Drive Supermarché Sevran
Rayon 
Recherche
 
Lancer la recherche
Annuler
Me  produit 
0,00 €
Beurre 
Beurre  doux
39 produit 
Promo
Filtrer
App
[15:48:04] [SCREEN_TEXT] URL: https://www.auchan.fr/oeufs-produits-laitiers/cremerie-beurres-margarines/beurres/beurres-doux/ca-n01010501?redirect_keywords=Beurre%20doux | Text: Aller directement au contenu
Aller directement à la recherche
Aller directement à la navigation
Aller directement à la rubrique be oin d'aide
Retrait:
Auchan Drive Supermarché Sevran
Rayon 
Recherche
 
Lancer la recherche
Annuler
Me  produit 
0,00 €
Beurre 
Beurre  doux
39 produit 
Promo
Filtrer
App
[15:48:11] [APP_START_SEARCH] Recherche: "Oeufs" (Auchan Drive) -> https://www.auchan.fr/recherche?text=Oeufs
[15:48:12] [WEBVIEW_NAV] URL: https://www.auchan.fr/oeufs-produits-laitiers/cremerie-oeufs-laits/oeufs/ca-n010103?redirect_keywords=Oeufs
[15:48:14] [WEBVIEW_NAV] URL: https://www.auchan.fr/oeufs-produits-laitiers/cremerie-oeufs-laits/oeufs/ca-n010103?redirect_keywords=Oeufs
[15:48:16] [SCREEN_TEXT] URL: https://www.auchan.fr/oeufs-produits-laitiers/cremerie-oeufs-laits/oeufs/ca-n010103?redirect_keywords=Oeufs | Text: Aller directement au contenu
Aller directement à la recherche
Aller directement à la navigation
Aller directement à la rubrique be oin d'aide
Retrait:
Auchan Drive Supermarché Sevran
Rayon 
Recherche
 
Lancer la recherche
Annuler
Me  produit 
0,00 €
Œuf , lait, boi on  végétale 
Oeuf 
38 produit 
Oe
[15:48:18] [SCREEN_TEXT] URL: https://www.auchan.fr/oeufs-produits-laitiers/cremerie-oeufs-laits/oeufs/ca-n010103?redirect_keywords=Oeufs | Text: Aller directement au contenu
Aller directement à la recherche
Aller directement à la navigation
Aller directement à la rubrique be oin d'aide
Retrait:
Auchan Drive Supermarché Sevran
Rayon 
Recherche
 
Lancer la recherche
Annuler
Me  produit 
0,00 €
Œuf , lait, boi on  végétale 
Oeuf 
38 produit 
Oe
[15:48:43] [WEBVIEW_NAV] URL: https://www.auchan.fr/
[15:48:44] [WEBVIEW_NAV] URL: https://www.auchan.fr/
[15:48:45] [SCREEN_TEXT] URL: https://www.auchan.fr/ | Text: Aller directement au contenu
Aller directement à la recherche
Aller directement à la navigation
Aller directement à la rubrique be oin d'aide
Retrait:
Auchan Drive Supermarché Sevran
Rayon 
Recherche
 
Lancer la recherche
Annuler
Me  produit 
0,00 €
Mai on & Loi ir 
Catalogue 
Défi  Waaoh
Activer mo
[15:48:47] [SCREEN_TEXT] URL: https://www.auchan.fr/ | Text: Aller directement au contenu
Aller directement à la recherche
Aller directement à la navigation
Aller directement à la rubrique be oin d'aide
Retrait:
Auchan Drive Supermarché Sevran
Rayon 
Recherche
 
Lancer la recherche
Annuler
Me  produit 
0,00 €
Mai on & Loi ir 
Catalogue 
Défi  Waaoh
Activer mo
[15:48:54] [APP_START_SEARCH] Recherche: "Bagels" (Auchan Drive) -> https://www.auchan.fr/recherche?text=Bagels
[15:48:54] [WEBVIEW_NAV] URL: https://www.auchan.fr/recherche?text=Bagels
[15:48:55] [WEBVIEW_NAV] URL: https://www.auchan.fr/recherche?text=Bagels
[15:48:56] [SCREEN_TEXT] URL: https://www.auchan.fr/recherche?text=Bagels | Text: Aller directement au contenu
Aller directement à la recherche
Aller directement à la navigation
Aller directement à la rubrique be oin d'aide
Retrait:
Auchan Drive Supermarché Sevran
Rayon 
Recherche
 
Lancer la recherche
Annuler
Me  produit 
0,00 €
Accueil
Votre recherche : bagel 
Electroménager, c
[15:48:58] [SCREEN_TEXT] URL: https://www.auchan.fr/recherche?text=Bagels | Text: Aller directement au contenu
Aller directement à la recherche
Aller directement à la navigation
Aller directement à la rubrique be oin d'aide
Retrait:
Auchan Drive Supermarché Sevran
Rayon 
Recherche
 
Lancer la recherche
Annuler
Me  produit 
0,00 €
Accueil
Votre recherche : bagel 
Electroménager, c
[15:49:00] [APP_START_SEARCH] Recherche: "Pain pita" (Auchan Drive) -> https://www.auchan.fr/recherche?text=Pain%20pita
[15:49:01] [WEBVIEW_NAV] URL: https://www.auchan.fr/recherche?text=Pain%20pita
[15:49:02] [WEBVIEW_NAV] URL: https://www.auchan.fr/recherche?text=Pain%20pita
[15:49:02] [SCREEN_TEXT] URL: https://www.auchan.fr/recherche?text=Pain%20pita | Text: Aller directement au contenu
Aller directement à la recherche
Aller directement à la navigation
Aller directement à la rubrique be oin d'aide
Retrait:
Auchan Drive Supermarché Sevran
Rayon 
Recherche
 
Lancer la recherche
Annuler
Me  produit 
0,00 €
Accueil
Votre recherche : pain pita
Oup , on n'a r
[15:49:04] [SCREEN_TEXT] URL: https://www.auchan.fr/recherche?text=Pain%20pita | Text: Aller directement au contenu
Aller directement à la recherche
Aller directement à la navigation
Aller directement à la rubrique be oin d'aide
Retrait:
Auchan Drive Supermarché Sevran
Rayon 
Recherche
 
Lancer la recherche
Annuler
Me  produit 
0,00 €
Accueil
Votre recherche : pain pita
Oup , on n'a r
[15:49:04] [APP_START_SEARCH] Recherche: "Tortillas de blé" (Auchan Drive) -> https://www.auchan.fr/recherche?text=Tortillas%20de%20bl%C3%A9
[15:49:05] [WEBVIEW_NAV] URL: https://www.auchan.fr/recherche?text=Tortillas%20de%20bl%C3%A9
[15:49:06] [WEBVIEW_NAV] URL: https://www.auchan.fr/recherche?text=Tortillas%20de%20bl%C3%A9
[15:49:06] [SCREEN_TEXT] URL: https://www.auchan.fr/recherche?text=Tortillas%20de%20bl%C3%A9 | Text: Aller directement au contenu
Aller directement à la recherche
Aller directement à la navigation
Aller directement à la rubrique be oin d'aide
Retrait:
Auchan Drive Supermarché Sevran
Rayon 
Recherche
 
Lancer la recherche
Annuler
Me  produit 
0,00 €
Accueil
Votre recherche : tortilla  de blé
Pain, p
[15:49:08] [APP_START_SEARCH] Recherche: "Pain complet" (Auchan Drive) -> https://www.auchan.fr/recherche?text=Pain%20complet
[15:49:08] [SCREEN_TEXT] URL: https://www.auchan.fr/recherche?text=Tortillas%20de%20bl%C3%A9 | Text: Aller directement au contenu
Aller directement à la recherche
Aller directement à la navigation
Aller directement à la rubrique be oin d'aide
Retrait:
Auchan Drive Supermarché Sevran
Rayon 
Recherche
 
Lancer la recherche
Annuler
Me  produit 
0,00 €
Accueil
Votre recherche : tortilla  de blé
Pain, p
[15:49:08] [WEBVIEW_NAV] URL: https://www.auchan.fr/recherche?text=Pain%20complet
[15:49:09] [WEBVIEW_NAV] URL: https://www.auchan.fr/recherche?text=Pain%20complet
[15:49:10] [SCREEN_TEXT] URL: https://www.auchan.fr/recherche?text=Pain%20complet | Text: Aller directement au contenu
Aller directement à la recherche
Aller directement à la navigation
Aller directement à la rubrique be oin d'aide
Retrait:
Auchan Drive Supermarché Sevran
Rayon 
Recherche
 
Lancer la recherche
Annuler
Me  produit 
0,00 €
Accueil
Votre recherche : pain complet
Charcuterie
[15:49:12] [SCREEN_TEXT] URL: https://www.auchan.fr/recherche?text=Pain%20complet | Text: Aller directement au contenu
Aller directement à la recherche
Aller directement à la navigation
Aller directement à la rubrique be oin d'aide
Retrait:
Auchan Drive Supermarché Sevran
Rayon 
Recherche
 
Lancer la recherche
Annuler
Me  produit 
0,00 €
Accueil
Votre recherche : pain complet
Charcuterie
[15:49:19] [APP_START_SEARCH] Recherche: "Yaourt" (Auchan Drive) -> https://www.auchan.fr/recherche?text=Yaourt
[15:49:20] [WEBVIEW_NAV] URL: https://www.auchan.fr/oeufs-produits-laitiers/yaourts-fromages-blancs/ca-n0102?redirect_keywords=Yaourt
[15:49:21] [WEBVIEW_NAV] URL: https://www.auchan.fr/oeufs-produits-laitiers/yaourts-fromages-blancs/ca-n0102?redirect_keywords=Yaourt
[15:49:22] [SCREEN_TEXT] URL: https://www.auchan.fr/oeufs-produits-laitiers/yaourts-fromages-blancs/ca-n0102?redirect_keywords=Yaourt | Text: Aller directement au contenu
Aller directement à la recherche
Aller directement à la navigation
Aller directement à la rubrique be oin d'aide
Retrait:
Auchan Drive Supermarché Sevran
Rayon 
Recherche
 
Lancer la recherche
Annuler
Me  produit 
0,00 €
Oeuf , produit  laitier , boi on  et de ert  végét
[15:49:24] [SCREEN_TEXT] URL: https://www.auchan.fr/oeufs-produits-laitiers/yaourts-fromages-blancs/ca-n0102?redirect_keywords=Yaourt | Text: Aller directement au contenu
Aller directement à la recherche
Aller directement à la navigation
Aller directement à la rubrique be oin d'aide
Retrait:
Auchan Drive Supermarché Sevran
Rayon 
Recherche
 
Lancer la recherche
Annuler
Me  produit 
0,00 €
Oeuf , produit  laitier , boi on  et de ert  végét
[15:49:33] [CHANGE_STORE_CLICKED] Changer de magasin pour Auchan Drive -> https://www.auchan.fr/
[15:49:33] [WEBVIEW_NAV] URL: https://www.auchan.fr/
[15:49:35] [WEBVIEW_NAV] URL: https://www.auchan.fr/
[15:49:35] [STORE_SWITCHED] Passage à Courses U Drive -> https://www.coursesu.com/drive/home
[15:49:35] [WEBVIEW_NAV] URL: https://www.coursesu.com/drive/home
[15:49:38] [WEBVIEW_NAV] URL: https://www.coursesu.com/drive/home
[15:49:38] [WEBVIEW_NAV] URL: https://www.coursesu.com/drive/home
[15:49:38] [WEBVIEW_NAV] URL: https://www.coursesu.com/drive/home
[15:49:38] [WEBVIEW_NAV] URL: https://www.coursesu.com/drive/home
[15:49:38] [WEBVIEW_NAV] URL: https://www.coursesu.com/drive/home
[15:49:38] [WEBVIEW_NAV] URL: https://www.coursesu.com/drive/home
[15:49:38] [WEBVIEW_NAV] URL: https://www.coursesu.com/drive/home
[15:49:38] [WEBVIEW_NAV] URL: https://www.coursesu.com/drive/home
[15:49:38] [WEBVIEW_NAV] URL: https://www.coursesu.com/drive/home
[15:49:38] [WEBVIEW_NAV] URL: https://www.coursesu.com/drive/home
[15:49:38] [WEBVIEW_NAV] URL: https://www.coursesu.com/drive/home
[15:49:38] [WEBVIEW_NAV] URL: https://www.coursesu.com/drive/home
[15:49:38] [WEBVIEW_NAV] URL: https://www.coursesu.com/drive/home
[15:49:38] [WEBVIEW_NAV] URL: https://www.coursesu.com/drive/home
[15:49:38] [WEBVIEW_NAV] URL: https://www.coursesu.com/drive/home
[15:49:38] [WEBVIEW_NAV] URL: https://www.coursesu.com/drive/home
[15:49:38] [WEBVIEW_NAV] URL: https://www.coursesu.com/drive/home
[15:49:38] [WEBVIEW_NAV] URL: https://www.coursesu.com/drive/home
[15:49:38] [WEBVIEW_NAV] URL: https://www.coursesu.com/drive/home
[15:49:38] [WEBVIEW_NAV] URL: https://www.coursesu.com/drive/home
[15:49:38] [WEBVIEW_NAV] URL: https://www.coursesu.com/drive/home
[15:49:38] [WEBVIEW_NAV] URL: https://www.coursesu.com/drive/home
[15:49:38] [WEBVIEW_NAV] URL: https://www.coursesu.com/drive/home
[15:49:38] [WEBVIEW_NAV] URL: https://www.coursesu.com/drive/home
[15:49:38] [WEBVIEW_NAV] URL: https://www.coursesu.com/drive/home
[15:49:38] [WEBVIEW_NAV] URL: https://www.coursesu.com/drive/home
[15:49:38] [WEBVIEW_NAV] URL: https://www.coursesu.com/drive/home
[15:49:38] [WEBVIEW_NAV] URL: https://www.coursesu.com/drive/home
[15:49:38] [WEBVIEW_NAV] URL: https://www.coursesu.com/drive/home
[15:49:38] [WEBVIEW_NAV] URL: https://www.coursesu.com/drive/home
[15:49:38] [WEBVIEW_NAV] URL: https://www.coursesu.com/drive/home
[15:49:38] [WEBVIEW_NAV] URL: https://www.coursesu.com/drive/home
[15:49:38] [WEBVIEW_NAV] URL: https://www.coursesu.com/drive/home
[15:49:38] [WEBVIEW_NAV] URL: https://www.coursesu.com/drive/home
[15:49:38] [WEBVIEW_NAV] URL: https://www.coursesu.com/drive/home
[15:49:38] [SCREEN_TEXT] URL: https://www.coursesu.com/drive/home | Text: Accéder au contenu principal
Accéder au pied de page
Service  U
Contactez-nou 
Drive ou livrai on à domicile :
faite  vo  cour e  en ligne avec Cour e  U
Je récupère me  cour e 
Je me fai  livrer
Votre code po tal ou ville
Le  mode  de retrait pour vo  cour e  :
Je récupère me  cour e 
Le drive

Réc
[15:49:40] [SCREEN_TEXT] URL: https://www.coursesu.com/drive/home | Text: Accéder au contenu principal
Accéder au pied de page
Service  U
Contactez-nou 
Drive ou livrai on à domicile :
faite  vo  cour e  en ligne avec Cour e  U
Je récupère me  cour e 
Je me fai  livrer
Votre code po tal ou ville
Le  mode  de retrait pour vo  cour e  :
Je récupère me  cour e 
Le drive

Réc
[15:50:06] [STORE_SWITCHED] Passage à Auchan Drive -> https://www.auchan.fr/
[15:50:06] [WEBVIEW_NAV] URL: https://www.auchan.fr/
[15:50:08] [WEBVIEW_NAV] URL: https://www.auchan.fr/
[15:50:08] [SCREEN_TEXT] URL: https://www.auchan.fr/ | Text: Aller directement au contenu
Aller directement à la recherche
Aller directement à la navigation
Aller directement à la rubrique be oin d'aide
Retrait:
Auchan Drive Supermarché Sevran
Rayon 
Recherche
 
Lancer la recherche
Annuler
Me  produit 
0,00 €
Mai on & Loi ir 
Catalogue 
Défi  Waaoh
Activer mo
[15:50:09] [STORE_SWITCHED] Passage à Intermarché Drive -> https://www.intermarche.com/drive
[15:50:10] [WEBVIEW_NAV] URL: https://www.intermarche.com/drive
[15:50:10] [WEBVIEW_NAV] URL: https://www.intermarche.com/drive
[15:50:10] [WEBVIEW_NAV] URL: https://www.intermarche.com/drive
[15:50:10] [WEBVIEW_NAV] URL: https://www.intermarche.com/drive
[15:50:11] [SCREEN_TEXT] URL: https://www.intermarche.com/drive | Text: 404

Vou  ête  perdu  dan  no  rayon  ?
La page que vou  cherchez  emble ne pa  exi ter ou n'exi te plu .

Revenir à l'accueil
[15:50:13] [SCREEN_TEXT] URL: https://www.intermarche.com/drive | Text: 404

Vou  ête  perdu  dan  no  rayon  ?
La page que vou  cherchez  emble ne pa  exi ter ou n'exi te plu .

Revenir à l'accueil
[15:50:13] [STORE_SWITCHED] Passage à Auchan Drive -> https://www.auchan.fr/
[15:50:14] [WEBVIEW_NAV] URL: https://www.auchan.fr/
[15:50:15] [STORE_SWITCHED] Passage à Carrefour Drive -> https://www.carrefour.fr/courses
[15:50:15] [WEBVIEW_NAV] URL: https://www.carrefour.fr/courses
[15:50:19] [WEBVIEW_NAV] URL: https://www.carrefour.fr/courses
[15:50:21] [SCREEN_TEXT] URL: https://www.carrefour.fr/courses | Text: Accéder à la recherche
Accéder au contenu principale
Accéder au pied de page
Cour e 
Rechercher parmi le contenu du  ite
La zone de recherche comprend un champ avec une fonctionnalité d’auto ugge tion. Dè  que l’utili ateur commence à  ai ir du texte, le  ré ultat   e mettent automatiquement à jour.
[15:50:24] [SCREEN_TEXT] URL: https://www.carrefour.fr/courses | Text: Accéder à la recherche
Accéder au contenu principale
Accéder au pied de page
Cour e 
Rechercher parmi le contenu du  ite
La zone de recherche comprend un champ avec une fonctionnalité d’auto ugge tion. Dè  que l’utili ateur commence à  ai ir du texte, le  ré ultat   e mettent automatiquement à jour.
[15:50:38] [WEBVIEW_NAV] URL: https://www.carrefour.fr/courses
[15:50:49] [WEBVIEW_NAV] URL: https://www.carrefour.fr/courses
[15:50:50] [SCREEN_TEXT] URL: https://www.carrefour.fr/courses | Text: Accéder à la recherche
Accéder au contenu principale
Accéder au pied de page
Cour e 
Rechercher parmi le contenu du  ite
La zone de recherche comprend un champ avec une fonctionnalité d’auto ugge tion. Dè  que l’utili ateur commence à  ai ir du texte, le  ré ultat   e mettent automatiquement à jour.
[15:50:51] [SCREEN_TEXT] URL: https://www.carrefour.fr/courses | Text: Accéder à la recherche
Accéder au contenu principale
Accéder au pied de page
Rechercher parmi le contenu du  ite
La zone de recherche comprend un champ avec une fonctionnalité d’auto ugge tion. Dè  que l’utili ateur commence à  ai ir du texte, le  ré ultat   e mettent automatiquement à jour. Pour pa
[15:50:55] [APP_START_SEARCH] Recherche: "Bagels" (Carrefour Drive) -> https://www.carrefour.fr/s?q=Bagels
[15:50:55] [WEBVIEW_NAV] URL: https://www.carrefour.fr/s?q=Bagels
[15:50:59] [WEBVIEW_NAV] URL: https://www.carrefour.fr/s?q=Bagels
[15:51:00] [SCREEN_TEXT] URL: https://www.carrefour.fr/s?q=Bagels | Text: Accéder à la recherche
Accéder au contenu principale
Accéder au pied de page
Cour e 
Rechercher parmi le contenu du  ite
La zone de recherche comprend un champ avec une fonctionnalité d’auto ugge tion. Dè  que l’utili ateur commence à  ai ir du texte, le  ré ultat   e mettent automatiquement à jour.
[15:51:02] [SCREEN_TEXT] URL: https://www.carrefour.fr/s?q=Bagels | Text: Accéder à la recherche
Accéder au contenu principale
Accéder au pied de page
Cour e 
Rechercher parmi le contenu du  ite
La zone de recherche comprend un champ avec une fonctionnalité d’auto ugge tion. Dè  que l’utili ateur commence à  ai ir du texte, le  ré ultat   e mettent automatiquement à jour.
[15:51:04] [CHANGE_STORE_CLICKED] Changer de magasin pour Carrefour Drive -> https://www.carrefour.fr/courses
[15:51:04] [WEBVIEW_NAV] URL: https://www.carrefour.fr/courses
[15:51:05] [STORE_SWITCHED] Passage à Courses U Drive -> https://www.coursesu.com/drive/home
[15:51:05] [WEBVIEW_NAV] URL: https://www.coursesu.com/drive/home
[15:51:08] [WEBVIEW_NAV] URL: https://www.coursesu.com/drive/home
[15:51:08] [WEBVIEW_NAV] URL: https://www.coursesu.com/drive/home
[15:51:08] [WEBVIEW_NAV] URL: https://www.coursesu.com/drive/home
[15:51:08] [WEBVIEW_NAV] URL: https://www.coursesu.com/drive/home
[15:51:08] [WEBVIEW_NAV] URL: https://www.coursesu.com/drive/home
[15:51:08] [WEBVIEW_NAV] URL: https://www.coursesu.com/drive/home
[15:51:08] [WEBVIEW_NAV] URL: https://www.coursesu.com/drive/home
[15:51:08] [WEBVIEW_NAV] URL: https://www.coursesu.com/drive/home
[15:51:08] [WEBVIEW_NAV] URL: https://www.coursesu.com/drive/home
[15:51:08] [WEBVIEW_NAV] URL: https://www.coursesu.com/drive/home
[15:51:08] [WEBVIEW_NAV] URL: https://www.coursesu.com/drive/home
[15:51:08] [WEBVIEW_NAV] URL: https://www.coursesu.com/drive/home
[15:51:08] [WEBVIEW_NAV] URL: https://www.coursesu.com/drive/home
[15:51:08] [WEBVIEW_NAV] URL: https://www.coursesu.com/drive/home
[15:51:08] [WEBVIEW_NAV] URL: https://www.coursesu.com/drive/home
[15:51:08] [WEBVIEW_NAV] URL: https://www.coursesu.com/drive/home
[15:51:08] [WEBVIEW_NAV] URL: https://www.coursesu.com/drive/home
[15:51:08] [WEBVIEW_NAV] URL: https://www.coursesu.com/drive/home
[15:51:08] [WEBVIEW_NAV] URL: https://www.coursesu.com/drive/home
[15:51:08] [WEBVIEW_NAV] URL: https://www.coursesu.com/drive/home
[15:51:08] [WEBVIEW_NAV] URL: https://www.coursesu.com/drive/home
[15:51:08] [WEBVIEW_NAV] URL: https://www.coursesu.com/drive/home
[15:51:08] [WEBVIEW_NAV] URL: https://www.coursesu.com/drive/home
[15:51:08] [WEBVIEW_NAV] URL: https://www.coursesu.com/drive/home
[15:51:08] [WEBVIEW_NAV] URL: https://www.coursesu.com/drive/home
[15:51:08] [WEBVIEW_NAV] URL: https://www.coursesu.com/drive/home
[15:51:08] [WEBVIEW_NAV] URL: https://www.coursesu.com/drive/home
[15:51:08] [WEBVIEW_NAV] URL: https://www.coursesu.com/drive/home
[15:51:08] [WEBVIEW_NAV] URL: https://www.coursesu.com/drive/home
[15:51:08] [WEBVIEW_NAV] URL: https://www.coursesu.com/drive/home
[15:51:08] [WEBVIEW_NAV] URL: https://www.coursesu.com/drive/home
[15:51:08] [WEBVIEW_NAV] URL: https://www.coursesu.com/drive/home
[15:51:09] [SCREEN_TEXT] URL: https://www.coursesu.com/drive/home | Text: Accéder au contenu principal
Accéder au pied de page
Service  U
Contactez-nou 
Drive ou livrai on à domicile :
faite  vo  cour e  en ligne avec Cour e  U
Je récupère me  cour e 
Je me fai  livrer
Votre code po tal ou ville
Le  mode  de retrait pour vo  cour e  :
Je récupère me  cour e 
Le drive

Réc
[15:51:09] [WEBVIEW_NAV] URL: https://www.coursesu.com/drive/home
[15:51:09] [WEBVIEW_NAV] URL: https://www.coursesu.com/drive/home
[15:51:09] [WEBVIEW_NAV] URL: https://www.coursesu.com/drive/home
[15:51:11] [SCREEN_TEXT] URL: https://www.coursesu.com/drive/home | Text: Accéder au contenu principal
Accéder au pied de page
Service  U
Contactez-nou 
Drive ou livrai on à domicile :
faite  vo  cour e  en ligne avec Cour e  U
Je récupère me  cour e 
Je me fai  livrer
Votre code po tal ou ville
Le  mode  de retrait pour vo  cour e  :
Je récupère me  cour e 
Le drive

Réc
[15:51:16] [APP_START_SEARCH] Recherche: "Bagels" (Courses U Drive) -> https://www.coursesu.com/recherche?q=Bagels
[15:51:17] [WEBVIEW_NAV] URL: https://www.coursesu.com/drive-superu-neuillysurmarne
[15:51:17] [WEBVIEW_NAV] URL: https://www.coursesu.com/recherche?q=Bagels
[15:51:21] [WEBVIEW_NAV] URL: https://www.coursesu.com/recherche?q=Bagels
[15:51:21] [WEBVIEW_NAV] URL: https://www.coursesu.com/recherche?q=Bagels
[15:51:21] [WEBVIEW_NAV] URL: https://www.coursesu.com/recherche?q=Bagels
[15:51:21] [WEBVIEW_NAV] URL: https://www.coursesu.com/recherche?q=Bagels
[15:51:21] [WEBVIEW_NAV] URL: https://www.coursesu.com/recherche?q=Bagels
[15:51:21] [SCREEN_TEXT] URL: https://www.coursesu.com/recherche?q=Bagels | Text: Accéder au contenu principal
Accéder au pied de page
Accéder au menu principal
Ré ultat  de recherche pour : “Bagel ”

3 produit 

Ouvrir le menu de 
Filtrer
Trier par : pertinence
Prix croi ant
Prix décroi ant
Prix au Kg/L croi ant
Prix au Kg/L décroi ant
Mieux noté 
Marque A>Z
Marque Z>A
Pain pour
[15:51:23] [APP_START_SEARCH] Recherche: "Pain pita" (Courses U Drive) -> https://www.coursesu.com/recherche?q=Pain%20pita
[15:51:23] [SCREEN_TEXT] URL: https://www.coursesu.com/recherche?q=Bagels | Text: Accéder au contenu principal
Accéder au pied de page
Accéder au menu principal
Ré ultat  de recherche pour : “Bagel ”

3 produit 

Ouvrir le menu de 
Filtrer
Trier par : pertinence
Prix croi ant
Prix décroi ant
Prix au Kg/L croi ant
Prix au Kg/L décroi ant
Mieux noté 
Marque A>Z
Marque Z>A
Pain pour
[15:51:24] [WEBVIEW_NAV] URL: https://www.coursesu.com/recherche?q=Pain+pita
[15:51:26] [WEBVIEW_NAV] URL: https://www.coursesu.com/recherche?q=Pain+pita
[15:51:26] [WEBVIEW_NAV] URL: https://www.coursesu.com/recherche?q=Pain+pita
[15:51:26] [WEBVIEW_NAV] URL: https://www.coursesu.com/recherche?q=Pain+pita
[15:51:26] [WEBVIEW_NAV] URL: https://www.coursesu.com/recherche?q=Pain+pita
[15:51:26] [WEBVIEW_NAV] URL: https://www.coursesu.com/recherche?q=Pain+pita
[15:51:27] [SCREEN_TEXT] URL: https://www.coursesu.com/recherche?q=Pain+pita | Text: Accéder au contenu principal
Accéder au pied de page
Accéder au menu principal
Ré ultat  de recherche pour : “Pain pita”

1 produit

Trier par : pertinence
Prix croi ant
Prix décroi ant
Prix au Kg/L croi ant
Prix au Kg/L décroi ant
Mieux noté 
Marque A>Z
Marque Z>A
U Pain  pita x6 - 400g

Nutri core
[15:51:27] [CHANGE_STORE_CLICKED] Changer de magasin pour Courses U Drive -> https://www.coursesu.com/drive/home
[15:51:28] [WEBVIEW_NAV] URL: https://www.coursesu.com/recherche?q=Pain+pita
[15:51:28] [WEBVIEW_NAV] URL: https://www.coursesu.com/recherche?q=Pain+pita
[15:51:28] [WEBVIEW_NAV] URL: https://www.coursesu.com/drive/home
[15:51:29] [WEBVIEW_NAV] URL: https://www.coursesu.com/drive/home
[15:51:29] [WEBVIEW_NAV] URL: https://www.coursesu.com/drive-superu-neuillysurmarne
[15:51:29] [STORE_AUTO_DETECTED] https://www.coursesu.com/drive-superu-neuillysurmarne
[15:51:29] [APP_START_SEARCH] Recherche: "Pain pita" (Courses U Drive) -> https://www.coursesu.com/recherche?q=Pain%20pita
[15:51:30] [SCREEN_TEXT] URL: https://www.coursesu.com/drive-superu-neuillysurmarne | Text: Accéder au contenu principal
Accéder au pied de page
Accéder au menu principal
Service  U
Se connecter
Rechercher un produit
Supprimer le mot
Rechercher
Bienvenue au drive Super U NEUILLY/MARNE PTE GOURNAY
Dan  votre maga in
La  élection rayon 
Tout voir
PRIX COÛTANT
PRIX MINI
No  Marque  U
Produit 
[15:51:30] [WEBVIEW_NAV] URL: https://www.coursesu.com/drive-superu-neuillysurmarne
[15:51:31] [WEBVIEW_NAV] URL: https://www.coursesu.com/recherche?q=Pain+pita
[15:51:31] [CHANGE_STORE_CLICKED] Changer de magasin pour Courses U Drive -> https://www.coursesu.com/drive/home
[15:51:31] [WEBVIEW_NAV] URL: https://www.coursesu.com/recherche?q=Pain+pita
[15:51:31] [WEBVIEW_NAV] URL: https://www.coursesu.com/recherche?q=Pain+pita
[15:51:31] [SCREEN_TEXT] URL: https://www.coursesu.com/recherche?q=Pain+pita | Text: Accéder au contenu principal
Accéder au pied de page
Accéder au menu principal
Ré ultat  de recherche pour : “Pain pita”

1 produit

Trier par : pertinence
Prix croi ant
Prix décroi ant
Prix au Kg/L croi ant
Prix au Kg/L décroi ant
Mieux noté 
Marque A>Z
Marque Z>A
U Pain  pita x6 - 400g

Nutri core
[15:51:31] [WEBVIEW_NAV] URL: https://www.coursesu.com/recherche?q=Pain+pita
[15:51:31] [WEBVIEW_NAV] URL: https://www.coursesu.com/recherche?q=Pain+pita
[15:51:31] [WEBVIEW_NAV] URL: https://www.coursesu.com/recherche?q=Pain+pita
[15:51:32] [WEBVIEW_NAV] URL: https://www.coursesu.com/drive/home
[15:51:32] [SCREEN_TEXT] URL: https://www.coursesu.com/drive/home | Text: Accéder au contenu principal
Accéder au pied de page
Service  U
Se connecter
Drive ou livrai on à domicile :
faite  vo  cour e  en ligne avec Cour e  U
Je récupère me  cour e 
Je me fai  livrer
Votre code po tal ou ville
Le  mode  de retrait pour vo  cour e  :
Je récupère me  cour e 
Le drive

Récup
[15:51:33] [WEBVIEW_NAV] URL: https://www.coursesu.com/drive/home
[15:51:33] [STORE_AUTO_DETECTED] https://www.coursesu.com/drive-superu-neuillysurmarne
[15:51:33] [WEBVIEW_NAV] URL: https://www.coursesu.com/drive-superu-neuillysurmarne
[15:51:33] [APP_START_SEARCH] Recherche: "Pain pita" (Courses U Drive) -> https://www.coursesu.com/recherche?q=Pain%20pita
[15:51:33] [SCREEN_TEXT] URL: https://www.coursesu.com/drive-superu-neuillysurmarne | Text: Accéder au contenu principal
Accéder au pied de page
Accéder au menu principal
Service  U
Se connecter
Rechercher un produit
Rechercher
Annuler
% PROMOTIONS
Avantage  Carte U
🛒 PRIX COÛTANT
20 Jour  Plu 
Nouveauté 

Top recherche 

Beurre
Lait
Jambon
Oeuf 
Eau
Pain de mie
Bienvenue au drive Super U
[15:51:34] [CHANGE_STORE_CLICKED] Changer de magasin pour Courses U Drive -> https://www.coursesu.com/drive/home
[15:51:34] [WEBVIEW_NAV] URL: https://www.coursesu.com/drive-superu-neuillysurmarne
[15:51:34] [WEBVIEW_NAV] URL: https://www.coursesu.com/recherche?q=Pain+pita
[15:51:34] [WEBVIEW_NAV] URL: https://www.coursesu.com/drive/home
[15:51:35] [STORE_SWITCHED] Passage à Auchan Drive -> https://www.auchan.fr/
[15:51:35] [WEBVIEW_NAV] URL: https://www.coursesu.com/on/demandware.store/Sites-DigitalU-Site/fr_FR/Search-ShowContent?fdid=seoStore_23824
[15:51:35] [WEBVIEW_NAV] URL: https://www.auchan.fr/
[15:51:37] [WEBVIEW_NAV] URL: https://www.auchan.fr/
[15:51:38] [APP_START_SEARCH] Recherche: "Pain pita" (Auchan Drive) -> https://www.auchan.fr/recherche?text=Pain%20pita
[15:51:38] [SCREEN_TEXT] URL: https://www.auchan.fr/ | Text: Aller directement au contenu
Aller directement à la recherche
Aller directement à la navigation
Aller directement à la rubrique be oin d'aide
Retrait:
Auchan Drive Supermarché Sevran
Rayon 
Recherche
 
Lancer la recherche
Annuler
Me  produit 
0,00 €
Mai on & Loi ir 
Catalogue 
Défi  Waaoh
Activer mo
[15:51:38] [WEBVIEW_NAV] URL: https://www.auchan.fr/recherche?text=Pain%20pita
[15:51:40] [WEBVIEW_NAV] URL: https://www.auchan.fr/recherche?text=Pain%20pita
[15:51:40] [SCREEN_TEXT] URL: https://www.auchan.fr/recherche?text=Pain%20pita | Text: Aller directement au contenu
Aller directement à la recherche
Aller directement à la navigation
Aller directement à la rubrique be oin d'aide
Retrait:
Auchan Drive Supermarché Sevran
Rayon 
Recherche
 
Lancer la recherche
Annuler
Me  produit 
0,00 €
Accueil
Votre recherche : pain pita
Oup , on n'a r
[15:51:41] [APP_START_SEARCH] Recherche: "Tortillas de blé" (Auchan Drive) -> https://www.auchan.fr/recherche?text=Tortillas%20de%20bl%C3%A9
[15:51:41] [WEBVIEW_NAV] URL: https://www.auchan.fr/recherche?text=Tortillas%20de%20bl%C3%A9
[15:51:44] [WEBVIEW_NAV] URL: https://www.auchan.fr/recherche?text=Tortillas%20de%20bl%C3%A9
[15:51:44] [CHANGE_STORE_CLICKED] Changer de magasin pour Auchan Drive -> https://www.auchan.fr/
[15:51:44] [SCREEN_TEXT] URL: https://www.auchan.fr/recherche?text=Tortillas%20de%20bl%C3%A9 | Text: Aller directement au contenu
Aller directement à la recherche
Aller directement à la navigation
Aller directement à la rubrique be oin d'aide
Retrait:
Auchan Drive Supermarché Sevran
Rayon 
Recherche
 
Lancer la recherche
Annuler
Me  produit 
0,00 €
Accueil
Votre recherche : tortilla  de blé
Pain, p
[15:51:45] [WEBVIEW_NAV] URL: https://www.auchan.fr/
[15:51:46] [WEBVIEW_NAV] URL: https://www.auchan.fr/
[15:51:46] [STORE_SWITCHED] Passage à Intermarché Drive -> https://www.intermarche.com/drive
[15:51:47] [WEBVIEW_NAV] URL: https://www.intermarche.com/drive
[15:51:47] [APP_START_SEARCH] Recherche: "Tortillas de blé" (Intermarché Drive) -> https://www.intermarche.com/recherche?q=Tortillas%20de%20bl%C3%A9
[15:51:47] [WEBVIEW_NAV] URL: https://www.intermarche.com/drive
[15:51:47] [WEBVIEW_NAV] URL: https://www.intermarche.com/drive
[15:51:47] [WEBVIEW_NAV] URL: https://www.intermarche.com/drive
[15:51:47] [WEBVIEW_NAV] URL: https://www.intermarche.com/recherche?q=Tortillas%20de%20bl%C3%A9
[15:51:47] [WEBVIEW_NAV] URL: https://www.intermarche.com/recherche?q=Tortillas%20de%20bl%C3%A9
[15:51:47] [WEBVIEW_NAV] URL: https://www.intermarche.com/recherche?q=Tortillas%20de%20bl%C3%A9
[15:51:47] [WEBVIEW_NAV] URL: https://www.intermarche.com/recherche?q=Tortillas%20de%20bl%C3%A9
[15:51:48] [SCREEN_TEXT] URL: https://www.intermarche.com/recherche?q=Tortillas%20de%20bl%C3%A9 | Text: 404

Vou  ête  perdu  dan  no  rayon  ?
La page que vou  cherchez  emble ne pa  exi ter ou n'exi te plu .

Revenir à l'accueil
[15:51:50] [SCREEN_TEXT] URL: https://www.intermarche.com/recherche?q=Tortillas%20de%20bl%C3%A9 | Text: 404

Vou  ête  perdu  dan  no  rayon  ?
La page que vou  cherchez  emble ne pa  exi ter ou n'exi te plu .

Revenir à l'accueil
[15:52:03] [APP_START_SEARCH] Recherche: "Pain complet" (Intermarché Drive) -> https://www.intermarche.com/recherche?q=Pain%20complet
[15:52:04] [WEBVIEW_NAV] URL: https://www.intermarche.com/recherche?q=Pain%20complet
[15:52:04] [WEBVIEW_NAV] URL: https://www.intermarche.com/recherche?q=Pain%20complet
[15:52:04] [WEBVIEW_NAV] URL: https://www.intermarche.com/recherche?q=Pain%20complet
[15:52:04] [WEBVIEW_NAV] URL: https://www.intermarche.com/recherche?q=Pain%20complet
[15:52:05] [SCREEN_TEXT] URL: https://www.intermarche.com/recherche?q=Pain%20complet | Text: 404

Vou  ête  perdu  dan  no  rayon  ?
La page que vou  cherchez  emble ne pa  exi ter ou n'exi te plu .

Revenir à l'accueil
[15:52:07] [SCREEN_TEXT] URL: https://www.intermarche.com/recherche?q=Pain%20complet | Text: 404

Vou  ête  perdu  dan  no  rayon  ?
La page que vou  cherchez  emble ne pa  exi ter ou n'exi te plu .

Revenir à l'accueil
[15:52:07] [WEBVIEW_NAV] URL: https://www.intermarche.com/?
[15:52:08] [WEBVIEW_NAV] URL: https://www.intermarche.com/?
[15:52:08] [WEBVIEW_NAV] URL: https://www.intermarche.com/
[15:52:09] [SCREEN_TEXT] URL: https://www.intermarche.com/ | Text: Contenu
Rechercher
Menu
Pied de page
Intermarché (retour à l’accueil)

Ju qu'au 18 octobre(1)

En  avoir plu 

Enregi trer ou créer ma carte

Con ulter le  pro pectu 

Retrouver le  promotion 

Trouver un maga in

Découvrir

Ju qu'au 8 novembre

Collectionner le  vignette .(2)

En  avoir plu 

Décou
[15:52:10] [SCREEN_TEXT] URL: https://www.intermarche.com/ | Text: Contenu
Rechercher
Menu
Pied de page
Intermarché (retour à l’accueil)

Ju qu'au 18 octobre(1)

En  avoir plu 

Enregi trer ou créer ma carte

Con ulter le  pro pectu 

Retrouver le  promotion 

Trouver un maga in

Découvrir

Ju qu'au 8 novembre

Collectionner le  vignette .(2)

En  avoir plu 

Décou
[15:53:39] [WEBVIEW_NAV] URL: https://www.intermarche.com/
[15:53:39] [WEBVIEW_NAV] URL: https://www.intermarche.com/
[15:53:39] [WEBVIEW_NAV] URL: https://www.intermarche.com/
[15:53:39] [WEBVIEW_NAV] URL: https://www.intermarche.com/
[15:53:40] [SCREEN_TEXT] URL: https://www.intermarche.com/ | Text: Contenu
Rechercher
Menu
Pied de page
Intermarché (retour à l’accueil)

Ju qu'au 18 octobre(1)

En  avoir plu 

Enregi trer ou créer ma carte

Con ulter le  pro pectu 

Retrouver le  promotion 

Trouver un maga in

Découvrir

Ju qu'au 8 novembre

Collectionner le  vignette .(2)

En  avoir plu 

Décou
[15:53:42] [SCREEN_TEXT] URL: https://www.intermarche.com/ | Text: Contenu
Rechercher
Menu
Pied de page
Intermarché (retour à l’accueil)

Ju qu'au 18 octobre(1)

En  avoir plu 

Enregi trer ou créer ma carte

Con ulter le  pro pectu 

Retrouver le  promotion 

Trouver un maga in

Découvrir

Ju qu'au 8 novembre

Collectionner le  vignette .(2)

En  avoir plu 

Décou
[15:54:00] [WEBVIEW_NAV] URL: https://www.intermarche.com/magasin
[15:54:00] [STORE_AUTO_DETECTED] https://www.intermarche.com/magasin
[15:54:00] [APP_START_SEARCH] Recherche: "Bagels" (Intermarché Drive) -> https://www.google.com/search?q=Intermarch%C3%A9%20Drive%20Bagels
[15:54:01] [WEBVIEW_NAV] URL: https://www.intermarche.com/magasin
[15:54:01] [WEBVIEW_NAV] URL: https://www.intermarche.com/magasin
[15:54:01] [WEBVIEW_NAV] URL: https://www.intermarche.com/magasin
[15:54:02] [SCREEN_TEXT] URL: https://www.intermarche.com/magasin | Text: Contenu
Rechercher
Menu
Pied de page
Intermarché (retour à l’accueil)

Aulnay Sou  Boi 

Promotion 

Pro pectu 

Rayon 

Accueil
No  maga in 
Ile-de-France
Seine-Saint-Deni 
Bobigny
Super Aulnay Sou  Boi 
Super Aulnay Sou  Boi 

Aulnay  ou  Boi  Chanteloup

Vo  cour e  en ligne en drive et en livrai
[15:54:03] [SCREEN_TEXT] URL: https://www.intermarche.com/magasin | Text: Contenu
Rechercher
Menu
Pied de page
Intermarché (retour à l’accueil)

Aulnay Sou  Boi 

Promotion 

Pro pectu 

Rayon 

Accueil
No  maga in 
Ile-de-France
Seine-Saint-Deni 
Bobigny
Super Aulnay Sou  Boi 
Super Aulnay Sou  Boi 

Aulnay  ou  Boi  Chanteloup

Vo  cour e  en ligne en drive et en livrai
[15:54:09] [APP_START_SEARCH] Recherche: "Pain pita" (Intermarché Drive) -> https://www.google.com/search?q=Intermarch%C3%A9%20Drive%20Pain%20pita
[15:54:15] [APP_START_SEARCH] Recherche: "Tortillas de blé" (Intermarché Drive) -> https://www.google.com/search?q=Intermarch%C3%A9%20Drive%20Tortillas%20de%20bl%C3%A9
[15:54:16] [APP_START_SEARCH] Recherche: "Pain complet" (Intermarché Drive) -> https://www.google.com/search?q=Intermarch%C3%A9%20Drive%20Pain%20complet
[15:54:28] [WEBVIEW_NAV] URL: https://www.intermarche.com/accueil
[15:54:28] [WEBVIEW_NAV] URL: https://www.intermarche.com/accueil
[15:54:29] [WEBVIEW_NAV] URL: https://www.intermarche.com/accueil
[15:54:29] [WEBVIEW_NAV] URL: https://www.intermarche.com/accueil
[15:54:29] [SCREEN_TEXT] URL: https://www.intermarche.com/accueil | Text: Contenu
Rechercher
Menu
Pied de page
Intermarché (retour à l’accueil)

Aulnay Sou  Boi 

Promotion 

Pro pectu 

Rayon 

Promotion 

Pro pectu 

Jeux

Slide 1 of 3

Ça c'e t contre la vie chère.

DU 8 AU 10 OCTOBRE

Le marché contre la vie chère : Moule  de Bouchot.

La vie ne devrait pa  coûter au 
[15:54:31] [SCREEN_TEXT] URL: https://www.intermarche.com/accueil | Text: Contenu
Rechercher
Menu
Pied de page
Intermarché (retour à l’accueil)

Aulnay Sou  Boi 

Promotion 

Pro pectu 

Rayon 

Promotion 

Pro pectu 

Jeux

Slide 1 of 3

Ça c'e t contre la vie chère.

DU 8 AU 10 OCTOBRE

Le marché contre la vie chère : Moule  de Bouchot.

La vie ne devrait pa  coûter au 
[15:54:31] [APP_START_SEARCH] Recherche: "Yaourt" (Intermarché Drive) -> https://www.google.com/search?q=Intermarch%C3%A9%20Drive%20Yaourt
[15:54:33] [APP_START_SEARCH] Recherche: "Beurre doux" (Intermarché Drive) -> https://www.google.com/search?q=Intermarch%C3%A9%20Drive%20Beurre%20doux
[15:54:38] [APP_START_SEARCH] Recherche: "Oeufs" (Intermarché Drive) -> https://www.google.com/search?q=Intermarch%C3%A9%20Drive%20Oeufs
[15:55:43] [WEBVIEW_NAV] URL: https://www.intermarche.com/accueil
[15:55:44] [WEBVIEW_NAV] URL: https://www.intermarche.com/accueil
[15:55:44] [WEBVIEW_NAV] URL: https://www.intermarche.com/accueil
[15:55:44] [WEBVIEW_NAV] URL: https://www.intermarche.com/accueil
[15:55:45] [SCREEN_TEXT] URL: https://www.intermarche.com/accueil | Text: Contenu
Rechercher
Menu
Pied de page
Intermarché (retour à l’accueil)

Aulnay Sou  Boi 

Promotion 

Pro pectu 

Rayon 

Promotion 

Pro pectu 

Jeux

Slide 1 of 3

Ça c'e t contre la vie chère.

DU 8 AU 10 OCTOBRE

Le marché contre la vie chère : Moule  de Bouchot.

La vie ne devrait pa  coûter au 
[15:55:46] [SCREEN_TEXT] URL: https://www.intermarche.com/accueil | Text: Contenu
Rechercher
Menu
Pied de page
Intermarché (retour à l’accueil)

Aulnay Sou  Boi 

Promotion 

Pro pectu 

Rayon 

Promotion 

Pro pectu 

Jeux

Slide 1 of 3

Ça c'e t contre la vie chère.

DU 8 AU 10 OCTOBRE

Le marché contre la vie chère : Moule  de Bouchot.

La vie ne devrait pa  coûter au 
[15:55:49] [APP_START_SEARCH] Recherche: "Bagels" (Intermarché Drive) -> https://www.google.com/search?q=Intermarch%C3%A9%20Drive%20Bagels
[15:55:52] [DOM_SEARCH_INTERMARCHE] NO_INPUT_FOUND_AFTER_ATTEMPTS | query: Bagels
[15:55:53] [APP_START_SEARCH] Recherche: "Pain pita" (Intermarché Drive) -> https://www.google.com/search?q=Intermarch%C3%A9%20Drive%20Pain%20pita
[15:55:55] [APP_START_SEARCH] Recherche: "Tortillas de blé" (Intermarché Drive) -> https://www.google.com/search?q=Intermarch%C3%A9%20Drive%20Tortillas%20de%20bl%C3%A9
[15:55:55] [DOM_SEARCH_INTERMARCHE] NO_INPUT_FOUND_AFTER_ATTEMPTS | query: Pain pita
[15:55:56] [APP_START_SEARCH] Recherche: "Pain complet" (Intermarché Drive) -> https://www.google.com/search?q=Intermarch%C3%A9%20Drive%20Pain%20complet
[15:55:57] [DOM_SEARCH_INTERMARCHE] NO_INPUT_FOUND_AFTER_ATTEMPTS | query: Tortillas de blé
[15:55:59] [DOM_SEARCH_INTERMARCHE] NO_INPUT_FOUND_AFTER_ATTEMPTS | query: Pain complet
[15:57:07] [APP_START_SEARCH] Recherche: "Yaourt" (Intermarché Drive) -> https://www.google.com/search?q=Intermarch%C3%A9%20Drive%20Yaourt
[15:57:07] [DOM_SEARCH_INTERMARCHE] SUCCESS_INPUT_FOUND | query: Yaourt
[15:57:26] [WEBVIEW_NAV] URL: https://www.intermarche.com/accueil
[15:57:27] [WEBVIEW_NAV] URL: https://www.intermarche.com/accueil
[15:57:27] [WEBVIEW_NAV] URL: https://www.intermarche.com/accueil
[15:57:27] [WEBVIEW_NAV] URL: https://www.intermarche.com/accueil
[15:57:28] [SCREEN_TEXT] URL: https://www.intermarche.com/accueil | Text: Contenu
Rechercher
Menu
Pied de page
Intermarché (retour à l’accueil)

Aulnay Sou  Boi 

Promotion 

Pro pectu 

Rayon 

Promotion 

Pro pectu 

Jeux

Slide 1 of 3

Ça c'e t contre la vie chère.

DU 8 AU 10 OCTOBRE

Le marché contre la vie chère : Moule  de Bouchot.

La vie ne devrait pa  coûter au 
[15:57:29] [SCREEN_TEXT] URL: https://www.intermarche.com/accueil | Text: Contenu
Rechercher
Menu
Pied de page
Intermarché (retour à l’accueil)

Aulnay Sou  Boi 

Promotion 

Pro pectu 

Rayon 

Promotion 

Pro pectu 

Jeux

Slide 1 of 3

Ça c'e t contre la vie chère.

DU 8 AU 10 OCTOBRE

Le marché contre la vie chère : Moule  de Bouchot.

La vie ne devrait pa  coûter au 
[15:57:31] [APP_START_SEARCH] Recherche: "Bagels" (Intermarché Drive) -> https://www.google.com/search?q=Intermarch%C3%A9%20Drive%20Bagels
[15:57:31] [DOM_SEARCH_INTERMARCHE] SUCCESS_INPUT_FOUND | query: Bagels
[15:57:37] [APP_START_SEARCH] Recherche: "Pain pita" (Intermarché Drive) -> https://www.google.com/search?q=Intermarch%C3%A9%20Drive%20Pain%20pita
[15:57:37] [DOM_SEARCH_INTERMARCHE] SUCCESS_INPUT_FOUND | query: Pain pita
[15:57:45] [APP_START_SEARCH] Recherche: "Tortillas de blé" (Intermarché Drive) -> https://www.google.com/search?q=Intermarch%C3%A9%20Drive%20Tortillas%20de%20bl%C3%A9
[15:57:45] [DOM_SEARCH_INTERMARCHE] SUCCESS_INPUT_FOUND | query: Tortillas de blé
[15:57:52] [APP_START_SEARCH] Recherche: "Pain complet" (Intermarché Drive) -> https://www.google.com/search?q=Intermarch%C3%A9%20Drive%20Pain%20complet
[15:57:52] [DOM_SEARCH_INTERMARCHE] SUCCESS_INPUT_FOUND | query: Pain complet
[15:57:55] [WEBVIEW_NAV] URL: https://www.intermarche.com/recherche/Pain%20complet
[15:57:56] [WEBVIEW_NAV] URL: https://www.intermarche.com/recherche/Pain%20complet
[15:57:56] [WEBVIEW_NAV] URL: https://www.intermarche.com/recherche/Pain%20complet
[15:57:59] [SCREEN_TEXT] URL: https://www.intermarche.com/recherche/Pain%20complet | Text: Contenu
Rechercher
Menu
Pied de page
Raccourci  clavier
Intermarché (retour à l’accueil)

Aulnay Sou  Boi 

Promotion 

Pro pectu 

Rayon 

« Pain complet »
(53 produit )
Voir le  recette 
pain complet  eigle
pain complet mue li
pain complet bio
pain complet 3
pain complet moi agai 

La li te de  pr
[15:58:00] [WEBVIEW_NAV] URL: https://www.intermarche.com/recherche/Pain%20complet
[15:58:01] [SCREEN_TEXT] URL: https://www.intermarche.com/recherche/Pain%20complet | Text: Contenu
Rechercher
Menu
Pied de page
Raccourci  clavier
Intermarché (retour à l’accueil)

Aulnay Sou  Boi 

Promotion 

Pro pectu 

Rayon 

« Pain complet »
(53 produit )
Voir le  recette 
pain complet  eigle
pain complet mue li
pain complet bio
pain complet 3
pain complet moi agai 

La li te de  pr
[15:58:01] [APP_START_SEARCH] Recherche: "Yaourt" (Intermarché Drive) -> https://www.google.com/search?q=Intermarch%C3%A9%20Drive%20Yaourt
[15:58:01] [DOM_SEARCH_INTERMARCHE] SUCCESS_INPUT_FOUND | query: Yaourt
[15:58:02] [WEBVIEW_NAV] URL: https://www.intermarche.com/recherche/Yaourt
[15:58:03] [WEBVIEW_NAV] URL: https://www.intermarche.com/recherche/Yaourt
[15:58:03] [WEBVIEW_NAV] URL: https://www.intermarche.com/recherche/Yaourt
[15:58:03] [WEBVIEW_NAV] URL: https://www.intermarche.com/recherche/Yaourt
[15:58:05] [APP_START_SEARCH] Recherche: "Beurre doux" (Intermarché Drive) -> https://www.google.com/search?q=Intermarch%C3%A9%20Drive%20Beurre%20doux
[15:58:05] [DOM_SEARCH_INTERMARCHE] SUCCESS_INPUT_FOUND | Container: < earch id="input- earchBoxNavBar" cla ="flex h-48  hrink-0 item -center rounded-24 border-2 border- troke bg-bg-tertiary py-4 pl-4 pr-12 focu -within:border-bg-dark lg:flex-1" role=" earch"><nav role="navigation" aria-label="Menu rayon "><button cla ="flex h-auto w-auto item -center gap-4 rounded-24 bg-bg-primary py-8 pl-8 pr-12 hover: hadow-[0p | query: Beurre doux
[15:58:06] [WEBVIEW_NAV] URL: https://www.intermarche.com/recherche/Beurre%20doux
[15:58:07] [WEBVIEW_NAV] URL: https://www.intermarche.com/recherche/Beurre%20doux
[15:58:07] [WEBVIEW_NAV] URL: https://www.intermarche.com/recherche/Beurre%20doux
[15:58:11] [APP_START_SEARCH] Recherche: "Oeufs" (Intermarché Drive) -> https://www.google.com/search?q=Intermarch%C3%A9%20Drive%20Oeufs
[15:58:12] [SCREEN_TEXT] URL: https://www.intermarche.com/recherche/Beurre%20doux | Text: Contenu
Rechercher
Menu
Pied de page
Raccourci  clavier
Intermarché (retour à l’accueil)

Aulnay Sou  Boi 

Promotion 

Pro pectu 

Rayon 

« Beurre doux »
(51 produit )
Voir le  recette 
beurre doux bio
beurre doux 60%
beurre doux à teneur
beurre doux aop
beurre doux de normandie

La li te de  prod
[15:58:12] [DOM_SEARCH_INTERMARCHE] SUCCESS_INPUT_FOUND | Container: < earch id="input- earchBoxNavBar" cla ="flex h-48  hrink-0 item -center rounded-24 border-2 border- troke bg-bg-tertiary py-4 pl-4 pr-12 focu -within:border-bg-dark lg:flex-1" role=" earch"><nav role="navigation" aria-label="Menu rayon "><button cla ="flex h-auto w-auto item -center gap-4 rounded-24 bg-bg-primary py-8 pl-8 pr-12 hover: hadow-[0p | query: Oeufs
[15:58:13] [WEBVIEW_NAV] URL: https://www.intermarche.com/recherche/Beurre%20doux
[15:58:13] [WEBVIEW_NAV] URL: https://www.intermarche.com/recherche/Oeufs
[15:58:13] [WEBVIEW_NAV] URL: https://www.intermarche.com/recherche/Oeufs
[15:58:14] [WEBVIEW_NAV] URL: https://www.intermarche.com/recherche/Oeufs
[15:58:19] [SCREEN_TEXT] URL: https://www.intermarche.com/recherche/Oeufs | Text: Contenu
Rechercher
Menu
Pied de page
Raccourci  clavier
Intermarché (retour à l’accueil)

Aulnay Sou  Boi 

Promotion 

Pro pectu 

Rayon 

« Oeuf  »
(139 produit )
Voir le  recette 
oeuf  bio
oeuf  de caille 
oeuf  extra  frai  gro 
oeuf  de  mauge 
oeuf  calibre

La li te de  produit  e t mi e à j
[15:58:19] [SCREEN_TEXT] URL: https://www.intermarche.com/recherche/Oeufs | Text: Contenu
Rechercher
Menu
Pied de page
Raccourci  clavier
Intermarché (retour à l’accueil)

Aulnay Sou  Boi 

Promotion 

Pro pectu 

Rayon 

« Oeuf  »
(139 produit )
Voir le  recette 
oeuf  bio
oeuf  de caille 
oeuf  extra  frai  gro 
oeuf  de  mauge 
oeuf  calibre

La li te de  produit  e t mi e à j
[15:58:21] [WEBVIEW_NAV] URL: https://www.intermarche.com/recherche/Oeufs
[15:58:25] [CHANGE_STORE_CLICKED] Changer de magasin pour Intermarché Drive -> https://www.intermarche.com/
[15:58:25] [WEBVIEW_NAV] URL: https://www.intermarche.com/accueil
[15:58:25] [WEBVIEW_NAV] URL: https://www.intermarche.com/accueil
[15:58:25] [WEBVIEW_NAV] URL: https://www.intermarche.com/accueil
[15:58:25] [WEBVIEW_NAV] URL: https://www.intermarche.com/accueil
[15:58:27] [STORE_SWITCHED] Passage à E.Leclerc Drive -> https://www.leclercdrive.fr
[15:58:27] [SCREEN_TEXT] URL: https://www.intermarche.com/accueil | Text: Contenu
Rechercher
Menu
Pied de page
Intermarché (retour à l’accueil)

Aulnay Sou  Boi 

Promotion 

Pro pectu 

Rayon 

Promotion 

Pro pectu 

Jeux

Slide 1 of 3

Ça c'e t contre la vie chère.

DU 8 AU 10 OCTOBRE

Le marché contre la vie chère : Moule  de Bouchot.

La vie ne devrait pa  coûter au 
[15:58:27] [WEBVIEW_NAV] URL: https://www.leclercdrive.fr/
[15:58:31] [WEBVIEW_NAV] URL: https://www.leclercdrive.fr/
[15:58:32] [SCREEN_TEXT] URL: https://www.leclercdrive.fr/ | Text: Se connecter
Me  cour e  en ligne
en drive, en retrait piéton ou livrée  à domicile
Plu  d'info  en vidéo

Utili ez le  flèche  gauche et droite du clavier pour parcourir le  mode  de retrait.

Drive
Récupérez votre commande
en voiture
Retrait piéton
Récupérez votre commande
à pied en ba  de chez vo
[15:58:34] [SCREEN_TEXT] URL: https://www.leclercdrive.fr/ | Text: Se connecter
Me  cour e  en ligne
en drive, en retrait piéton ou livrée  à domicile
Plu  d'info  en vidéo

Utili ez le  flèche  gauche et droite du clavier pour parcourir le  mode  de retrait.

Drive
Récupérez votre commande
en voiture
Retrait piéton
Récupérez votre commande
à pied en ba  de chez vo
[15:58:38] [WEBVIEW_NAV] URL: https://www.leclercdrive.fr/#_divModalMagasin&089301
[15:58:38] [WEBVIEW_NAV] URL: https://www.leclercdrive.fr/#_divModalMagasin&089301
[15:58:40] [APP_START_SEARCH] Recherche: "Oeufs" (E.Leclerc Drive) -> https://www.leclercdrive.fr
[15:58:40] [WEBVIEW_NAV] URL: https://m-courses.leclercdrive.fr/magasin-089301-089301-aulnay-sous-bois
[15:58:40] [WEBVIEW_NAV] URL: https://www.leclercdrive.fr/
[15:58:43] [WEBVIEW_NAV] URL: https://www.leclercdrive.fr/
[15:58:44] [SCREEN_TEXT] URL: https://www.leclercdrive.fr/ | Text: Se connecter
Me  cour e  en ligne
en drive, en retrait piéton ou livrée  à domicile
Plu  d'info  en vidéo

Utili ez le  flèche  gauche et droite du clavier pour parcourir le  mode  de retrait.

Drive
Récupérez votre commande
en voiture
Retrait piéton
Récupérez votre commande
à pied en ba  de chez vo
[15:58:45] [SCREEN_TEXT] URL: https://www.leclercdrive.fr/ | Text: Se connecter
Me  cour e  en ligne
en drive, en retrait piéton ou livrée  à domicile
Plu  d'info  en vidéo

Utili ez le  flèche  gauche et droite du clavier pour parcourir le  mode  de retrait.

Drive
Récupérez votre commande
en voiture
Retrait piéton
Récupérez votre commande
à pied en ba  de chez vo
[15:58:46] [APP_START_SEARCH] Recherche: "Yaourt" (E.Leclerc Drive) -> https://m-courses.leclercdrive.fr/magasin-089301/recherche/Yaourt
[15:58:46] [WEBVIEW_NAV] URL: https://m-courses.leclercdrive.fr/magasin-089301/recherche/Yaourt
[15:58:46] [WEBVIEW_NAV] URL: https://m-courses.leclercdrive.fr/magasin-089301/recherche/Yaourt
[15:58:47] [WEBVIEW_NAV] URL: https://m-courses.leclercdrive.fr/magasin-089301/recherche/Yaourt
[15:58:47] [WEBVIEW_NAV] URL: https://m-courses.leclercdrive.fr/magasin-089301/recherche/Yaourt
[15:58:48] [SCREEN_TEXT] URL: https://m-courses.leclercdrive.fr/magasin-089301/recherche/Yaourt | Text: 4
11,74 €

Accueil
 

Aulnay- ou -Boi 

Etre livré dè  : Aujourd'hui à 16h30

Connexion / In cription
Me  outil 
RAYONS
 Promotion 
 No  bon  plan 
Ma  oirée parfaite
Foire aux vin 
Mon marché frai 
Viande  Poi on 
Fruit  Légume 
Pain  Pâti erie 
Laitier Oeuf  Végétal
Charcuterie Traiteur
Surgelé 
E
[15:58:49] [SCREEN_TEXT] URL: https://m-courses.leclercdrive.fr/magasin-089301/recherche/Yaourt | Text: 4
11,74 €
Filtrer
Trier

200 ré ultat  affiché  pour "Yaourt"

Yaourt fjord fromage blanc Nature - 8x125g

3,39 €

3,39 € / kg

Yaourt fjord fromage blanc Nature - 4x125g

2,04 €

4,08 € / kg

Yaourt protéiné Hipro Frai e - 2x160g

2,27 €

7,09 € / kg

Yaourt à boire protéiné Hipro Frai e framboi e 
[15:58:50] [APP_START_SEARCH] Recherche: "Fromage à tartiner" (E.Leclerc Drive) -> https://m-courses.leclercdrive.fr/magasin-089301/recherche/Fromage%20%C3%A0%20tartiner
[15:58:50] [WEBVIEW_NAV] URL: https://m-courses.leclercdrive.fr/magasin-089301/recherche/Fromage%20%C3%A0%20tartiner
[15:58:50] [WEBVIEW_NAV] URL: https://m-courses.leclercdrive.fr/magasin-089301/recherche/Fromage%20%C3%A0%20tartiner
[15:58:50] [WEBVIEW_NAV] URL: https://m-courses.leclercdrive.fr/magasin-089301/recherche/Fromage%20%C3%A0%20tartiner
[15:58:50] [WEBVIEW_NAV] URL: https://m-courses.leclercdrive.fr/magasin-089301/recherche/Fromage%20%C3%A0%20tartiner
[15:58:51] [SCREEN_TEXT] URL: https://m-courses.leclercdrive.fr/magasin-089301/recherche/Fromage%20%C3%A0%20tartiner | Text: 4
11,74 €
Filtrer
Trier

46 ré ultat  affiché  pour "Fromage à tartiner"

Fromage à tartiner Le  Croi é  Allégé Nature - 150g

1,16 €

7,73 € / kg

Fromage à tartiner St Môret nature léger 150g

2,93 €

19,53 € / kg

Fromage à Tartiner St Môret Nature - 500g

5,58 €

11,16 € / kg

Fromage à Tartiner
[15:58:52] [SCREEN_TEXT] URL: https://m-courses.leclercdrive.fr/magasin-089301/recherche/Fromage%20%C3%A0%20tartiner | Text: 4
11,74 €
Filtrer
Trier

46 ré ultat  affiché  pour "Fromage à tartiner"

Fromage à tartiner Le  Croi é  Allégé Nature - 150g

1,16 €

7,73 € / kg

Fromage à tartiner St Môret nature léger 150g

2,93 €

19,53 € / kg

Fromage à Tartiner St Môret Nature - 500g

5,58 €

11,16 € / kg

Fromage à Tartiner
[15:58:54] [CHANGE_STORE_CLICKED] Changer de magasin pour E.Leclerc Drive -> https://www.leclercdrive.fr
[15:58:54] [WEBVIEW_NAV] URL: https://www.leclercdrive.fr/
[15:58:55] [STORE_SWITCHED] Passage à Carrefour Drive -> https://www.carrefour.fr/courses
[15:58:55] [WEBVIEW_NAV] URL: https://www.carrefour.fr/courses
[15:59:00] [WEBVIEW_NAV] URL: https://www.carrefour.fr/courses
[15:59:01] [SCREEN_TEXT] URL: https://www.carrefour.fr/courses | Text: Accéder à la recherche
Accéder au contenu principale
Accéder au pied de page
Cour e 
Rechercher parmi le contenu du  ite
La zone de recherche comprend un champ avec une fonctionnalité d’auto ugge tion. Dè  que l’utili ateur commence à  ai ir du texte, le  ré ultat   e mettent automatiquement à jour.
[15:59:03] [SCREEN_TEXT] URL: https://www.carrefour.fr/courses | Text: Accéder à la recherche
Accéder au contenu principale
Accéder au pied de page
Cour e 
Rechercher parmi le contenu du  ite
La zone de recherche comprend un champ avec une fonctionnalité d’auto ugge tion. Dè  que l’utili ateur commence à  ai ir du texte, le  ré ultat   e mettent automatiquement à jour.
[15:59:04] [APP_START_SEARCH] Recherche: "Fromage à tartiner" (Carrefour Drive) -> https://www.carrefour.fr/s?q=Fromage%20%C3%A0%20tartiner
[15:59:04] [WEBVIEW_NAV] URL: https://www.carrefour.fr/s?q=Fromage%20%C3%A0%20tartiner
[15:59:10] [WEBVIEW_NAV] URL: https://www.carrefour.fr/s?q=Fromage%20%C3%A0%20tartiner
[15:59:10] [CHANGE_STORE_CLICKED] Changer de magasin pour Carrefour Drive -> https://www.carrefour.fr/courses
[15:59:11] [WEBVIEW_NAV] URL: https://www.carrefour.fr/courses
[15:59:11] [STORE_SWITCHED] Passage à Courses U Drive -> https://www.coursesu.com/drive/home
[15:59:12] [WEBVIEW_NAV] URL: https://www.coursesu.com/drive/home
[15:59:12] [WEBVIEW_NAV] URL: https://www.coursesu.com/drive/home
[15:59:16] [WEBVIEW_NAV] URL: https://www.coursesu.com/drive/home
[15:59:16] [WEBVIEW_NAV] URL: https://www.coursesu.com/drive/home
[15:59:16] [WEBVIEW_NAV] URL: https://www.coursesu.com/drive/home
[15:59:16] [WEBVIEW_NAV] URL: https://www.coursesu.com/drive/home
[15:59:16] [WEBVIEW_NAV] URL: https://www.coursesu.com/drive/home
[15:59:16] [WEBVIEW_NAV] URL: https://www.coursesu.com/drive/home
[15:59:16] [WEBVIEW_NAV] URL: https://www.coursesu.com/drive/home
[15:59:16] [WEBVIEW_NAV] URL: https://www.coursesu.com/drive/home
[15:59:16] [WEBVIEW_NAV] URL: https://www.coursesu.com/drive/home
[15:59:16] [WEBVIEW_NAV] URL: https://www.coursesu.com/drive/home
[15:59:16] [WEBVIEW_NAV] URL: https://www.coursesu.com/drive/home
[15:59:16] [WEBVIEW_NAV] URL: https://www.coursesu.com/drive/home
[15:59:16] [WEBVIEW_NAV] URL: https://www.coursesu.com/drive/home
[15:59:16] [WEBVIEW_NAV] URL: https://www.coursesu.com/drive/home
[15:59:16] [WEBVIEW_NAV] URL: https://www.coursesu.com/drive/home
[15:59:16] [WEBVIEW_NAV] URL: https://www.coursesu.com/drive/home
[15:59:16] [WEBVIEW_NAV] URL: https://www.coursesu.com/drive/home
[15:59:16] [WEBVIEW_NAV] URL: https://www.coursesu.com/drive/home
[15:59:16] [WEBVIEW_NAV] URL: https://www.coursesu.com/drive/home
[15:59:16] [WEBVIEW_NAV] URL: https://www.coursesu.com/drive/home
[15:59:16] [WEBVIEW_NAV] URL: https://www.coursesu.com/drive/home
[15:59:16] [WEBVIEW_NAV] URL: https://www.coursesu.com/drive/home
[15:59:16] [WEBVIEW_NAV] URL: https://www.coursesu.com/drive/home
[15:59:16] [WEBVIEW_NAV] URL: https://www.coursesu.com/drive/home
[15:59:16] [WEBVIEW_NAV] URL: https://www.coursesu.com/drive/home
[15:59:16] [WEBVIEW_NAV] URL: https://www.coursesu.com/drive/home
[15:59:16] [WEBVIEW_NAV] URL: https://www.coursesu.com/drive/home
[15:59:16] [WEBVIEW_NAV] URL: https://www.coursesu.com/drive/home
[15:59:16] [WEBVIEW_NAV] URL: https://www.coursesu.com/drive/home
[15:59:16] [WEBVIEW_NAV] URL: https://www.coursesu.com/drive/home
[15:59:16] [WEBVIEW_NAV] URL: https://www.coursesu.com/drive/home
[15:59:16] [WEBVIEW_NAV] URL: https://www.coursesu.com/drive/home
[15:59:16] [WEBVIEW_NAV] URL: https://www.coursesu.com/drive/home
[15:59:16] [WEBVIEW_NAV] URL: https://www.coursesu.com/drive/home
[15:59:17] [SCREEN_TEXT] URL: https://www.coursesu.com/drive/home | Text: Accéder au contenu principal
Accéder au pied de page
Service  U
Contactez-nou 
Drive ou livrai on à domicile :
faite  vo  cour e  en ligne avec Cour e  U
Je récupère me  cour e 
Je me fai  livrer
Votre code po tal ou ville
Le  mode  de retrait pour vo  cour e  :
Je récupère me  cour e 
Le drive

Réc
[15:59:18] [SCREEN_TEXT] URL: https://www.coursesu.com/drive/home | Text: Accéder au contenu principal
Accéder au pied de page
Service  U
Contactez-nou 
Drive ou livrai on à domicile :
faite  vo  cour e  en ligne avec Cour e  U
Je récupère me  cour e 
Je me fai  livrer
Votre code po tal ou ville
5 propo ition  di ponible  pour 932
93310, Le Pré-Saint-Gervai 
93000, Bobign
[15:59:24] [APP_START_SEARCH] Recherche: "Fromage à tartiner" (Courses U Drive) -> https://www.coursesu.com/search?q=Fromage%20%C3%A0%20tartiner
[15:59:24] [WEBVIEW_NAV] URL: https://www.coursesu.com/drive/home
[15:59:24] [WEBVIEW_NAV] URL: https://www.coursesu.com/drive-superu-parisornano
[15:59:24] [DOM_SEARCH_COURSESU] SUCCESS_INPUT_FOUND | Container: <form role=" earch" action="/recherche" method="get" name=" impleSearch" cla ="header- earch-form">
<label cla ="po ition-ab olute  u-typo-x -11  u- earch-label  u-font-open" id=" earch-title" for="q">Rechercher un produit</label>

<input data- earch-input="" type="text" maxlength="1000" id="q" cla ="input- earch " name="q" placeholder="ex : pai | query: Fromage à tartiner
[15:59:25] [SCREEN_TEXT] URL: https://www.coursesu.com/drive-superu-parisornano | Text: Accéder au contenu principal
Accéder au pied de page
Accéder au menu principal
Service  U
Se connecter
Rechercher un produit
Supprimer le mot
Rechercher
Bienvenue au drive Super U PARIS ORNANO
Dan  votre maga in
La  élection rayon 
Tout voir
PRIX COÛTANT
PRIX MINI
No  Marque  U
Produit  Bleu-Blanc-C
[15:59:27] [SCREEN_TEXT] URL: https://www.coursesu.com/drive-superu-parisornano | Text: Accéder au contenu principal
Accéder au pied de page
Accéder au menu principal
Service  U
Contactez-nou 
Rechercher un produit
Supprimer le mot
Rechercher
Bienvenue au drive Super U PARIS ORNANO
% PROMOTIONS
📢 NOUVEAUTÉS
🛒 PRIX COÛTANT
🥇 PRODUITS LOCAUX ET RÉGIONAUX
💡 IDÉES REPAS EN 1 CLIC
Dan  
[15:59:29] [CHANGE_STORE_CLICKED] Changer de magasin pour Courses U Drive -> https://www.coursesu.com/drive/home
[15:59:29] [STORE_AUTO_DETECTED] https://www.coursesu.com/drive-superu-parisornano
[15:59:29] [WEBVIEW_NAV] URL: https://www.coursesu.com/drive-superu-parisornano
[15:59:29] [WEBVIEW_NAV] URL: https://www.coursesu.com/drive/home
[15:59:30] [APP_START_SEARCH] Recherche: "Fromage à tartiner" (Courses U Drive) -> https://www.coursesu.com/search?q=Fromage%20%C3%A0%20tartiner
[15:59:30] [DOM_SEARCH_COURSESU] SUCCESS_INPUT_FOUND | Container: <div cla ="ab-prehome- earch" data-prehome- earch="">
<input id=" tore- earch" cla ="ab-prehome- earch-input  u-font-open" type="text" autocomplete="off" name="prehome- tore- earch" role="combobox" aria-expanded="fal e" aria-control =" earch-re ult-li tbox" aria-activede cendant="" aria-autocomplete="li t" placeholder="Votre code po tal ou votre  | query: Fromage à tartiner
[15:59:30] [SCREEN_TEXT] URL: https://www.coursesu.com/drive/home | Text: Accéder au contenu principal
Accéder au pied de page
Se connecter
Drive ou livrai on à domicile :
faite  vo  cour e  en ligne avec Cour e  U
Je récupère me  cour e 
Je me fai  livrer
Votre code po tal ou ville
Le  mode  de retrait pour vo  cour e  :
Je récupère me  cour e 
Le drive

Récupérez vo  co
[15:59:30] [WEBVIEW_NAV] URL: https://www.coursesu.com/drive/home
[15:59:30] [WEBVIEW_NAV] URL: https://www.coursesu.com/drive-superu-parisornano
[15:59:31] [SCREEN_TEXT] URL: https://www.coursesu.com/drive-superu-parisornano | Text: Accéder au contenu principal
Accéder au pied de page
Accéder au menu principal
Service  U
Se connecter
Rechercher un produit
Rechercher
Bienvenue au drive Super U PARIS ORNANO
% PROMOTIONS
📢 NOUVEAUTÉS
🛒 PRIX COÛTANT
🥇 PRODUITS LOCAUX ET RÉGIONAUX
💡 IDÉES REPAS EN 1 CLIC
Dan  votre maga in
Notre
[15:59:33] [SCREEN_TEXT] URL: https://www.coursesu.com/drive-superu-parisornano | Text: Accéder au contenu principal
Accéder au pied de page
Accéder au menu principal
Service  U
Contactez-nou 
Rechercher un produit
Rechercher
Bienvenue au drive Super U PARIS ORNANO
% PROMOTIONS
📢 NOUVEAUTÉS
🛒 PRIX COÛTANT
🥇 PRODUITS LOCAUX ET RÉGIONAUX
💡 IDÉES REPAS EN 1 CLIC
Dan  votre maga in
Not
[15:59:33] [APP_START_SEARCH] Recherche: "Feta AOP" (Courses U Drive) -> https://www.coursesu.com/search?q=Feta%20AOP
[15:59:34] [WEBVIEW_NAV] URL: https://www.coursesu.com/drive-superu-parisornano
[15:59:34] [WEBVIEW_NAV] URL: https://www.coursesu.com/drive-superu-parisornano
[15:59:34] [WEBVIEW_NAV] URL: https://www.coursesu.com/drive-superu-parisornano
[15:59:34] [WEBVIEW_NAV] URL: https://www.coursesu.com/drive-superu-parisornano
[15:59:34] [WEBVIEW_NAV] URL: https://www.coursesu.com/drive-superu-parisornano
[15:59:34] [WEBVIEW_NAV] URL: https://www.coursesu.com/drive-superu-parisornano
[15:59:34] [WEBVIEW_NAV] URL: https://www.coursesu.com/drive-superu-parisornano
[15:59:34] [WEBVIEW_NAV] URL: https://www.coursesu.com/drive-superu-parisornano
[15:59:34] [WEBVIEW_NAV] URL: https://www.coursesu.com/drive-superu-parisornano
[15:59:34] [WEBVIEW_NAV] URL: https://www.coursesu.com/drive-superu-parisornano
[15:59:34] [WEBVIEW_NAV] URL: https://www.coursesu.com/drive-superu-parisornano
[15:59:34] [WEBVIEW_NAV] URL: https://www.coursesu.com/drive-superu-parisornano
[15:59:34] [WEBVIEW_NAV] URL: https://www.coursesu.com/drive-superu-parisornano
[15:59:34] [WEBVIEW_NAV] URL: https://www.coursesu.com/drive-superu-parisornano
[15:59:34] [WEBVIEW_NAV] URL: https://www.coursesu.com/drive-superu-parisornano
[15:59:34] [WEBVIEW_NAV] URL: https://www.coursesu.com/drive-superu-parisornano
[15:59:34] [WEBVIEW_NAV] URL: https://www.coursesu.com/drive-superu-parisornano
[15:59:34] [WEBVIEW_NAV] URL: https://www.coursesu.com/drive-superu-parisornano
[15:59:34] [WEBVIEW_NAV] URL: https://www.coursesu.com/drive-superu-parisornano
[15:59:34] [WEBVIEW_NAV] URL: https://www.coursesu.com/drive-superu-parisornano
[15:59:34] [WEBVIEW_NAV] URL: https://www.coursesu.com/drive-superu-parisornano
[15:59:34] [WEBVIEW_NAV] URL: https://www.coursesu.com/drive-superu-parisornano
[15:59:34] [WEBVIEW_NAV] URL: https://www.coursesu.com/drive-superu-parisornano
[15:59:34] [WEBVIEW_NAV] URL: https://www.coursesu.com/drive-superu-parisornano
[15:59:34] [WEBVIEW_NAV] URL: https://www.coursesu.com/drive-superu-parisornano
[15:59:34] [WEBVIEW_NAV] URL: https://www.coursesu.com/drive-superu-parisornano
[15:59:34] [WEBVIEW_NAV] URL: https://www.coursesu.com/drive-superu-parisornano
[15:59:34] [WEBVIEW_NAV] URL: https://www.coursesu.com/drive-superu-parisornano
[15:59:34] [WEBVIEW_NAV] URL: https://www.coursesu.com/drive-superu-parisornano
[15:59:34] [WEBVIEW_NAV] URL: https://www.coursesu.com/drive-superu-parisornano
[15:59:34] [WEBVIEW_NAV] URL: https://www.coursesu.com/drive-superu-parisornano
[15:59:34] [WEBVIEW_NAV] URL: https://www.coursesu.com/drive-superu-parisornano
[15:59:34] [DOM_SEARCH_COURSESU] SUCCESS_INPUT_FOUND | Container: <form role=" earch" action="/recherche" method="get" name=" impleSearch" cla ="header- earch-form">
<label cla ="po ition-ab olute  u-typo-x -11  u- earch-label  u-font-open" id=" earch-title" for="q">Rechercher un produit</label>

<input data- earch-input="" type="text" maxlength="1000" id="q" cla ="input- earch " name="q" placeholder="ex : pai | query: Feta AOP
[15:59:35] [WEBVIEW_NAV] URL: https://www.coursesu.com/drive-superu-parisornano
[15:59:35] [WEBVIEW_NAV] URL: https://www.coursesu.com/drive-superu-parisornano
[15:59:35] [WEBVIEW_NAV] URL: https://www.coursesu.com/drive-superu-parisornano
[15:59:35] [WEBVIEW_NAV] URL: https://www.coursesu.com/drive-superu-parisornano
[15:59:35] [WEBVIEW_NAV] URL: https://www.coursesu.com/drive-superu-parisornano
[15:59:39] [APP_START_SEARCH] Recherche: "Fromage de chèvre" (Courses U Drive) -> https://www.coursesu.com/search?q=Fromage%20de%20ch%C3%A8vre
[15:59:39] [DOM_SEARCH_COURSESU] SUCCESS_INPUT_FOUND | Container: <form role=" earch" action="/recherche" method="get" name=" impleSearch" cla ="header- earch-form">
<label cla ="po ition-ab olute  u-typo-x -11  u- earch-label  u-font-open" id=" earch-title" for="q">Rechercher un produit</label>

<input data- earch-input="" type="text" maxlength="1000" id="q" cla ="input- earch " name="q" placeholder="ex : pai | query: Fromage de chèvre
[15:59:53] [APP_START_SEARCH] Recherche: "Parmesan" (Courses U Drive) -> https://www.coursesu.com/search?q=Parmesan
[15:59:53] [DOM_SEARCH_COURSESU] SUCCESS_INPUT_FOUND | Container: <form role=" earch" action="/recherche" method="get" name=" impleSearch" cla ="header- earch-form">
<label cla ="po ition-ab olute  u-typo-x -11  u- earch-label  u-font-open" id=" earch-title" for="q">Rechercher un produit</label>

<input data- earch-input="" type="text" maxlength="1000" id="q" cla ="input- earch " name="q" placeholder="ex : pai | query: Parmesan
[16:00:37] [WEBVIEW_NAV] URL: https://www.coursesu.com/drive/home
[16:00:40] [WEBVIEW_NAV] URL: https://www.coursesu.com/drive/home
[16:00:40] [WEBVIEW_NAV] URL: https://www.coursesu.com/drive/home
[16:00:40] [WEBVIEW_NAV] URL: https://www.coursesu.com/drive/home
[16:00:40] [WEBVIEW_NAV] URL: https://www.coursesu.com/drive/home
[16:00:40] [WEBVIEW_NAV] URL: https://www.coursesu.com/drive/home
[16:00:40] [WEBVIEW_NAV] URL: https://www.coursesu.com/drive/home
[16:00:40] [WEBVIEW_NAV] URL: https://www.coursesu.com/drive/home
[16:00:40] [WEBVIEW_NAV] URL: https://www.coursesu.com/drive/home
[16:00:40] [WEBVIEW_NAV] URL: https://www.coursesu.com/drive/home
[16:00:40] [WEBVIEW_NAV] URL: https://www.coursesu.com/drive/home
[16:00:40] [WEBVIEW_NAV] URL: https://www.coursesu.com/drive/home
[16:00:40] [WEBVIEW_NAV] URL: https://www.coursesu.com/drive/home
[16:00:40] [WEBVIEW_NAV] URL: https://www.coursesu.com/drive/home
[16:00:40] [WEBVIEW_NAV] URL: https://www.coursesu.com/drive/home
[16:00:40] [WEBVIEW_NAV] URL: https://www.coursesu.com/drive/home
[16:00:40] [WEBVIEW_NAV] URL: https://www.coursesu.com/drive/home
[16:00:40] [WEBVIEW_NAV] URL: https://www.coursesu.com/drive/home
[16:00:40] [WEBVIEW_NAV] URL: https://www.coursesu.com/drive/home
[16:00:40] [WEBVIEW_NAV] URL: https://www.coursesu.com/drive/home
[16:00:40] [WEBVIEW_NAV] URL: https://www.coursesu.com/drive/home
[16:00:40] [WEBVIEW_NAV] URL: https://www.coursesu.com/drive/home
[16:00:40] [WEBVIEW_NAV] URL: https://www.coursesu.com/drive/home
[16:00:40] [WEBVIEW_NAV] URL: https://www.coursesu.com/drive/home
[16:00:40] [WEBVIEW_NAV] URL: https://www.coursesu.com/drive/home
[16:00:40] [WEBVIEW_NAV] URL: https://www.coursesu.com/drive/home
[16:00:40] [WEBVIEW_NAV] URL: https://www.coursesu.com/drive/home
[16:00:40] [WEBVIEW_NAV] URL: https://www.coursesu.com/drive/home
[16:00:40] [WEBVIEW_NAV] URL: https://www.coursesu.com/drive/home
[16:00:40] [WEBVIEW_NAV] URL: https://www.coursesu.com/drive/home
[16:00:40] [WEBVIEW_NAV] URL: https://www.coursesu.com/drive/home
[16:00:40] [WEBVIEW_NAV] URL: https://www.coursesu.com/drive/home
[16:00:40] [WEBVIEW_NAV] URL: https://www.coursesu.com/drive/home
[16:00:40] [WEBVIEW_NAV] URL: https://www.coursesu.com/drive/home
[16:00:40] [WEBVIEW_NAV] URL: https://www.coursesu.com/drive/home
[16:00:40] [WEBVIEW_NAV] URL: https://www.coursesu.com/drive/home
[16:00:41] [SCREEN_TEXT] URL: https://www.coursesu.com/drive/home | Text: Accéder au contenu principal
Accéder au pied de page
Service  U
Contactez-nou 
Drive ou livrai on à domicile :
faite  vo  cour e  en ligne avec Cour e  U
Je récupère me  cour e 
Je me fai  livrer
Votre code po tal ou ville
Le  mode  de retrait pour vo  cour e  :
Je récupère me  cour e 
Le drive

Réc
[16:00:43] [SCREEN_TEXT] URL: https://www.coursesu.com/drive/home | Text: Accéder au contenu principal
Accéder au pied de page
Service  U
Contactez-nou 
Drive ou livrai on à domicile :
faite  vo  cour e  en ligne avec Cour e  U
Je récupère me  cour e 
Je me fai  livrer
Votre code po tal ou ville
1 propo ition di ponible pour 93190
93190, Livry-Gargan
Le  mode  de retrait 
[16:00:48] [APP_START_SEARCH] Recherche: "Bagels" (Courses U Drive) -> https://www.coursesu.com/search?q=Bagels
[16:00:48] [WEBVIEW_NAV] URL: https://www.coursesu.com/drive-superu-neuillysurmarne
[16:00:49] [DOM_SEARCH_COURSESU] SUCCESS_INPUT_FOUND | Container: <form role=" earch" action="/recherche" method="get" name=" impleSearch" cla ="header- earch-form">
<label cla ="po ition-ab olute  u-typo-x -11  u- earch-label  u-font-open" id=" earch-title" for="q">Rechercher un produit</label>

<input data- earch-input="" type="text" maxlength="1000" id="q" cla ="input- earch " name="q" placeholder="ex : pai | query: Bagels
[16:00:49] [DOM_SEARCH_COURSESU] FORM_SUBMITTED_VIA_PROTOTYPE | query: Bagels
[16:00:49] [WEBVIEW_NAV] URL: https://www.coursesu.com/drive-superu-neuillysurmarne
[16:00:50] [WEBVIEW_NAV] URL: https://www.coursesu.com/recherche?q=Bagels
[16:00:50] [SCREEN_TEXT] URL: https://www.coursesu.com/recherche?q=Bagels | Text: Accéder au contenu principal
Accéder au pied de page
Accéder au menu principal
Ré ultat  de recherche pour : “Bagel ”

3 produit 

Ouvrir le menu de 
Filtrer
Trier par : pertinence
Prix croi ant
Prix décroi ant
Prix au Kg/L croi ant
Prix au Kg/L décroi ant
Mieux noté 
Marque A>Z
Marque Z>A
Pain pour
[16:00:52] [SCREEN_TEXT] URL: https://www.coursesu.com/recherche?q=Bagels | Text: Accéder au contenu principal
Accéder au pied de page
Accéder au menu principal
Ré ultat  de recherche pour : “Bagel ”

3 produit 

Ouvrir le menu de 
Filtrer
Trier par : pertinence
Prix croi ant
Prix décroi ant
Prix au Kg/L croi ant
Prix au Kg/L décroi ant
Mieux noté 
Marque A>Z
Marque Z>A
Pain pour
[16:00:53] [WEBVIEW_NAV] URL: https://www.coursesu.com/recherche?q=Bagels
[16:00:53] [WEBVIEW_NAV] URL: https://www.coursesu.com/recherche?q=Bagels
[16:00:53] [WEBVIEW_NAV] URL: https://www.coursesu.com/recherche?q=Bagels
[16:00:53] [WEBVIEW_NAV] URL: https://www.coursesu.com/recherche?q=Bagels
[16:00:53] [WEBVIEW_NAV] URL: https://www.coursesu.com/recherche?q=Bagels
[16:00:53] [APP_START_SEARCH] Recherche: "Pain pita" (Courses U Drive) -> https://www.coursesu.com/search?q=Pain%20pita
[16:00:53] [DOM_SEARCH_COURSESU] SUCCESS_INPUT_FOUND | Container: <form role=" earch" action="/recherche" method="get" name=" impleSearch" cla ="header- earch-form">
<label cla ="po ition-ab olute  u-typo-x -11  u- earch-label  u-font-open" id=" earch-title" for="q">Rechercher un produit</label>

<input data- earch-input="" type="text" maxlength="1000" id="q" cla ="input- earch ha - earch-phra e" name="q" plac | query: Pain pita
[16:00:53] [DOM_SEARCH_COURSESU] FORM_SUBMITTED_VIA_PROTOTYPE | query: Pain pita
[16:00:54] [WEBVIEW_NAV] URL: https://www.coursesu.com/recherche?q=Pain+pita
[16:00:57] [WEBVIEW_NAV] URL: https://www.coursesu.com/recherche?q=Pain+pita
[16:00:57] [WEBVIEW_NAV] URL: https://www.coursesu.com/recherche?q=Pain+pita
[16:00:57] [WEBVIEW_NAV] URL: https://www.coursesu.com/recherche?q=Pain+pita
[16:00:57] [WEBVIEW_NAV] URL: https://www.coursesu.com/recherche?q=Pain+pita
[16:00:57] [WEBVIEW_NAV] URL: https://www.coursesu.com/recherche?q=Pain+pita
[16:00:58] [SCREEN_TEXT] URL: https://www.coursesu.com/recherche?q=Pain+pita | Text: Accéder au contenu principal
Accéder au pied de page
Accéder au menu principal
Ré ultat  de recherche pour : “Pain pita”

1 produit

Trier par : pertinence
Prix croi ant
Prix décroi ant
Prix au Kg/L croi ant
Prix au Kg/L décroi ant
Mieux noté 
Marque A>Z
Marque Z>A
U Pain  pita x6 - 400g

Nutri core
[16:00:59] [CHANGE_STORE_CLICKED] Changer de magasin pour Courses U Drive -> https://www.coursesu.com/drive/home
[16:00:59] [WEBVIEW_NAV] URL: https://www.coursesu.com/recherche?q=Pain+pita
[16:00:59] [WEBVIEW_NAV] URL: https://www.coursesu.com/recherche?q=Pain+pita
[16:01:00] [WEBVIEW_NAV] URL: https://www.coursesu.com/drive/home
[16:01:01] [STORE_SWITCHED] Passage à Auchan Drive -> https://www.auchan.fr/
[16:01:01] [WEBVIEW_NAV] URL: https://www.coursesu.com/drive-superu-neuillysurmarne
[16:01:01] [STORE_AUTO_DETECTED] https://www.coursesu.com/drive-superu-neuillysurmarne
[16:01:01] [WEBVIEW_NAV] URL: https://www.auchan.fr/
[16:01:01] [APP_START_SEARCH] Recherche: "Pain pita" (Auchan Drive) -> https://www.auchan.fr/recherche?text=Pain%20pita
[16:01:01] [WEBVIEW_NAV] URL: https://www.auchan.fr/
[16:01:01] [WEBVIEW_NAV] URL: https://www.auchan.fr/recherche?text=Pain%20pita
[16:01:02] [SCREEN_TEXT] URL: https://www.auchan.fr/recherche?text=Pain%20pita | Text: Aller directement au contenu
Aller directement à la recherche
Aller directement à la navigation
Aller directement à la rubrique be oin d'aide
Retrait:
Auchan Drive Supermarché Sevran
Rayon 
Recherche
 
Lancer la recherche
Annuler
Me  produit 
0,00 €
Accueil
Votre recherche : pain pita
Oup , on n'a r
[16:01:03] [WEBVIEW_NAV] URL: https://www.auchan.fr/recherche?text=Pain%20pita
[16:01:04] [SCREEN_TEXT] URL: https://www.auchan.fr/recherche?text=Pain%20pita | Text: Aller directement au contenu
Aller directement à la recherche
Aller directement à la navigation
Aller directement à la rubrique be oin d'aide
Retrait:
Auchan Drive Supermarché Sevran
Rayon 
Recherche
 
Lancer la recherche
Annuler
Me  produit 
0,00 €
Accueil
Votre recherche : pain pita
Oup , on n'a r
[16:01:07] [APP_START_SEARCH] Recherche: "Tortillas de blé" (Auchan Drive) -> https://www.auchan.fr/recherche?text=Tortillas%20de%20bl%C3%A9
[16:01:08] [WEBVIEW_NAV] URL: https://www.auchan.fr/recherche?text=Tortillas%20de%20bl%C3%A9
[16:01:10] [WEBVIEW_NAV] URL: https://www.auchan.fr/recherche?text=Tortillas%20de%20bl%C3%A9
[16:01:11] [SCREEN_TEXT] URL: https://www.auchan.fr/recherche?text=Tortillas%20de%20bl%C3%A9 | Text: Aller directement au contenu
Aller directement à la recherche
Aller directement à la navigation
Aller directement à la rubrique be oin d'aide
Retrait:
Auchan Drive Supermarché Sevran
Rayon 
Recherche
 
Lancer la recherche
Annuler
Me  produit 
0,00 €
Accueil
Votre recherche : tortilla  de blé
Pain, p
[16:01:12] [SCREEN_TEXT] URL: https://www.auchan.fr/recherche?text=Tortillas%20de%20bl%C3%A9 | Text: Aller directement au contenu
Aller directement à la recherche
Aller directement à la navigation
Aller directement à la rubrique be oin d'aide
Retrait:
Auchan Drive Supermarché Sevran
Rayon 
Recherche
 
Lancer la recherche
Annuler
Me  produit 
0,00 €
Accueil
Votre recherche : tortilla  de blé
Pain, p
[16:01:13] [CHANGE_STORE_CLICKED] Changer de magasin pour Auchan Drive -> https://www.auchan.fr/
[16:01:13] [WEBVIEW_NAV] URL: https://www.auchan.fr/
[16:01:14] [WEBVIEW_NAV] URL: https://www.auchan.fr/
[16:01:15] [SCREEN_TEXT] URL: https://www.auchan.fr/ | Text: Aller directement au contenu
Aller directement à la recherche
Aller directement à la navigation
Aller directement à la rubrique be oin d'aide
Retrait:
Auchan Drive Supermarché Sevran
Rayon 
Recherche
 
Lancer la recherche
Annuler
Me  produit 
0,00 €
Mai on & Loi ir 
Catalogue 
Défi  Waaoh
Activer mo
[16:01:15] [APP_START_SEARCH] Recherche: "Tortillas de blé" (Auchan Drive) -> https://www.auchan.fr/recherche?text=Tortillas%20de%20bl%C3%A9
[16:01:16] [WEBVIEW_NAV] URL: https://www.auchan.fr/recherche?text=Tortillas%20de%20bl%C3%A9
[16:01:17] [WEBVIEW_NAV] URL: https://www.auchan.fr/recherche?text=Tortillas%20de%20bl%C3%A9
[16:01:18] [SCREEN_TEXT] URL: https://www.auchan.fr/recherche?text=Tortillas%20de%20bl%C3%A9 | Text: Aller directement au contenu
Aller directement à la recherche
Aller directement à la navigation
Aller directement à la rubrique be oin d'aide
Retrait:
Auchan Drive Supermarché Sevran
Rayon 
Recherche
 
Lancer la recherche
Annuler
Me  produit 
0,00 €
Accueil
Votre recherche : tortilla  de blé
Pain, p
[16:01:18] [CHANGE_STORE_CLICKED] Changer de magasin pour Auchan Drive -> https://www.auchan.fr/
[16:01:18] [WEBVIEW_NAV] URL: https://www.auchan.fr/
[16:01:19] [WEBVIEW_NAV] URL: https://www.auchan.fr/
[16:01:20] [STORE_SWITCHED] Passage à Intermarché Drive -> https://www.intermarche.com/
[16:01:20] [SCREEN_TEXT] URL: https://www.auchan.fr/ | Text: Aller directement au contenu
Aller directement à la recherche
Aller directement à la navigation
Aller directement à la rubrique be oin d'aide
Retrait:
Auchan Drive Supermarché Sevran
Rayon 
Recherche
 
Lancer la recherche
Annuler
Me  produit 
0,00 €
Mai on & Loi ir 
Catalogue 
Défi  Waaoh
Activer mo
[16:01:21] [WEBVIEW_NAV] URL: https://www.intermarche.com/accueil
[16:01:21] [APP_START_SEARCH] Recherche: "Tortillas de blé" (Intermarché Drive) -> https://www.google.com/search?q=Intermarch%C3%A9%20Drive%20Tortillas%20de%20bl%C3%A9
[16:01:21] [DOM_SEARCH_INTERMARCHE] SUCCESS_INPUT_FOUND | Container: < earch id="input- earchBoxNavBar" cla ="flex h-48  hrink-0 item -center rounded-24 border-2 border- troke bg-bg-tertiary py-4 pl-4 pr-12 focu -within:border-bg-dark lg:flex-1" role=" earch"><nav role="navigation" aria-label="Menu rayon "><button cla ="flex h-auto w-auto item -center gap-4 rounded-24 bg-bg-primary py-8 pl-8 pr-12 hover: hadow-[0p | query: Tortillas de blé
[16:01:21] [WEBVIEW_NAV] URL: https://www.intermarche.com/accueil
[16:01:21] [WEBVIEW_NAV] URL: https://www.intermarche.com/accueil
[16:01:22] [WEBVIEW_NAV] URL: https://www.intermarche.com/accueil
[16:01:23] [SCREEN_TEXT] URL: https://www.intermarche.com/accueil | Text: Contenu
Rechercher
Menu
Pied de page
Intermarché (retour à l’accueil)

Aulnay Sou  Boi 

Promotion 

Pro pectu 

Rayon 

Promotion 

Pro pectu 

Jeux

Slide 1 of 3

Ça c'e t contre la vie chère.

DU 8 AU 10 OCTOBRE

Le marché contre la vie chère : Moule  de Bouchot.

La vie ne devrait pa  coûter au 
[16:01:23] [SCREEN_TEXT] URL: https://www.intermarche.com/accueil | Text: Contenu
Rechercher
Menu
Pied de page
Intermarché (retour à l’accueil)

Aulnay Sou  Boi 

Promotion 

Pro pectu 

Rayon 

Promotion 

Pro pectu 

Jeux

Slide 1 of 3

Ça c'e t contre la vie chère.

DU 8 AU 10 OCTOBRE

Le marché contre la vie chère : Moule  de Bouchot.

La vie ne devrait pa  coûter au 
[16:01:25] [APP_START_SEARCH] Recherche: "Pain complet" (Intermarché Drive) -> https://www.google.com/search?q=Intermarch%C3%A9%20Drive%20Pain%20complet
[16:01:25] [DOM_SEARCH_INTERMARCHE] SUCCESS_INPUT_FOUND | Container: < earch id="input- earchBoxNavBar" cla ="flex h-48  hrink-0 item -center rounded-24 border-2 border- troke bg-bg-tertiary py-4 pl-4 pr-12 focu -within:border-bg-dark lg:flex-1" role=" earch"><nav role="navigation" aria-label="Menu rayon "><button cla ="flex h-auto w-auto item -center gap-4 rounded-24 bg-bg-primary py-8 pl-8 pr-12 hover: hadow-[0p | query: Pain complet
[16:01:25] [WEBVIEW_NAV] URL: https://www.intermarche.com/recherche/Pain%20complet
[16:01:26] [WEBVIEW_NAV] URL: https://www.intermarche.com/recherche/Pain%20complet
[16:01:27] [SCREEN_TEXT] URL: https://www.intermarche.com/recherche/Pain%20complet | Text: Contenu
Rechercher
Menu
Pied de page
Raccourci  clavier
Intermarché (retour à l’accueil)

Aulnay Sou  Boi 

Promotion 

Pro pectu 

Rayon 

« Pain complet »
(53 produit )
Voir le  recette 
pain complet  eigle
pain complet mue li
pain complet bio
pain complet 3
pain complet moi agai 

La li te de  pr
[16:01:27] [WEBVIEW_NAV] URL: https://www.intermarche.com/recherche/Pain%20complet
[16:01:27] [WEBVIEW_NAV] URL: https://www.intermarche.com/recherche/Pain%20complet
[16:01:28] [APP_START_SEARCH] Recherche: "Yaourt" (Intermarché Drive) -> https://www.google.com/search?q=Intermarch%C3%A9%20Drive%20Yaourt
[16:01:31] [DOM_SEARCH_INTERMARCHE] SUCCESS_INPUT_FOUND | Container: < earch id="input- earchBoxNavBar" cla ="flex h-48  hrink-0 item -center rounded-24 border-2 border- troke bg-bg-tertiary py-4 pl-4 pr-12 focu -within:border-bg-dark lg:flex-1" role=" earch"><nav role="navigation" aria-label="Menu rayon "><button cla ="flex h-auto w-auto item -center gap-4 rounded-24 bg-bg-primary py-8 pl-8 pr-12 hover: hadow-[0p | query: Yaourt
[16:01:31] [WEBVIEW_NAV] URL: https://www.intermarche.com/recherche/Yaourt
[16:01:32] [WEBVIEW_NAV] URL: https://www.intermarche.com/recherche/Yaourt
[16:01:32] [SCREEN_TEXT] URL: https://www.intermarche.com/recherche/Yaourt | Text: Contenu
Rechercher
Menu
Pied de page
Raccourci  clavier
Intermarché (retour à l’accueil)

Aulnay Sou  Boi 

Promotion 

Pro pectu 

Rayon 

« Yaourt »
(426 produit )
yaourt à boire
yaourt à la grecque
yaourt bra é
yaourt nature
yaourt lait

La li te de  produit  e t mi e à jour in tantanément lor qu
[16:01:33] [WEBVIEW_NAV] URL: https://www.intermarche.com/recherche/Yaourt
[16:01:33] [WEBVIEW_NAV] URL: https://www.intermarche.com/recherche/Yaourt
[16:01:35] [SCREEN_TEXT] URL: https://www.intermarche.com/recherche/Yaourt | Text: Contenu
Rechercher
Menu
Pied de page
Raccourci  clavier
Intermarché (retour à l’accueil)

Aulnay Sou  Boi 

Promotion 

Pro pectu 

Rayon 

« Yaourt »
(426 produit )
yaourt à boire
yaourt à la grecque
yaourt bra é
yaourt nature
yaourt lait

La li te de  produit  e t mi e à jour in tantanément lor qu
[16:01:42] [APP_START_SEARCH] Recherche: "Beurre doux" (Intermarché Drive) -> https://www.google.com/search?q=Intermarch%C3%A9%20Drive%20Beurre%20doux
[16:01:42] [DOM_SEARCH_INTERMARCHE] SUCCESS_INPUT_FOUND | Container: < earch id="input- earchBoxNavBar" cla ="flex h-48  hrink-0 item -center rounded-24 border-2 border- troke bg-bg-tertiary py-4 pl-4 pr-12 focu -within:border-bg-dark lg:flex-1" role=" earch"><input id=" earch-input__input" cla ="w-full border-none bg-[tran parent] py-12 pl-8 pr-12 outline-hidden placeholder:text-grey-600" autocomplete="off" place | query: Beurre doux
[16:01:43] [WEBVIEW_NAV] URL: https://www.intermarche.com/recherche/Beurre%20doux
[16:01:44] [WEBVIEW_NAV] URL: https://www.intermarche.com/recherche/Beurre%20doux
[16:01:44] [WEBVIEW_NAV] URL: https://www.intermarche.com/recherche/Beurre%20doux
[16:01:45] [APP_START_SEARCH] Recherche: "Oeufs" (Intermarché Drive) -> https://www.google.com/search?q=Intermarch%C3%A9%20Drive%20Oeufs
[16:01:47] [DOM_SEARCH_INTERMARCHE] SUCCESS_INPUT_FOUND | Container: < earch id="input- earchBoxNavBar" cla ="flex h-48  hrink-0 item -center rounded-24 border-2 border- troke bg-bg-tertiary py-4 pl-4 pr-12 focu -within:border-bg-dark lg:flex-1" role=" earch"><nav role="navigation" aria-label="Menu rayon "><button cla ="flex h-auto w-auto item -center gap-4 rounded-24 bg-bg-primary py-8 pl-8 pr-12 hover: hadow-[0p | query: Oeufs
[16:01:47] [WEBVIEW_NAV] URL: https://www.intermarche.com/recherche/Beurre%20doux
[16:01:47] [WEBVIEW_NAV] URL: https://www.intermarche.com/recherche/Oeufs
[16:01:48] [WEBVIEW_NAV] URL: https://www.intermarche.com/recherche/Oeufs
[16:01:48] [SCREEN_TEXT] URL: https://www.intermarche.com/recherche/Oeufs | Text: Contenu
Rechercher
Menu
Pied de page
Raccourci  clavier
Intermarché (retour à l’accueil)

Aulnay Sou  Boi 

Promotion 

Pro pectu 

Rayon 

« Oeuf  »
(139 produit )
Voir le  recette 
oeuf  bio
oeuf  de caille 
oeuf  extra  frai  gro 
oeuf  de  mauge 
oeuf  calibre

La li te de  produit  e t mi e à j
[16:01:48] [WEBVIEW_NAV] URL: https://www.intermarche.com/recherche/Oeufs
[16:01:48] [WEBVIEW_NAV] URL: https://www.intermarche.com/recherche/Oeufs
[16:01:50] [SCREEN_TEXT] URL: https://www.intermarche.com/recherche/Oeufs | Text: Contenu
Rechercher
Menu
Pied de page
Raccourci  clavier
Intermarché (retour à l’accueil)

Aulnay Sou  Boi 

Promotion 

Pro pectu 

Rayon 

« Oeuf  »
(139 produit )
Voir le  recette 
oeuf  bio
oeuf  de caille 
oeuf  extra  frai  gro 
oeuf  de  mauge 
oeuf  calibre

La li te de  produit  e t mi e à j
[16:02:02] [CHANGE_STORE_CLICKED] Changer de magasin pour Intermarché Drive -> https://www.intermarche.com/
[16:02:03] [WEBVIEW_NAV] URL: https://www.intermarche.com/accueil
[16:02:03] [STORE_SWITCHED] Passage à E.Leclerc Drive -> https://www.leclercdrive.fr
[16:02:03] [WEBVIEW_NAV] URL: https://www.leclercdrive.fr/
[16:02:06] [STORE_SWITCHED] Passage à Carrefour Drive -> https://www.carrefour.fr/courses
[16:02:06] [WEBVIEW_NAV] URL: https://www.leclercdrive.fr/
[16:02:06] [WEBVIEW_NAV] URL: https://www.carrefour.fr/courses
[16:02:10] [WEBVIEW_NAV] URL: https://www.carrefour.fr/courses
[16:02:11] [SCREEN_TEXT] URL: https://www.carrefour.fr/courses | Text: Accéder à la recherche
Accéder au contenu principale
Accéder au pied de page
Cour e 
Rechercher parmi le contenu du  ite
La zone de recherche comprend un champ avec une fonctionnalité d’auto ugge tion. Dè  que l’utili ateur commence à  ai ir du texte, le  ré ultat   e mettent automatiquement à jour.
[16:02:14] [SCREEN_TEXT] URL: https://www.carrefour.fr/courses | Text: Accéder à la recherche
Accéder au contenu principale
Accéder au pied de page
Cour e 
Rechercher parmi le contenu du  ite
La zone de recherche comprend un champ avec une fonctionnalité d’auto ugge tion. Dè  que l’utili ateur commence à  ai ir du texte, le  ré ultat   e mettent automatiquement à jour.
[16:02:38] [NEW_GENERATED_GROCERIES] Articles (87): Tranches de brioche (4 tranches), Pain complet (2 tranches), Pain de seigle (4 tranches), Pains pita (2 ), Œufs (19 ), Lait demi-écrémé (140 ml), Feta AOP (170 g), Yaourt nature (205 g), Fromage frais à tartiner (55 g), Beurre doux (40 g), Parmesan râpé (35 g), Huile de coco (9 g), Emmental râpé (55 g), Yaourt grec nature (290 g), Lait d'amande sans sucre (310 ml), Tzatziki (85 g), Fromage de chèvre frais (70 g), Blancs de poulet (495 g), Saumon fumé (70 g), Bœuf haché (240 g), Cuisses (595 g), Dos de cabillaud frais (340 g), Cuisses de poulet (275 g), Olives noires (55 g), Huile d'olive (10.5 c.à.s), Riz basmati (495 g), Pâtes (140 g), Pesto vert au basilic (4 g), Pois chiches (510 g), Chocolat noir 70% (45 g), Lentilles corail (140 g), Poudre d'amandes (70 g), Noix de coco râpée (45 g), Flocons d'avoine (170 g), Coulis de tomate (170 g), Lait de coco (510 ml), Beurre de cacahuète (45 g), Graines de chia (105 g), Moutarde de Dijon (3.5 c.à.s), Cerneaux de noix (70 g), Miel liquide (60 g), Sirop d'agave (30 ml), Semoule de couscous (140 g), Crackers aux graines (7 ), Myrtilles (70 g), Tomates fraîches (990 g), Concombre (4 ), Courgette (4 ), Fraises (310 g), Melon (310 g), Citron vert (2 ), Menthe fraîche (45 g), Ciboulette fraîche (20 g), Tomates cerises (395 g), Persil frais (70 g), Coriandre fraîche (70 g), Ail (19 ), Oignon jaune (9 ), Salade verte (310 g), Radis (170 g), Poivron (4 ), Carottes (255 g), Pommes de terre (255 g), Citron jaune (9 ), Dattes Medjool (6 ), Banane (4 ), Jeunes pousses d'épinards (140 g), Pomme (4 ), Poire (2 ), Patate douce (765 g), Fruits rouges (140 g), Mangue (2 ), Oignon rouge (1 ), Cannelle moulue (3 c.à.c), Origan séché (2 c.à.s), Épices Tikka Masala (2 c.à.s), Cumin moulu (3.5 c.à.s), Coriandre moulue (2 c.à.s), Bicarbonate alimentaire (5.5 c.à.c), Sumac (170 c.à.c), Paprika doux (2 c.à.s), Piment doux (27.5 c.à.s), Herbes de Provence (1 c.à.s), Curcuma moulu (2 c.à.s), Feuilles de laurier (2 ), Épices Zaatar (2 c.à.s), Épices shawarma (2 c.à.s)
[16:04:10] [NEW_GENERATED_GROCERIES] Articles (86): Pain de seigle (4 tranches), Tranches de brioche (7 tranches), Tortillas de blé (4 ), Lait d'amande sans sucre (310 ml), Yaourt grec nature (255 g), Fromage blanc (105 g), Œufs (23 ), Yaourt nature (70 g), Fromage frais à tartiner (120 g), Feta AOP (170 g), Emmental râpé (55 g), Parmesan râpé (35 g), Lait demi-écrémé (460 ml), Beurre doux (30 g), Huile de coco (9 g), Blancs de poulet (255 g), Bœuf haché (240 g), Cuisses (290 g), Dos de cabillaud frais (615 g), Jambon de dinde (4 ), Flocons d'avoine (460 g), Miel liquide (50 g), Graines de chia (35 g), Pois chiches (680 g), Lait de coco (170 ml), Pâtes (140 g), Riz basmati (360 g), Cerneaux de noix (30 g), Compote de pommes (105 g), Huile d'olive (111 c.à.s), Olives noires (55 g), Coulis de tomate (170 g), Poudre d'amandes (35 g), Cacao en poudre non sucré (20 g), Beurre de cacahuète (45 g), Semoule de couscous (140 g), Pesto vert au basilic (4 g), Quinoa (140 g), Moutarde de Dijon (3.5 c.à.s), Chocolat noir 70% (35 g), Noisettes (2 g), Lentilles corail (140 g), Amandes entières (35 g), Fruits rouges (140 g), Jeunes pousses d'épinards (140 g), Persil frais (70 g), Coriandre fraîche (120 g), Ail (19 ), Oignon jaune (10 ), Salade verte (255 g), Concombre (5 ), Radis (170 g), Pommes de terre (565 g), Courgette (4 ), Carottes (595 g), Houmous (140 g), Ciboulette fraîche (25 g), Tomates fraîches (765 g), Dattes Medjool (11 ), Banane (6 ), Poivron (4 ), Tomates cerises (395 g), Citron jaune (11 ), Menthe fraîche (45 g), Fraises (310 g), Melon (310 g), Citron vert (6 ), Myrtilles (140 g), Avocat (170 ), Pomme (2 ), Mangue (1 ), Oignon rouge (1 ), Patate douce (425 g), Mâche fraîche (35 g), Curcuma moulu (2 c.à.s), Cumin moulu (3.5 c.à.s), Coriandre moulue (2 c.à.s), Bicarbonate alimentaire (5.5 c.à.c), Sumac (170 c.à.c), Épices Tikka Masala (2 c.à.s), Origan séché (2 c.à.s), Herbes de Provence (1 c.à.s), Cannelle moulue (6 c.à.c), Feuilles de laurier (2 ), Piment doux (78.5 c.à.s), Paprika doux (2 c.à.s)
[16:08:31] [NEW_GENERATED_GROCERIES] Articles (83): Bagels (6 ), Pains pita (2 ), Tranches de brioche (4 tranches), Pain complet (6 tranches), Tortillas de blé (4 ), Œufs (17 ), Feta AOP (225 g), Fromage frais à tartiner (155 g), Tzatziki (85 g), Parmesan râpé (35 g), Lait demi-écrémé (55 ml), Beurre doux (30 g), Yaourt nature (70 g), Emmental râpé (55 g), Yaourt grec nature (425 g), Dos de cabillaud frais (615 g), Saumon fumé (170 g), Blancs de poulet (495 g), Bœuf haché (240 g), Jambon de dinde (4 ), Cuisses (310 g), Flocons d'avoine (170 g), Sirop d'érable (30 ml), Olives noires (55 g), Huile d'olive (110.5 c.à.s), Poudre d'amandes (60 g), Pâtes (140 g), Pesto vert au basilic (4 g), Chocolat noir 70% (35 g), Pois chiches (680 g), Lentilles corail (140 g), Amandes entières (35 g), Cacao en poudre non sucré (20 g), Semoule de couscous (140 g), Riz basmati (225 g), Quinoa (140 g), Coulis de tomate (170 g), Graines de chia (30 g), Noix de coco râpée (30 g), Lait de coco (170 ml), Banane (4 ), Tomates fraîches (595 g), Concombre (6 ), Citron vert (6 ), Mangue (2 ), Oignon rouge (2 ), Coriandre fraîche (120 g), Pomme (3 ), Poire (2 ), Aneth frais (55 g), Tomates cerises (395 g), Persil frais (70 g), Ail (17 ), Oignon jaune (5 ), Salade verte (255 g), Radis (170 g), Carottes (255 g), Pommes de terre (565 g), Menthe fraîche (50 g), Citron jaune (11 ), Dattes Medjool (9 ), Jeunes pousses d'épinards (275 g), Courgette (4 ), Poivron (2 ), Avocat (171 ), Fraises (310 g), Melon (310 g), Patate douce (765 g), Ciboulette fraîche (4 g), Mâche fraîche (35 g), Origan séché (2 c.à.s), Piment doux (78.5 c.à.s), Eau de fleur d'oranger (1 c.à.s), Cannelle moulue (2 c.à.c), Cumin moulu (2 c.à.s), Coriandre moulue (2 c.à.s), Bicarbonate alimentaire (5.5 c.à.c), Sumac (170 c.à.c), Épices Tikka Masala (2 c.à.s), Poivre noir (2 ), Herbes de Provence (1 c.à.s), Curcuma moulu (2 c.à.s), Épices Zaatar (2 c.à.s)
[16:08:39] [WEBVIEW_NAV] URL: https://www.leclercdrive.fr/
[16:08:40] [WEBVIEW_NAV] URL: https://www.leclercdrive.fr/
[16:09:20] [WEBVIEW_NAV] URL: https://www.leclercdrive.fr/#_divModalMagasin&089301
[16:09:21] [WEBVIEW_NAV] URL: https://fd1-courses.leclercdrive.fr/magasin-089301-089301-aulnay-sous-bois.aspx
[16:09:21] [STORE_AUTO_DETECTED] https://fd1-courses.leclercdrive.fr/magasin-089301-089301-aulnay-sous-bois.aspx
[16:09:22] [APP_START_SEARCH] Recherche: "Bagels" (E.Leclerc Drive) -> https://m-courses.leclercdrive.fr/magasin-089301/recherche/Bagels
[16:09:22] [WEBVIEW_NAV] URL: https://m-courses.leclercdrive.fr/magasin-089301/recherche/Bagels
[16:09:22] [WEBVIEW_NAV] URL: https://m-courses.leclercdrive.fr/magasin-089301/recherche/Bagels
[16:09:22] [WEBVIEW_NAV] URL: https://m-courses.leclercdrive.fr/magasin-089301/recherche/Bagels
[16:09:27] [APP_START_SEARCH] Recherche: "Pain pita" (E.Leclerc Drive) -> https://m-courses.leclercdrive.fr/magasin-089301/recherche/Pain%20pita
[16:09:27] [WEBVIEW_NAV] URL: https://m-courses.leclercdrive.fr/magasin-089301/recherche/Pain%20pita
[16:09:27] [WEBVIEW_NAV] URL: https://m-courses.leclercdrive.fr/magasin-089301/recherche/Pain%20pita
[16:09:27] [WEBVIEW_NAV] URL: https://m-courses.leclercdrive.fr/magasin-089301/recherche/Pain%20pita
[16:09:28] [APP_START_SEARCH] Recherche: "brioche" (E.Leclerc Drive) -> https://m-courses.leclercdrive.fr/magasin-089301/recherche/brioche
[16:09:28] [WEBVIEW_NAV] URL: https://m-courses.leclercdrive.fr/magasin-089301/recherche/brioche
[16:09:28] [WEBVIEW_NAV] URL: https://m-courses.leclercdrive.fr/magasin-089301/recherche/brioche
[16:09:28] [WEBVIEW_NAV] URL: https://m-courses.leclercdrive.fr/magasin-089301/recherche/brioche
[16:09:31] [WEBVIEW_NAV] URL: https://fd1-courses.leclercdrive.fr/magasin-089301-aulnay-sous-bois/fiche-produits-22803-Brioche-tranche-Epi-dOr.aspx?sProvenance=SM
[16:09:31] [WEBVIEW_NAV] URL: https://fd1-courses.leclercdrive.fr/magasin-089301-aulnay-sous-bois/fiche-produits-22803-Brioche-tranche-Epi-dOr.aspx?sProvenance=SM
[16:09:33] [APP_START_SEARCH] Recherche: "Pain complet" (E.Leclerc Drive) -> https://m-courses.leclercdrive.fr/magasin-089301/recherche/Pain%20complet
[16:09:33] [WEBVIEW_NAV] URL: https://m-courses.leclercdrive.fr/magasin-089301/recherche/Pain%20complet
[16:09:33] [WEBVIEW_NAV] URL: https://m-courses.leclercdrive.fr/magasin-089301/recherche/Pain%20complet
[16:09:33] [WEBVIEW_NAV] URL: https://m-courses.leclercdrive.fr/magasin-089301/recherche/Pain%20complet
[16:09:35] [CHANGE_STORE_CLICKED] Changer de magasin pour E.Leclerc Drive -> https://www.leclercdrive.fr
[16:09:36] [WEBVIEW_NAV] URL: https://www.leclercdrive.fr/
[16:09:36] [WEBVIEW_NAV] URL: https://www.leclercdrive.fr/
[16:09:36] [STORE_SWITCHED] Passage à Carrefour Drive -> https://www.carrefour.fr/courses
[16:09:36] [WEBVIEW_NAV] URL: https://www.carrefour.fr/courses
[16:09:37] [WEBVIEW_NAV] URL: https://www.carrefour.fr/courses
[16:09:37] [WEBVIEW_NAV] URL: https://www.carrefour.fr/courses
[16:10:18] [WEBVIEW_NAV] URL: https://www.carrefour.fr/set-store/1921?postalCode=93190&redirect=/courses
[16:10:18] [STORE_AUTO_DETECTED] https://www.carrefour.fr/set-store/1921?postalCode=93190&redirect=/courses
[16:10:18] [WEBVIEW_NAV] URL: https://www.carrefour.fr/courses
[16:10:18] [WEBVIEW_NAV] URL: https://www.carrefour.fr/s?q=Pain%20complet
[16:10:18] [APP_START_SEARCH] Recherche: "Pain complet" (Carrefour Drive) -> https://www.carrefour.fr/s?q=Pain%20complet
[16:10:20] [WEBVIEW_NAV] URL: https://www.carrefour.fr/s?q=Pain%20complet
[16:10:22] [APP_START_SEARCH] Recherche: "Tortillas de blé" (Carrefour Drive) -> https://www.carrefour.fr/s?q=Tortillas%20de%20bl%C3%A9
[16:10:22] [WEBVIEW_NAV] URL: https://www.carrefour.fr/s?q=Tortillas%20de%20bl%C3%A9
[16:10:24] [WEBVIEW_NAV] URL: https://www.carrefour.fr/s?q=Tortillas%20de%20bl%C3%A9
[16:10:25] [CHANGE_STORE_CLICKED] Changer de magasin pour Carrefour Drive -> https://www.carrefour.fr/courses
[16:10:25] [WEBVIEW_NAV] URL: https://www.carrefour.fr/courses
[16:10:26] [STORE_SWITCHED] Passage à Courses U Drive -> https://www.coursesu.com/drive/home
[16:10:27] [WEBVIEW_NAV] URL: https://www.carrefour.fr/courses
[16:10:27] [WEBVIEW_NAV] URL: https://www.coursesu.com/drive/home
[16:10:27] [WEBVIEW_NAV] URL: https://www.coursesu.com/drive/home
[16:10:28] [WEBVIEW_NAV] URL: https://www.coursesu.com/drive/home?__cf_chl_rt_tk=3MLqYVefUJZ3Dglt6gtRNjluIgSl6g_N6F599a1u4PQ-1791555029-1.0.1.1-4R00aap6Oys9_mvz1nMKK.QIjbBfOXDoJUpdvmAY8WU
[16:10:28] [STORE_AUTO_DETECTED] https://www.coursesu.com/drive/home?__cf_chl_rt_tk=3MLqYVefUJZ3Dglt6gtRNjluIgSl6g_N6F599a1u4PQ-1791555029-1.0.1.1-4R00aap6Oys9_mvz1nMKK.QIjbBfOXDoJUpdvmAY8WU
[16:10:28] [WEBVIEW_NAV] URL: https://www.coursesu.com/drive/home
[16:10:28] [WEBVIEW_NAV] URL: https://www.coursesu.com/drive/home
[16:10:28] [APP_START_SEARCH] Recherche: "Tortillas de blé" (Courses U Drive) -> https://www.coursesu.com/search?q=Tortillas%20de%20bl%C3%A9
[16:10:30] [WEBVIEW_NAV] URL: https://www.coursesu.com/search?q=Tortillas%20de%20bl%C3%A9
[16:10:31] [WEBVIEW_NAV] URL: https://www.coursesu.com/search?q=Tortillas%20de%20bl%C3%A9
[16:10:32] [WEBVIEW_NAV] URL: https://www.coursesu.com/search?q=Tortillas+de+bl%C3%A9
[16:10:32] [WEBVIEW_NAV] URL: https://www.coursesu.com/search?q=Tortillas+de+bl%C3%A9
[16:10:32] [WEBVIEW_NAV] URL: https://www.coursesu.com/search?q=Tortillas+de+bl%C3%A9
[16:10:32] [WEBVIEW_NAV] URL: https://www.coursesu.com/search?q=Tortillas+de+bl%C3%A9
[16:10:32] [WEBVIEW_NAV] URL: https://www.coursesu.com/search?q=Tortillas+de+bl%C3%A9
[16:10:32] [WEBVIEW_NAV] URL: https://www.coursesu.com/search?q=Tortillas+de+bl%C3%A9
[16:10:32] [WEBVIEW_NAV] URL: https://www.coursesu.com/search?q=Tortillas+de+bl%C3%A9
[16:10:32] [WEBVIEW_NAV] URL: https://www.coursesu.com/search?q=Tortillas+de+bl%C3%A9
[16:10:32] [WEBVIEW_NAV] URL: https://www.coursesu.com/search?q=Tortillas+de+bl%C3%A9
[16:10:32] [WEBVIEW_NAV] URL: https://www.coursesu.com/search?q=Tortillas+de+bl%C3%A9
[16:10:32] [WEBVIEW_NAV] URL: https://www.coursesu.com/search?q=Tortillas+de+bl%C3%A9
[16:10:32] [WEBVIEW_NAV] URL: https://www.coursesu.com/search?q=Tortillas+de+bl%C3%A9
[16:10:32] [WEBVIEW_NAV] URL: https://www.coursesu.com/search?q=Tortillas+de+bl%C3%A9
[16:10:32] [WEBVIEW_NAV] URL: https://www.coursesu.com/search?q=Tortillas+de+bl%C3%A9
[16:10:32] [WEBVIEW_NAV] URL: https://www.coursesu.com/search?q=Tortillas+de+bl%C3%A9
[16:10:32] [WEBVIEW_NAV] URL: https://www.coursesu.com/search?q=Tortillas+de+bl%C3%A9
[16:10:48] [WEBVIEW_NAV] URL: https://www.coursesu.com/drive/home
[16:10:49] [WEBVIEW_NAV] URL: https://www.coursesu.com/drive/home
[16:10:49] [WEBVIEW_NAV] URL: https://www.coursesu.com/drive/home
[16:10:49] [WEBVIEW_NAV] URL: https://www.coursesu.com/drive/home
[16:10:49] [WEBVIEW_NAV] URL: https://www.coursesu.com/drive/home
[16:10:49] [WEBVIEW_NAV] URL: https://www.coursesu.com/drive/home
[16:10:49] [WEBVIEW_NAV] URL: https://www.coursesu.com/drive/home
[16:10:49] [WEBVIEW_NAV] URL: https://www.coursesu.com/drive/home
[16:10:49] [WEBVIEW_NAV] URL: https://www.coursesu.com/drive/home
[16:10:49] [WEBVIEW_NAV] URL: https://www.coursesu.com/drive/home
[16:10:49] [WEBVIEW_NAV] URL: https://www.coursesu.com/drive/home
[16:10:49] [WEBVIEW_NAV] URL: https://www.coursesu.com/drive/home
[16:10:49] [WEBVIEW_NAV] URL: https://www.coursesu.com/drive/home
[16:10:49] [WEBVIEW_NAV] URL: https://www.coursesu.com/drive/home
[16:10:49] [WEBVIEW_NAV] URL: https://www.coursesu.com/drive/home
[16:10:49] [WEBVIEW_NAV] URL: https://www.coursesu.com/drive/home
[16:10:49] [WEBVIEW_NAV] URL: https://www.coursesu.com/drive/home
[16:10:49] [WEBVIEW_NAV] URL: https://www.coursesu.com/drive/home
[16:10:49] [WEBVIEW_NAV] URL: https://www.coursesu.com/drive/home
[16:10:57] [WEBVIEW_NAV] URL: https://www.coursesu.com/search?q=Tortillas+de+bl%C3%A9
[16:10:58] [WEBVIEW_NAV] URL: https://www.coursesu.com/search?q=Tortillas+de+bl%C3%A9
[16:10:58] [WEBVIEW_NAV] URL: https://www.coursesu.com/search?q=Tortillas+de+bl%C3%A9
[16:10:58] [WEBVIEW_NAV] URL: https://www.coursesu.com/search?q=Tortillas+de+bl%C3%A9
[16:10:58] [WEBVIEW_NAV] URL: https://www.coursesu.com/search?q=Tortillas+de+bl%C3%A9
[16:10:58] [WEBVIEW_NAV] URL: https://www.coursesu.com/search?q=Tortillas+de+bl%C3%A9
[16:10:58] [WEBVIEW_NAV] URL: https://www.coursesu.com/search?q=Tortillas+de+bl%C3%A9
[16:10:58] [WEBVIEW_NAV] URL: https://www.coursesu.com/search?q=Tortillas+de+bl%C3%A9
[16:10:58] [WEBVIEW_NAV] URL: https://www.coursesu.com/search?q=Tortillas+de+bl%C3%A9
[16:10:58] [WEBVIEW_NAV] URL: https://www.coursesu.com/search?q=Tortillas+de+bl%C3%A9
[16:10:58] [WEBVIEW_NAV] URL: https://www.coursesu.com/search?q=Tortillas+de+bl%C3%A9
[16:10:58] [WEBVIEW_NAV] URL: https://www.coursesu.com/search?q=Tortillas+de+bl%C3%A9
[16:10:58] [WEBVIEW_NAV] URL: https://www.coursesu.com/search?q=Tortillas+de+bl%C3%A9
[16:10:58] [WEBVIEW_NAV] URL: https://www.coursesu.com/search?q=Tortillas+de+bl%C3%A9
[16:10:58] [WEBVIEW_NAV] URL: https://www.coursesu.com/search?q=Tortillas+de+bl%C3%A9
[16:10:58] [WEBVIEW_NAV] URL: https://www.coursesu.com/search?q=Tortillas+de+bl%C3%A9
[16:10:58] [WEBVIEW_NAV] URL: https://www.coursesu.com/search?q=Tortillas+de+bl%C3%A9
[16:10:58] [WEBVIEW_NAV] URL: https://www.coursesu.com/search?q=Tortillas+de+bl%C3%A9
[16:10:58] [WEBVIEW_NAV] URL: https://www.coursesu.com/search?q=Tortillas+de+bl%C3%A9
[16:10:59] [WEBVIEW_NAV] URL: https://www.coursesu.com/search?q=Tortillas+de+bl%C3%A9
[16:11:03] [APP_START_SEARCH] Recherche: "Oeufs" (Courses U Drive) -> https://www.coursesu.com/search?q=Oeufs
[16:11:03] [WEBVIEW_NAV] URL: https://www.coursesu.com/recherche?q=Oeufs
[16:11:04] [WEBVIEW_NAV] URL: https://www.coursesu.com/recherche?q=Oeufs
[16:11:05] [WEBVIEW_NAV] URL: https://www.coursesu.com/recherche?q=Oeufs
[16:11:05] [WEBVIEW_NAV] URL: https://www.coursesu.com/recherche?q=Oeufs
[16:11:05] [WEBVIEW_NAV] URL: https://www.coursesu.com/recherche?q=Oeufs
[16:11:05] [WEBVIEW_NAV] URL: https://www.coursesu.com/recherche?q=Oeufs
[16:11:05] [WEBVIEW_NAV] URL: https://www.coursesu.com/recherche?q=Oeufs
[16:11:05] [WEBVIEW_NAV] URL: https://www.coursesu.com/recherche?q=Oeufs
[16:11:05] [WEBVIEW_NAV] URL: https://www.coursesu.com/recherche?q=Oeufs
[16:11:05] [WEBVIEW_NAV] URL: https://www.coursesu.com/recherche?q=Oeufs
[16:11:05] [WEBVIEW_NAV] URL: https://www.coursesu.com/recherche?q=Oeufs
[16:11:05] [WEBVIEW_NAV] URL: https://www.coursesu.com/recherche?q=Oeufs
[16:11:05] [WEBVIEW_NAV] URL: https://www.coursesu.com/recherche?q=Oeufs
[16:11:05] [WEBVIEW_NAV] URL: https://www.coursesu.com/recherche?q=Oeufs
[16:11:05] [WEBVIEW_NAV] URL: https://www.coursesu.com/recherche?q=Oeufs
[16:11:05] [WEBVIEW_NAV] URL: https://www.coursesu.com/recherche?q=Oeufs
[16:11:05] [WEBVIEW_NAV] URL: https://www.coursesu.com/recherche?q=Oeufs
[16:11:05] [WEBVIEW_NAV] URL: https://www.coursesu.com/recherche?q=Oeufs
[16:11:05] [WEBVIEW_NAV] URL: https://www.coursesu.com/recherche?q=Oeufs
[16:11:05] [WEBVIEW_NAV] URL: https://www.coursesu.com/recherche?q=Oeufs
[16:11:05] [WEBVIEW_NAV] URL: https://www.coursesu.com/recherche?q=Oeufs
[16:11:05] [APP_START_SEARCH] Recherche: "Feta AOP" (Courses U Drive) -> https://www.coursesu.com/search?q=Feta%20AOP
[16:11:05] [WEBVIEW_NAV] URL: https://www.coursesu.com/recherche?q=Feta+AOP
[16:11:06] [WEBVIEW_NAV] URL: https://www.coursesu.com/recherche?q=Feta+AOP
[16:11:06] [WEBVIEW_NAV] URL: https://www.coursesu.com/recherche?q=Feta+AOP
[16:11:08] [CHANGE_STORE_CLICKED] Changer de magasin pour Courses U Drive -> https://www.coursesu.com/drive/home
[16:11:08] [WEBVIEW_NAV] URL: https://www.coursesu.com/drive/home
[16:11:08] [WEBVIEW_NAV] URL: https://www.coursesu.com/on/demandware.store/Sites-DigitalU-Site/fr_FR/Search-ShowContent?fdid=seoStore_23824
[16:11:09] [WEBVIEW_NAV] URL: https://www.coursesu.com/drive-superu-neuillysurmarne
[16:11:09] [STORE_AUTO_DETECTED] https://www.coursesu.com/drive-superu-neuillysurmarne
[16:11:09] [APP_START_SEARCH] Recherche: "Feta AOP" (Courses U Drive) -> https://www.coursesu.com/search?q=Feta%20AOP
[16:11:09] [WEBVIEW_NAV] URL: https://www.coursesu.com/recherche?q=Feta+AOP
[16:11:10] [WEBVIEW_NAV] URL: https://www.coursesu.com/recherche?q=Feta+AOP
[16:11:11] [WEBVIEW_NAV] URL: https://www.coursesu.com/recherche?q=Feta+AOP
[16:11:14] [CHANGE_STORE_CLICKED] Changer de magasin pour Courses U Drive -> https://www.coursesu.com/drive/home
[16:11:14] [WEBVIEW_NAV] URL: https://www.coursesu.com/drive/home
[16:11:14] [WEBVIEW_NAV] URL: https://www.coursesu.com/on/demandware.store/Sites-DigitalU-Site/fr_FR/Search-ShowContent?fdid=seoStore_23824
[16:11:14] [WEBVIEW_NAV] URL: https://www.coursesu.com/drive-superu-neuillysurmarne
[16:11:14] [STORE_AUTO_DETECTED] https://www.coursesu.com/drive-superu-neuillysurmarne
[16:11:15] [APP_START_SEARCH] Recherche: "Feta AOP" (Courses U Drive) -> https://www.coursesu.com/search?q=Feta%20AOP
[16:11:15] [WEBVIEW_NAV] URL: https://www.coursesu.com/recherche?q=Feta+AOP
[16:11:16] [WEBVIEW_NAV] URL: https://www.coursesu.com/recherche?q=Feta+AOP
[16:11:16] [WEBVIEW_NAV] URL: https://www.coursesu.com/recherche?q=Feta+AOP
[16:11:18] [CHANGE_STORE_CLICKED] Changer de magasin pour Courses U Drive -> https://www.coursesu.com/drive/home
[16:11:18] [WEBVIEW_NAV] URL: https://www.coursesu.com/drive/home
[16:11:18] [WEBVIEW_NAV] URL: https://www.coursesu.com/on/demandware.store/Sites-DigitalU-Site/fr_FR/Search-ShowContent?fdid=seoStore_23824
[16:11:18] [WEBVIEW_NAV] URL: https://www.coursesu.com/drive-superu-neuillysurmarne
[16:11:18] [STORE_AUTO_DETECTED] https://www.coursesu.com/drive-superu-neuillysurmarne
[16:11:19] [APP_START_SEARCH] Recherche: "Feta AOP" (Courses U Drive) -> https://www.coursesu.com/search?q=Feta%20AOP
[16:11:19] [WEBVIEW_NAV] URL: https://www.coursesu.com/recherche?q=Feta+AOP
[16:11:20] [WEBVIEW_NAV] URL: https://www.coursesu.com/recherche?q=Feta+AOP
[16:11:20] [WEBVIEW_NAV] URL: https://www.coursesu.com/recherche?q=Feta+AOP
[16:11:25] [WEBVIEW_NAV] URL: https://www.coursesu.com/drive/home
[16:11:26] [WEBVIEW_NAV] URL: https://www.coursesu.com/on/demandware.store/Sites-DigitalU-Site/fr_FR/Search-ShowContent?fdid=seoStore_23824
[16:11:26] [WEBVIEW_NAV] URL: https://www.coursesu.com/drive-superu-neuillysurmarne
[16:11:27] [WEBVIEW_NAV] URL: https://www.coursesu.com/drive-superu-neuillysurmarne
[16:11:27] [WEBVIEW_NAV] URL: https://www.coursesu.com/drive-superu-neuillysurmarne
[16:11:27] [WEBVIEW_NAV] URL: https://www.coursesu.com/drive-superu-neuillysurmarne
[16:11:27] [WEBVIEW_NAV] URL: https://www.coursesu.com/drive-superu-neuillysurmarne
[16:11:27] [WEBVIEW_NAV] URL: https://www.coursesu.com/drive-superu-neuillysurmarne
[16:11:27] [WEBVIEW_NAV] URL: https://www.coursesu.com/drive-superu-neuillysurmarne
[16:11:27] [WEBVIEW_NAV] URL: https://www.coursesu.com/drive-superu-neuillysurmarne
[16:11:27] [WEBVIEW_NAV] URL: https://www.coursesu.com/drive-superu-neuillysurmarne
[16:11:27] [WEBVIEW_NAV] URL: https://www.coursesu.com/drive-superu-neuillysurmarne
[16:11:27] [WEBVIEW_NAV] URL: https://www.coursesu.com/drive-superu-neuillysurmarne
[16:11:27] [WEBVIEW_NAV] URL: https://www.coursesu.com/drive-superu-neuillysurmarne
[16:11:27] [WEBVIEW_NAV] URL: https://www.coursesu.com/drive-superu-neuillysurmarne
[16:11:27] [WEBVIEW_NAV] URL: https://www.coursesu.com/drive-superu-neuillysurmarne
[16:11:27] [WEBVIEW_NAV] URL: https://www.coursesu.com/drive-superu-neuillysurmarne
[16:11:27] [WEBVIEW_NAV] URL: https://www.coursesu.com/drive-superu-neuillysurmarne
[16:11:27] [WEBVIEW_NAV] URL: https://www.coursesu.com/drive-superu-neuillysurmarne
[16:11:27] [WEBVIEW_NAV] URL: https://www.coursesu.com/drive-superu-neuillysurmarne
[16:11:27] [WEBVIEW_NAV] URL: https://www.coursesu.com/drive-superu-neuillysurmarne
[16:11:27] [WEBVIEW_NAV] URL: https://www.coursesu.com/drive-superu-neuillysurmarne
[16:12:16] [WEBVIEW_NAV] URL: https://www.coursesu.com/drive/home
[16:12:16] [WEBVIEW_NAV] URL: https://www.coursesu.com/on/demandware.store/Sites-DigitalU-Site/fr_FR/Search-ShowContent?fdid=seoStore_23824
[16:12:17] [WEBVIEW_NAV] URL: https://www.coursesu.com/drive-superu-neuillysurmarne
[16:12:17] [STORE_AUTO_DETECTED] https://www.coursesu.com/drive-superu-neuillysurmarne
[16:12:17] [APP_START_SEARCH] Recherche: "Bagels" (Courses U Drive) -> https://www.coursesu.com/search?q=Bagels
[16:12:18] [WEBVIEW_NAV] URL: https://www.coursesu.com/recherche?q=Bagels
[16:12:19] [WEBVIEW_NAV] URL: https://www.coursesu.com/recherche?q=Bagels
[16:12:19] [WEBVIEW_NAV] URL: https://www.coursesu.com/recherche?q=Bagels
[16:12:21] [CHANGE_STORE_CLICKED] Changer de magasin pour Courses U Drive -> https://www.coursesu.com/drive/home
[16:12:21] [WEBVIEW_NAV] URL: https://www.coursesu.com/drive/home
[16:12:22] [WEBVIEW_NAV] URL: https://www.coursesu.com/on/demandware.store/Sites-DigitalU-Site/fr_FR/Search-ShowContent?fdid=seoStore_23824
[16:12:22] [WEBVIEW_NAV] URL: https://www.coursesu.com/drive-superu-neuillysurmarne
[16:12:22] [STORE_AUTO_DETECTED] https://www.coursesu.com/drive-superu-neuillysurmarne
[16:12:22] [APP_START_SEARCH] Recherche: "Bagels" (Courses U Drive) -> https://www.coursesu.com/search?q=Bagels
[16:12:22] [WEBVIEW_NAV] URL: https://www.coursesu.com/recherche?q=Bagels
[16:12:23] [WEBVIEW_NAV] URL: https://www.coursesu.com/recherche?q=Bagels
[16:12:24] [WEBVIEW_NAV] URL: https://www.coursesu.com/recherche?q=Bagels
[16:12:26] [CHANGE_STORE_CLICKED] Changer de magasin pour Courses U Drive -> https://www.coursesu.com/drive/home
[16:12:26] [WEBVIEW_NAV] URL: https://www.coursesu.com/drive/home
[16:12:26] [WEBVIEW_NAV] URL: https://www.coursesu.com/drive/home
[16:12:26] [WEBVIEW_NAV] URL: https://www.coursesu.com/drive/home
[16:12:26] [WEBVIEW_NAV] URL: https://www.coursesu.com/drive/home
[16:12:26] [WEBVIEW_NAV] URL: https://www.coursesu.com/drive/home
[16:12:26] [WEBVIEW_NAV] URL: https://www.coursesu.com/drive/home
[16:12:26] [WEBVIEW_NAV] URL: https://www.coursesu.com/drive/home
[16:12:26] [WEBVIEW_NAV] URL: https://www.coursesu.com/drive/home
[16:12:26] [WEBVIEW_NAV] URL: https://www.coursesu.com/drive/home
[16:12:26] [WEBVIEW_NAV] URL: https://www.coursesu.com/drive/home
[16:12:26] [WEBVIEW_NAV] URL: https://www.coursesu.com/drive/home
[16:12:26] [WEBVIEW_NAV] URL: https://www.coursesu.com/drive/home
[16:12:26] [WEBVIEW_NAV] URL: https://www.coursesu.com/drive/home
[16:12:26] [WEBVIEW_NAV] URL: https://www.coursesu.com/drive/home
[16:12:26] [WEBVIEW_NAV] URL: https://www.coursesu.com/drive/home
[16:12:26] [WEBVIEW_NAV] URL: https://www.coursesu.com/drive/home
[16:12:26] [WEBVIEW_NAV] URL: https://www.coursesu.com/drive/home
[16:12:26] [WEBVIEW_NAV] URL: https://www.coursesu.com/drive/home
[16:12:26] [WEBVIEW_NAV] URL: https://www.coursesu.com/drive/home
[16:12:26] [WEBVIEW_NAV] URL: https://www.coursesu.com/on/demandware.store/Sites-DigitalU-Site/fr_FR/Search-ShowContent?fdid=seoStore_23824
[16:12:26] [WEBVIEW_NAV] URL: https://www.coursesu.com/drive-superu-neuillysurmarne
[16:12:26] [STORE_AUTO_DETECTED] https://www.coursesu.com/drive-superu-neuillysurmarne
[16:12:27] [APP_START_SEARCH] Recherche: "Bagels" (Courses U Drive) -> https://www.coursesu.com/search?q=Bagels
[16:12:27] [WEBVIEW_NAV] URL: https://www.coursesu.com/recherche?q=Bagels
[16:12:28] [CHANGE_STORE_CLICKED] Changer de magasin pour Courses U Drive -> https://www.coursesu.com/drive/home
[16:12:28] [WEBVIEW_NAV] URL: https://www.coursesu.com/drive/home
[16:12:29] [WEBVIEW_NAV] URL: https://www.coursesu.com/drive/home
[16:12:29] [WEBVIEW_NAV] URL: https://www.coursesu.com/drive/home
[16:12:29] [WEBVIEW_NAV] URL: https://www.coursesu.com/drive/home
[16:12:29] [WEBVIEW_NAV] URL: https://www.coursesu.com/drive/home
[16:12:29] [WEBVIEW_NAV] URL: https://www.coursesu.com/drive/home
[16:12:29] [WEBVIEW_NAV] URL: https://www.coursesu.com/drive/home
[16:12:29] [WEBVIEW_NAV] URL: https://www.coursesu.com/drive/home
[16:12:29] [WEBVIEW_NAV] URL: https://www.coursesu.com/drive/home
[16:12:29] [WEBVIEW_NAV] URL: https://www.coursesu.com/drive/home
[16:12:29] [WEBVIEW_NAV] URL: https://www.coursesu.com/drive/home
[16:12:29] [WEBVIEW_NAV] URL: https://www.coursesu.com/drive/home
[16:12:29] [WEBVIEW_NAV] URL: https://www.coursesu.com/drive/home
[16:12:29] [WEBVIEW_NAV] URL: https://www.coursesu.com/drive/home
[16:12:29] [WEBVIEW_NAV] URL: https://www.coursesu.com/drive/home
[16:12:29] [WEBVIEW_NAV] URL: https://www.coursesu.com/drive/home
[16:12:29] [WEBVIEW_NAV] URL: https://www.coursesu.com/drive/home
[16:12:29] [WEBVIEW_NAV] URL: https://www.coursesu.com/drive/home
[16:12:29] [WEBVIEW_NAV] URL: https://www.coursesu.com/on/demandware.store/Sites-DigitalU-Site/fr_FR/Search-ShowContent?fdid=seoStore_23824
[16:12:29] [WEBVIEW_NAV] URL: https://www.coursesu.com/drive-superu-neuillysurmarne
[16:12:29] [STORE_AUTO_DETECTED] https://www.coursesu.com/drive-superu-neuillysurmarne
[16:12:29] [APP_START_SEARCH] Recherche: "Bagels" (Courses U Drive) -> https://www.coursesu.com/search?q=Bagels
[16:12:29] [WEBVIEW_NAV] URL: https://www.coursesu.com/recherche?q=Bagels
[16:12:31] [WEBVIEW_NAV] URL: https://www.coursesu.com/recherche?q=Bagels
[16:12:31] [WEBVIEW_NAV] URL: https://www.coursesu.com/recherche?q=Bagels
[16:12:31] [CHANGE_STORE_CLICKED] Changer de magasin pour Courses U Drive -> https://www.coursesu.com/drive/home
[16:12:31] [WEBVIEW_NAV] URL: https://www.coursesu.com/drive/home
[16:12:32] [WEBVIEW_NAV] URL: https://www.coursesu.com/on/demandware.store/Sites-DigitalU-Site/fr_FR/Search-ShowContent?fdid=seoStore_23824
[16:12:32] [STORE_AUTO_DETECTED] https://www.coursesu.com/drive-superu-neuillysurmarne
[16:12:32] [WEBVIEW_NAV] URL: https://www.coursesu.com/drive-superu-neuillysurmarne
[16:12:32] [APP_START_SEARCH] Recherche: "Bagels" (Courses U Drive) -> https://www.coursesu.com/search?q=Bagels
[16:12:33] [WEBVIEW_NAV] URL: https://www.coursesu.com/recherche?q=Bagels
[16:12:34] [WEBVIEW_NAV] URL: https://www.coursesu.com/recherche?q=Bagels
[16:12:34] [WEBVIEW_NAV] URL: https://www.coursesu.com/recherche?q=Bagels
[16:14:00] [WEBVIEW_NAV] URL: https://www.coursesu.com/drive/home
[16:14:01] [WEBVIEW_NAV] URL: https://www.coursesu.com/drive/home
[16:14:01] [WEBVIEW_NAV] URL: https://www.coursesu.com/drive/home
[16:14:01] [WEBVIEW_NAV] URL: https://www.coursesu.com/drive/home
[16:14:01] [WEBVIEW_NAV] URL: https://www.coursesu.com/drive/home
[16:14:01] [WEBVIEW_NAV] URL: https://www.coursesu.com/drive/home
[16:14:01] [WEBVIEW_NAV] URL: https://www.coursesu.com/drive/home
[16:14:01] [WEBVIEW_NAV] URL: https://www.coursesu.com/drive/home
[16:14:01] [WEBVIEW_NAV] URL: https://www.coursesu.com/drive/home
[16:14:01] [WEBVIEW_NAV] URL: https://www.coursesu.com/drive/home
[16:14:01] [WEBVIEW_NAV] URL: https://www.coursesu.com/drive/home
[16:14:01] [WEBVIEW_NAV] URL: https://www.coursesu.com/drive/home
[16:14:01] [WEBVIEW_NAV] URL: https://www.coursesu.com/drive/home
[16:14:01] [WEBVIEW_NAV] URL: https://www.coursesu.com/drive/home
[16:14:01] [WEBVIEW_NAV] URL: https://www.coursesu.com/drive/home
[16:14:01] [WEBVIEW_NAV] URL: https://www.coursesu.com/drive/home
[16:14:01] [WEBVIEW_NAV] URL: https://www.coursesu.com/drive/home
[16:14:01] [WEBVIEW_NAV] URL: https://www.coursesu.com/drive/home
[16:14:01] [WEBVIEW_NAV] URL: https://www.coursesu.com/drive/home
[16:14:01] [WEBVIEW_NAV] URL: https://www.coursesu.com/drive/home
[16:15:20] [STORE_SWITCHED] Passage à Auchan Drive -> https://www.auchan.fr/
[16:15:20] [WEBVIEW_NAV] URL: https://www.auchan.fr/
[16:15:21] [WEBVIEW_NAV] URL: https://www.auchan.fr/
[16:15:23] [WEBVIEW_NAV] URL: https://www.auchan.fr/
[16:17:27] [WEBVIEW_NAV] URL: https://www.carrefour.fr/courses
[16:17:32] [WEBVIEW_NAV] URL: https://www.carrefour.fr/courses
[16:17:33] [SCREEN_TEXT] URL: https://www.carrefour.fr/courses | Text: Accéder à la recherche
Accéder au contenu principale
Accéder au pied de page
Cour e 
Rechercher parmi le contenu du  ite
La zone de recherche comprend un champ avec une fonctionnalité d’auto ugge tion. Dè  que l’utili ateur commence à  ai ir du texte, le  ré ultat   e mettent automatiquement à jour.
[16:17:35] [STORE_SWITCHED] Passage à Courses U Drive -> https://www.coursesu.com/drive/home
[16:17:35] [SCREEN_TEXT] URL: https://www.carrefour.fr/courses | Text: Accéder à la recherche
Accéder au contenu principale
Accéder au pied de page
Cour e 
Rechercher parmi le contenu du  ite
La zone de recherche comprend un champ avec une fonctionnalité d’auto ugge tion. Dè  que l’utili ateur commence à  ai ir du texte, le  ré ultat   e mettent automatiquement à jour.
[16:17:35] [WEBVIEW_NAV] URL: https://www.coursesu.com/drive/home
[16:17:39] [WEBVIEW_NAV] URL: https://www.coursesu.com/drive/home
[16:17:39] [WEBVIEW_NAV] URL: https://www.coursesu.com/drive/home
[16:17:39] [WEBVIEW_NAV] URL: https://www.coursesu.com/drive/home
[16:17:39] [WEBVIEW_NAV] URL: https://www.coursesu.com/drive/home
[16:17:39] [WEBVIEW_NAV] URL: https://www.coursesu.com/drive/home
[16:17:39] [WEBVIEW_NAV] URL: https://www.coursesu.com/drive/home
[16:17:39] [WEBVIEW_NAV] URL: https://www.coursesu.com/drive/home
[16:17:39] [WEBVIEW_NAV] URL: https://www.coursesu.com/drive/home
[16:17:39] [WEBVIEW_NAV] URL: https://www.coursesu.com/drive/home
[16:17:39] [WEBVIEW_NAV] URL: https://www.coursesu.com/drive/home
[16:17:39] [WEBVIEW_NAV] URL: https://www.coursesu.com/drive/home
[16:17:39] [WEBVIEW_NAV] URL: https://www.coursesu.com/drive/home
[16:17:39] [WEBVIEW_NAV] URL: https://www.coursesu.com/drive/home
[16:17:39] [WEBVIEW_NAV] URL: https://www.coursesu.com/drive/home
[16:17:39] [WEBVIEW_NAV] URL: https://www.coursesu.com/drive/home
[16:17:39] [WEBVIEW_NAV] URL: https://www.coursesu.com/drive/home
[16:17:39] [WEBVIEW_NAV] URL: https://www.coursesu.com/drive/home
[16:17:39] [WEBVIEW_NAV] URL: https://www.coursesu.com/drive/home
[16:17:39] [WEBVIEW_NAV] URL: https://www.coursesu.com/drive/home
[16:17:39] [WEBVIEW_NAV] URL: https://www.coursesu.com/drive/home
[16:17:39] [WEBVIEW_NAV] URL: https://www.coursesu.com/drive/home
[16:17:39] [WEBVIEW_NAV] URL: https://www.coursesu.com/drive/home
[16:17:39] [WEBVIEW_NAV] URL: https://www.coursesu.com/drive/home
[16:17:39] [WEBVIEW_NAV] URL: https://www.coursesu.com/drive/home
[16:17:39] [WEBVIEW_NAV] URL: https://www.coursesu.com/drive/home
[16:17:39] [WEBVIEW_NAV] URL: https://www.coursesu.com/drive/home
[16:17:39] [WEBVIEW_NAV] URL: https://www.coursesu.com/drive/home
[16:17:39] [WEBVIEW_NAV] URL: https://www.coursesu.com/drive/home
[16:17:39] [WEBVIEW_NAV] URL: https://www.coursesu.com/drive/home
[16:17:39] [WEBVIEW_NAV] URL: https://www.coursesu.com/drive/home
[16:17:39] [WEBVIEW_NAV] URL: https://www.coursesu.com/drive/home
[16:17:39] [WEBVIEW_NAV] URL: https://www.coursesu.com/drive/home
[16:17:39] [WEBVIEW_NAV] URL: https://www.coursesu.com/drive/home
[16:17:39] [WEBVIEW_NAV] URL: https://www.coursesu.com/drive/home
[16:17:39] [WEBVIEW_NAV] URL: https://www.coursesu.com/drive/home
[16:17:40] [SCREEN_TEXT] URL: https://www.coursesu.com/drive/home | Text: Accéder au contenu principal
Accéder au pied de page
Service  U
Contactez-nou 
Drive ou livrai on à domicile :
faite  vo  cour e  en ligne avec Cour e  U
Je récupère me  cour e 
Je me fai  livrer
Votre code po tal ou ville
Le  mode  de retrait pour vo  cour e  :
Je récupère me  cour e 
Le drive

Réc
[16:17:41] [SCREEN_TEXT] URL: https://www.coursesu.com/drive/home | Text: Accéder au contenu principal
Accéder au pied de page
Service  U
Contactez-nou 
Drive ou livrai on à domicile :
faite  vo  cour e  en ligne avec Cour e  U
Je récupère me  cour e 
Je me fai  livrer
Votre code po tal ou ville
Le  mode  de retrait pour vo  cour e  :
Je récupère me  cour e 
Le drive

Réc
[16:17:55] [APP_START_SEARCH] Recherche: "Pain de seigle" (Courses U Drive) -> https://www.coursesu.com/recherche?q=Pain%20de%20seigle
[16:17:55] [WEBVIEW_NAV] URL: https://www.coursesu.com/drive-superu-neuillysurmarne
[16:17:56] [DOM_SEARCH_COURSESU] SUCCESS_INPUT_FOUND | Container: <form role=" earch" action="/recherche" method="get" name=" impleSearch" cla ="header- earch-form">
<label cla ="po ition-ab olute  u-typo-x -11  u- earch-label  u-font-open" id=" earch-title" for="q">Rechercher un produit</label>

<input data- earch-input="" type="text" maxlength="1000" id="q" cla ="input- earch " name="q" placeholder="ex : pai | query: Pain de seigle
[16:17:56] [DOM_SEARCH_COURSESU] FORM_SUBMITTED_VIA_PROTOTYPE | query: Pain de seigle
[16:17:56] [WEBVIEW_NAV] URL: https://www.coursesu.com/drive-superu-neuillysurmarne
[16:17:56] [WEBVIEW_NAV] URL: https://www.coursesu.com/recherche?q=Pain+de+seigle
[16:17:57] [SCREEN_TEXT] URL: https://www.coursesu.com/recherche?q=Pain+de+seigle | Text: Accéder au contenu principal
Accéder au pied de page
Accéder au menu principal
Ré ultat  de recherche pour : “Pain de  eigle”

6 produit 

Ouvrir le menu de 
Filtrer
Trier par : pertinence
Prix croi ant
Prix décroi ant
Prix au Kg/L croi ant
Prix au Kg/L décroi ant
Mieux noté 
Marque A>Z
Marque Z>A
U
[16:17:59] [SCREEN_TEXT] URL: https://www.coursesu.com/recherche?q=Pain+de+seigle | Text: Accéder au contenu principal
Accéder au pied de page
Accéder au menu principal
Ré ultat  de recherche pour : “Pain de  eigle”

6 produit 

Ouvrir le menu de 
Filtrer
Trier par : pertinence
Prix croi ant
Prix décroi ant
Prix au Kg/L croi ant
Prix au Kg/L décroi ant
Mieux noté 
Marque A>Z
Marque Z>A
U
[16:17:59] [WEBVIEW_NAV] URL: https://www.coursesu.com/recherche?q=Pain+de+seigle
[16:17:59] [WEBVIEW_NAV] URL: https://www.coursesu.com/recherche?q=Pain+de+seigle
[16:17:59] [WEBVIEW_NAV] URL: https://www.coursesu.com/recherche?q=Pain+de+seigle
[16:18:00] [WEBVIEW_NAV] URL: https://www.coursesu.com/recherche?q=Pain+de+seigle
[16:18:00] [WEBVIEW_NAV] URL: https://www.coursesu.com/recherche?q=Pain+de+seigle
[16:18:02] [CHANGE_STORE_CLICKED] Changer de magasin pour Courses U Drive -> https://www.coursesu.com/drive/home
[16:18:02] [WEBVIEW_NAV] URL: https://www.coursesu.com/recherche?q=Pain+de+seigle
[16:18:02] [WEBVIEW_NAV] URL: https://www.coursesu.com/recherche?q=Pain+de+seigle
[16:18:02] [WEBVIEW_NAV] URL: https://www.coursesu.com/drive/home
[16:18:03] [WEBVIEW_NAV] URL: https://www.coursesu.com/drive/home
[16:18:03] [WEBVIEW_NAV] URL: https://www.coursesu.com/drive-superu-neuillysurmarne
[16:18:04] [STORE_SWITCHED] Passage à Auchan Drive -> https://www.auchan.fr/
[16:18:04] [WEBVIEW_NAV] URL: https://www.auchan.fr/
[16:18:06] [WEBVIEW_NAV] URL: https://www.auchan.fr/
[16:18:07] [SCREEN_TEXT] URL: https://www.auchan.fr/ | Text: Aller directement au contenu
Aller directement à la recherche
Aller directement à la navigation
Aller directement à la rubrique be oin d'aide
Retrait:
Auchan Drive Supermarché Sevran
Rayon 
Recherche
 
Lancer la recherche
Annuler
Me  produit 
0,00 €
Mai on & Loi ir 
Catalogue 
Défi  Waaoh
Activer mo
[16:18:08] [APP_START_SEARCH] Recherche: "Pain de seigle" (Auchan Drive) -> https://www.auchan.fr/recherche?text=Pain%20de%20seigle
[16:18:09] [SCREEN_TEXT] URL: https://www.auchan.fr/ | Text: Aller directement au contenu
Aller directement à la recherche
Aller directement à la navigation
Aller directement à la rubrique be oin d'aide
Retrait:
Auchan Drive Supermarché Sevran
Rayon 
Recherche
 
Lancer la recherche
Annuler
Me  produit 
0,00 €
Mai on & Loi ir 
Catalogue 
Défi  Waaoh
Activer mo
[16:18:11] [WEBVIEW_NAV] URL: https://www.auchan.fr/recherche?text=Pain%20de%20seigle
[16:18:12] [WEBVIEW_NAV] URL: https://www.auchan.fr/recherche?text=Pain%20de%20seigle
[16:18:13] [SCREEN_TEXT] URL: https://www.auchan.fr/recherche?text=Pain%20de%20seigle | Text: Aller directement au contenu
Aller directement à la recherche
Aller directement à la navigation
Aller directement à la rubrique be oin d'aide
Retrait:
Auchan Drive Supermarché Sevran
Rayon 
Recherche
 
Lancer la recherche
Annuler
Me  produit 
0,00 €
Accueil
Votre recherche : pain de  eigle
Pain, pât
[16:18:15] [SCREEN_TEXT] URL: https://www.auchan.fr/recherche?text=Pain%20de%20seigle | Text: Aller directement au contenu
Aller directement à la recherche
Aller directement à la navigation
Aller directement à la rubrique be oin d'aide
Retrait:
Auchan Drive Supermarché Sevran
Rayon 
Recherche
 
Lancer la recherche
Annuler
Me  produit 
0,00 €
Accueil
Votre recherche : pain de  eigle
Pain, pât
[16:18:18] [CHANGE_STORE_CLICKED] Changer de magasin pour Auchan Drive -> https://www.auchan.fr/
[16:18:18] [WEBVIEW_NAV] URL: https://www.auchan.fr/
[16:18:19] [WEBVIEW_NAV] URL: https://www.auchan.fr/
[16:18:20] [SCREEN_TEXT] URL: https://www.auchan.fr/ | Text: Aller directement au contenu
Aller directement à la recherche
Aller directement à la navigation
Aller directement à la rubrique be oin d'aide
Retrait:
Auchan Drive Supermarché Sevran
Rayon 
Recherche
 
Lancer la recherche
Annuler
Me  produit 
0,00 €
Mai on & Loi ir 
Catalogue 
Défi  Waaoh
Activer mo
[16:18:20] [STORE_SWITCHED] Passage à Intermarché Drive -> https://www.intermarche.com/
[16:18:20] [WEBVIEW_NAV] URL: https://www.intermarche.com/accueil
[16:18:21] [WEBVIEW_NAV] URL: https://www.intermarche.com/accueil
[16:18:22] [WEBVIEW_NAV] URL: https://www.intermarche.com/accueil
[16:18:22] [WEBVIEW_NAV] URL: https://www.intermarche.com/accueil
[16:18:23] [SCREEN_TEXT] URL: https://www.intermarche.com/accueil | Text: Contenu
Rechercher
Menu
Pied de page
Intermarché (retour à l’accueil)

Aulnay Sou  Boi 

Promotion 

Pro pectu 

Rayon 

Promotion 

Pro pectu 

Jeux

Slide 1 of 3

Ça c'e t contre la vie chère.

DU 8 AU 10 OCTOBRE

Le marché contre la vie chère : Moule  de Bouchot.

La vie ne devrait pa  coûter au 
[16:18:24] [SCREEN_TEXT] URL: https://www.intermarche.com/accueil | Text: Contenu
Rechercher
Menu
Pied de page
Intermarché (retour à l’accueil)

Aulnay Sou  Boi 

Promotion 

Pro pectu 

Rayon 

Promotion 

Pro pectu 

Jeux

Slide 1 of 3

Ça c'e t contre la vie chère.

DU 8 AU 10 OCTOBRE

Le marché contre la vie chère : Moule  de Bouchot.

La vie ne devrait pa  coûter au 
[16:19:11] [STORE_SWITCHED] Passage à Carrefour Drive -> https://www.carrefour.fr/courses
[16:19:11] [WEBVIEW_NAV] URL: https://www.carrefour.fr/courses
[16:19:22] [WEBVIEW_NAV] URL: https://www.carrefour.fr/courses
[16:19:22] [SCREEN_TEXT] URL: https://www.carrefour.fr/courses | Text: Accéder à la recherche
Accéder au contenu principale
Accéder au pied de page
Cour e 
Rechercher parmi le contenu du  ite
La zone de recherche comprend un champ avec une fonctionnalité d’auto ugge tion. Dè  que l’utili ateur commence à  ai ir du texte, le  ré ultat   e mettent automatiquement à jour.
[16:19:23] [APP_START_SEARCH] Recherche: "Pain de seigle" (Carrefour Drive) -> https://www.carrefour.fr/s?q=Pain%20de%20seigle
[16:19:24] [WEBVIEW_NAV] URL: https://www.carrefour.fr/s?q=Pain%20de%20seigle
[16:19:28] [WEBVIEW_NAV] URL: https://www.carrefour.fr/s?q=Pain%20de%20seigle
[16:19:29] [SCREEN_TEXT] URL: https://www.carrefour.fr/s?q=Pain%20de%20seigle | Text: Accéder à la recherche
Accéder au contenu principale
Accéder au pied de page
Cour e 
Rechercher parmi le contenu du  ite
La zone de recherche comprend un champ avec une fonctionnalité d’auto ugge tion. Dè  que l’utili ateur commence à  ai ir du texte, le  ré ultat   e mettent automatiquement à jour.
[16:19:31] [SCREEN_TEXT] URL: https://www.carrefour.fr/s?q=Pain%20de%20seigle | Text: Accéder à la recherche
Accéder au contenu principale
Accéder au pied de page
Cour e 
Rechercher parmi le contenu du  ite
La zone de recherche comprend un champ avec une fonctionnalité d’auto ugge tion. Dè  que l’utili ateur commence à  ai ir du texte, le  ré ultat   e mettent automatiquement à jour.
[16:19:38] [CHANGE_STORE_CLICKED] Changer de magasin pour Carrefour Drive -> https://www.carrefour.fr/courses
[16:19:38] [WEBVIEW_NAV] URL: https://www.carrefour.fr/courses
[16:19:40] [STORE_SWITCHED] Passage à Courses U Drive -> https://www.coursesu.com/drive/home
[16:19:40] [WEBVIEW_NAV] URL: https://www.coursesu.com/drive/home
[16:19:43] [WEBVIEW_NAV] URL: https://www.coursesu.com/drive/home
[16:19:43] [WEBVIEW_NAV] URL: https://www.coursesu.com/drive/home
[16:19:43] [WEBVIEW_NAV] URL: https://www.coursesu.com/drive/home
[16:19:43] [WEBVIEW_NAV] URL: https://www.coursesu.com/drive/home
[16:19:43] [WEBVIEW_NAV] URL: https://www.coursesu.com/drive/home
[16:19:43] [WEBVIEW_NAV] URL: https://www.coursesu.com/drive/home
[16:19:43] [WEBVIEW_NAV] URL: https://www.coursesu.com/drive/home
[16:19:43] [WEBVIEW_NAV] URL: https://www.coursesu.com/drive/home
[16:19:43] [WEBVIEW_NAV] URL: https://www.coursesu.com/drive/home
[16:19:43] [WEBVIEW_NAV] URL: https://www.coursesu.com/drive/home
[16:19:43] [WEBVIEW_NAV] URL: https://www.coursesu.com/drive/home
[16:19:43] [WEBVIEW_NAV] URL: https://www.coursesu.com/drive/home
[16:19:43] [WEBVIEW_NAV] URL: https://www.coursesu.com/drive/home
[16:19:43] [WEBVIEW_NAV] URL: https://www.coursesu.com/drive/home
[16:19:43] [WEBVIEW_NAV] URL: https://www.coursesu.com/drive/home
[16:19:43] [WEBVIEW_NAV] URL: https://www.coursesu.com/drive/home
[16:19:43] [WEBVIEW_NAV] URL: https://www.coursesu.com/drive/home
[16:19:43] [WEBVIEW_NAV] URL: https://www.coursesu.com/drive/home
[16:19:43] [WEBVIEW_NAV] URL: https://www.coursesu.com/drive/home
[16:19:43] [WEBVIEW_NAV] URL: https://www.coursesu.com/drive/home
[16:19:43] [WEBVIEW_NAV] URL: https://www.coursesu.com/drive/home
[16:19:43] [WEBVIEW_NAV] URL: https://www.coursesu.com/drive/home
[16:19:43] [WEBVIEW_NAV] URL: https://www.coursesu.com/drive/home
[16:19:43] [WEBVIEW_NAV] URL: https://www.coursesu.com/drive/home
[16:19:43] [WEBVIEW_NAV] URL: https://www.coursesu.com/drive/home
[16:19:43] [WEBVIEW_NAV] URL: https://www.coursesu.com/drive/home
[16:19:43] [WEBVIEW_NAV] URL: https://www.coursesu.com/drive/home
[16:19:43] [WEBVIEW_NAV] URL: https://www.coursesu.com/drive/home
[16:19:43] [WEBVIEW_NAV] URL: https://www.coursesu.com/drive/home
[16:19:43] [WEBVIEW_NAV] URL: https://www.coursesu.com/drive/home
[16:19:43] [WEBVIEW_NAV] URL: https://www.coursesu.com/drive/home
[16:19:43] [WEBVIEW_NAV] URL: https://www.coursesu.com/drive/home
[16:19:43] [WEBVIEW_NAV] URL: https://www.coursesu.com/drive/home
[16:19:43] [WEBVIEW_NAV] URL: https://www.coursesu.com/drive/home
[16:19:43] [WEBVIEW_NAV] URL: https://www.coursesu.com/drive/home
[16:19:43] [SCREEN_TEXT] URL: https://www.coursesu.com/drive/home | Text: Accéder au contenu principal
Accéder au pied de page
Service  U
Contactez-nou 
Drive ou livrai on à domicile :
faite  vo  cour e  en ligne avec Cour e  U
Je récupère me  cour e 
Je me fai  livrer
Votre code po tal ou ville
Le  mode  de retrait pour vo  cour e  :
Je récupère me  cour e 
Le drive

Réc
[16:19:45] [SCREEN_TEXT] URL: https://www.coursesu.com/drive/home | Text: Accéder au contenu principal
Accéder au pied de page
Service  U
Contactez-nou 
Drive ou livrai on à domicile :
faite  vo  cour e  en ligne avec Cour e  U
Je récupère me  cour e 
Je me fai  livrer
Votre code po tal ou ville
Le  mode  de retrait pour vo  cour e  :
Je récupère me  cour e 
Le drive

Réc
[16:19:48] [APP_START_SEARCH] Recherche: "Pain de seigle" (Courses U Drive) -> https://www.coursesu.com/recherche?q=Pain%20de%20seigle
[16:19:48] [DOM_SEARCH_COURSESU] SUCCESS_INPUT_FOUND | Container: <div cla ="ab-prehome- earch" data-prehome- earch="">
<input id=" tore- earch" cla ="ab-prehome- earch-input  u-font-open" type="text" autocomplete="off" name="prehome- tore- earch" role="combobox" aria-expanded="fal e" aria-control =" earch-re ult-li tbox" aria-autocomplete="li t" placeholder="Votre code po tal ou votre ville" data-prehome- earc | query: Pain de seigle
[16:19:51] [APP_START_SEARCH] Recherche: "brioche" (Courses U Drive) -> https://www.coursesu.com/recherche?q=brioche
[16:19:51] [DOM_SEARCH_COURSESU] SUCCESS_INPUT_FOUND | Container: <div cla ="ab-prehome- earch" data-prehome- earch="">
<input id=" tore- earch" cla ="ab-prehome- earch-input  u-font-open" type="text" autocomplete="off" name="prehome- tore- earch" role="combobox" aria-expanded="fal e" aria-control =" earch-re ult-li tbox" aria-autocomplete="li t" placeholder="Votre code po tal ou votre ville" data-prehome- earc | query: brioche
[16:19:53] [APP_START_SEARCH] Recherche: "Tortillas de blé" (Courses U Drive) -> https://www.coursesu.com/recherche?q=Tortillas%20de%20bl%C3%A9
[16:19:53] [DOM_SEARCH_COURSESU] SUCCESS_INPUT_FOUND | Container: <div cla ="ab-prehome- earch" data-prehome- earch="">
<input id=" tore- earch" cla ="ab-prehome- earch-input  u-font-open" type="text" autocomplete="off" name="prehome- tore- earch" role="combobox" aria-expanded="fal e" aria-control =" earch-re ult-li tbox" aria-autocomplete="li t" placeholder="Votre code po tal ou votre ville" data-prehome- earc | query: Tortillas de blé
[16:20:10] [WEBVIEW_NAV] URL: https://www.coursesu.com/drive-superu-neuillysurmarne
[16:20:16] [WEBVIEW_NAV] URL: https://www.coursesu.com/drive-superu-neuillysurmarne
[16:20:16] [WEBVIEW_NAV] URL: https://www.coursesu.com/drive-superu-neuillysurmarne
[16:20:16] [WEBVIEW_NAV] URL: https://www.coursesu.com/drive-superu-neuillysurmarne
[16:20:16] [WEBVIEW_NAV] URL: https://www.coursesu.com/drive-superu-neuillysurmarne
[16:20:16] [WEBVIEW_NAV] URL: https://www.coursesu.com/drive-superu-neuillysurmarne
[16:20:16] [WEBVIEW_NAV] URL: https://www.coursesu.com/drive-superu-neuillysurmarne
[16:20:16] [WEBVIEW_NAV] URL: https://www.coursesu.com/drive-superu-neuillysurmarne
[16:20:16] [WEBVIEW_NAV] URL: https://www.coursesu.com/drive-superu-neuillysurmarne
[16:20:16] [WEBVIEW_NAV] URL: https://www.coursesu.com/drive-superu-neuillysurmarne
[16:20:16] [WEBVIEW_NAV] URL: https://www.coursesu.com/drive-superu-neuillysurmarne
[16:20:16] [WEBVIEW_NAV] URL: https://www.coursesu.com/drive-superu-neuillysurmarne
[16:20:16] [WEBVIEW_NAV] URL: https://www.coursesu.com/drive-superu-neuillysurmarne
[16:20:16] [WEBVIEW_NAV] URL: https://www.coursesu.com/drive-superu-neuillysurmarne
[16:20:16] [WEBVIEW_NAV] URL: https://www.coursesu.com/drive-superu-neuillysurmarne
[16:20:16] [WEBVIEW_NAV] URL: https://www.coursesu.com/drive-superu-neuillysurmarne
[16:20:16] [WEBVIEW_NAV] URL: https://www.coursesu.com/drive-superu-neuillysurmarne
[16:20:16] [WEBVIEW_NAV] URL: https://www.coursesu.com/drive-superu-neuillysurmarne
[16:20:16] [WEBVIEW_NAV] URL: https://www.coursesu.com/drive-superu-neuillysurmarne
[16:20:16] [WEBVIEW_NAV] URL: https://www.coursesu.com/drive-superu-neuillysurmarne
[16:20:16] [WEBVIEW_NAV] URL: https://www.coursesu.com/drive-superu-neuillysurmarne
[16:20:16] [WEBVIEW_NAV] URL: https://www.coursesu.com/drive-superu-neuillysurmarne
[16:20:16] [WEBVIEW_NAV] URL: https://www.coursesu.com/drive-superu-neuillysurmarne
[16:20:16] [WEBVIEW_NAV] URL: https://www.coursesu.com/drive-superu-neuillysurmarne
[16:20:16] [WEBVIEW_NAV] URL: https://www.coursesu.com/drive-superu-neuillysurmarne
[16:20:16] [WEBVIEW_NAV] URL: https://www.coursesu.com/drive-superu-neuillysurmarne
[16:20:16] [WEBVIEW_NAV] URL: https://www.coursesu.com/drive-superu-neuillysurmarne
[16:20:16] [WEBVIEW_NAV] URL: https://www.coursesu.com/drive-superu-neuillysurmarne
[16:20:16] [WEBVIEW_NAV] URL: https://www.coursesu.com/drive-superu-neuillysurmarne
[16:20:16] [WEBVIEW_NAV] URL: https://www.coursesu.com/drive-superu-neuillysurmarne
[16:20:16] [WEBVIEW_NAV] URL: https://www.coursesu.com/drive-superu-neuillysurmarne
[16:20:16] [WEBVIEW_NAV] URL: https://www.coursesu.com/drive-superu-neuillysurmarne
[16:20:16] [WEBVIEW_NAV] URL: https://www.coursesu.com/drive-superu-neuillysurmarne
[16:20:17] [WEBVIEW_NAV] URL: https://www.coursesu.com/drive-superu-neuillysurmarne
[16:20:17] [WEBVIEW_NAV] URL: https://www.coursesu.com/drive-superu-neuillysurmarne
[16:20:17] [WEBVIEW_NAV] URL: https://www.coursesu.com/drive-superu-neuillysurmarne
[16:20:17] [SCREEN_TEXT] URL: https://www.coursesu.com/drive-superu-neuillysurmarne | Text: Accéder au contenu principal
Accéder au pied de page
Accéder au menu principal
Service  U
Contactez-nou 
Rechercher un produit
Rechercher
Bienvenue au drive Super U NEUILLY/MARNE PTE GOURNAY
Nouveau, payez en titre  re to

Vou  pouvez dé ormai  payer en ligne avec vo  titre  re taurant  dématériali 
[16:20:19] [SCREEN_TEXT] URL: https://www.coursesu.com/drive-superu-neuillysurmarne | Text: Accéder au contenu principal
Accéder au pied de page
Accéder au menu principal
Service  U
Contactez-nou 
Rechercher un produit
Rechercher
Bienvenue au drive Super U NEUILLY/MARNE PTE GOURNAY
Nouveau, payez en titre  re to

Vou  pouvez dé ormai  payer en ligne avec vo  titre  re taurant  dématériali 
[16:20:20] [APP_START_SEARCH] Recherche: "Lait d'amande sans sucre" (Courses U Drive) -> https://www.coursesu.com/recherche?q=Lait%20d'amande%20sans%20sucre
[16:20:20] [DOM_SEARCH_COURSESU] SUCCESS_INPUT_FOUND | Container: <form role=" earch" action="/recherche" method="get" name=" impleSearch" cla ="header- earch-form">
<label cla ="po ition-ab olute  u-typo-x -11  u- earch-label  u-font-open" id=" earch-title" for="q">Rechercher un produit</label>

<input data- earch-input="" type="text" maxlength="1000" id="q" cla ="input- earch " name="q" placeholder="ex : pai | query: Lait d'amande sans sucre
[16:20:20] [DOM_SEARCH_COURSESU] FORM_SUBMITTED_VIA_PROTOTYPE | query: Lait d'amande sans sucre
[16:20:20] [WEBVIEW_NAV] URL: https://www.coursesu.com/recherche?q=Lait+d%27amande+sans+sucre
[16:20:21] [WEBVIEW_NAV] URL: https://www.coursesu.com/recherche?q=Lait+d%27amande+sans+sucre
[16:20:21] [WEBVIEW_NAV] URL: https://www.coursesu.com/recherche?q=Lait+d%27amande+sans+sucre
[16:20:21] [WEBVIEW_NAV] URL: https://www.coursesu.com/recherche?q=Lait+d%27amande+sans+sucre
[16:20:21] [WEBVIEW_NAV] URL: https://www.coursesu.com/recherche?q=Lait+d%27amande+sans+sucre
[16:20:22] [SCREEN_TEXT] URL: https://www.coursesu.com/recherche?q=Lait+d%27amande+sans+sucre | Text: Accéder au contenu principal
Accéder au pied de page
Accéder au menu principal
Ré ultat  de recherche pour : “Lait d'amande  an   ucre”

1 produit

Ouvrir le menu de 
Filtrer
Trier par : pertinence
Prix croi ant
Prix décroi ant
Prix au Kg/L croi ant
Prix au Kg/L décroi ant
Mieux noté 
Marque A>Z
Mar
[16:20:24] [SCREEN_TEXT] URL: https://www.coursesu.com/recherche?q=Lait+d%27amande+sans+sucre | Text: Accéder au contenu principal
Accéder au pied de page
Accéder au menu principal
Ré ultat  de recherche pour : “Lait d'amande  an   ucre”

1 produit

Ouvrir le menu de 
Filtrer
Trier par : pertinence
Prix croi ant
Prix décroi ant
Prix au Kg/L croi ant
Prix au Kg/L décroi ant
Mieux noté 
Marque A>Z
Mar
[16:20:25] [WEBVIEW_NAV] URL: https://www.coursesu.com/recherche?q=Lait+d%27amande+sans+sucre
[16:20:25] [WEBVIEW_NAV] URL: https://www.coursesu.com/recherche?q=Lait+d%27amande+sans+sucre
[16:20:25] [WEBVIEW_NAV] URL: https://www.coursesu.com/recherche?q=Lait+d%27amande+sans+sucre
[16:21:05] [CHANGE_STORE_CLICKED] Changer de magasin pour Courses U Drive -> https://www.coursesu.com/drive/home
[16:21:06] [WEBVIEW_NAV] URL: https://www.coursesu.com/recherche?q=Lait+d%27amande+sans+sucre
[16:21:06] [WEBVIEW_NAV] URL: https://www.coursesu.com/recherche?q=Lait+d%27amande+sans+sucre
[16:21:06] [WEBVIEW_NAV] URL: https://www.coursesu.com/drive/home
[16:21:07] [STORE_SWITCHED] Passage à Auchan Drive -> https://www.auchan.fr/
[16:21:07] [WEBVIEW_NAV] URL: https://www.coursesu.com/drive-superu-neuillysurmarne
[16:21:07] [WEBVIEW_NAV] URL: https://www.auchan.fr/
[16:21:09] [WEBVIEW_NAV] URL: https://www.auchan.fr/
[16:21:10] [SCREEN_TEXT] URL: https://www.auchan.fr/ | Text: Aller directement au contenu
Aller directement à la recherche
Aller directement à la navigation
Aller directement à la rubrique be oin d'aide
Retrait:
Auchan Drive Supermarché Sevran
Rayon 
Recherche
 
Lancer la recherche
Annuler
Me  produit 
0,00 €
Mai on & Loi ir 
Catalogue 
Défi  Waaoh
Activer mo
[16:21:11] [APP_START_SEARCH] Recherche: "Lait d'amande sans sucre" (Auchan Drive) -> https://www.auchan.fr/recherche?text=Lait%20d'amande%20sans%20sucre
[16:21:11] [SCREEN_TEXT] URL: https://www.auchan.fr/ | Text: Aller directement au contenu
Aller directement à la recherche
Aller directement à la navigation
Aller directement à la rubrique be oin d'aide
Retrait:
Auchan Drive Supermarché Sevran
Rayon 
Recherche
 
Lancer la recherche
Annuler
Me  produit 
0,00 €
Mai on & Loi ir 
Catalogue 
Défi  Waaoh
Activer mo
[16:21:12] [WEBVIEW_NAV] URL: https://www.auchan.fr/recherche?text=Lait%20d%27amande%20sans%20sucre
[16:21:14] [WEBVIEW_NAV] URL: https://www.auchan.fr/recherche?text=Lait%20d%27amande%20sans%20sucre
[16:21:15] [SCREEN_TEXT] URL: https://www.auchan.fr/recherche?text=Lait%20d%27amande%20sans%20sucre | Text: Aller directement au contenu
Aller directement à la recherche
Aller directement à la navigation
Aller directement à la rubrique be oin d'aide
Retrait:
Auchan Drive Supermarché Sevran
Rayon 
Recherche
 
Lancer la recherche
Annuler
Me  produit 
0,00 €
Accueil
Votre recherche : lait d'amande  an   ucre
[16:21:17] [SCREEN_TEXT] URL: https://www.auchan.fr/recherche?text=Lait%20d%27amande%20sans%20sucre | Text: Aller directement au contenu
Aller directement à la recherche
Aller directement à la navigation
Aller directement à la rubrique be oin d'aide
Retrait:
Auchan Drive Supermarché Sevran
Rayon 
Recherche
 
Lancer la recherche
Annuler
Me  produit 
0,00 €
Accueil
Votre recherche : lait d'amande  an   ucre
[16:21:20] [CHANGE_STORE_CLICKED] Changer de magasin pour Auchan Drive -> https://www.auchan.fr/
[16:21:20] [WEBVIEW_NAV] URL: https://www.auchan.fr/
[16:21:21] [WEBVIEW_NAV] URL: https://www.auchan.fr/
[16:21:22] [STORE_SWITCHED] Passage à Intermarché Drive -> https://www.intermarche.com/
[16:21:22] [WEBVIEW_NAV] URL: https://www.intermarche.com/accueil
[16:21:22] [WEBVIEW_NAV] URL: https://www.intermarche.com/accueil
[16:21:23] [WEBVIEW_NAV] URL: https://www.intermarche.com/accueil
[16:21:23] [WEBVIEW_NAV] URL: https://www.intermarche.com/accueil
[16:21:24] [SCREEN_TEXT] URL: https://www.intermarche.com/accueil | Text: Contenu
Rechercher
Menu
Pied de page
Intermarché (retour à l’accueil)

Aulnay Sou  Boi 

Promotion 

Pro pectu 

Rayon 

Promotion 

Pro pectu 

Jeux

Slide 1 of 3

Ça c'e t contre la vie chère.

DU 8 AU 10 OCTOBRE

Le marché contre la vie chère : Moule  de Bouchot.

La vie ne devrait pa  coûter au 
[16:21:25] [SCREEN_TEXT] URL: https://www.intermarche.com/accueil | Text: Contenu
Rechercher
Menu
Pied de page
Intermarché (retour à l’accueil)

Aulnay Sou  Boi 

Promotion 

Pro pectu 

Rayon 

Promotion 

Pro pectu 

Jeux

Slide 1 of 3

Ça c'e t contre la vie chère.

DU 8 AU 10 OCTOBRE

Le marché contre la vie chère : Moule  de Bouchot.

La vie ne devrait pa  coûter au 
[16:21:26] [APP_START_SEARCH] Recherche: "Lait d'amande sans sucre" (Intermarché Drive) -> https://www.google.com/search?q=Intermarch%C3%A9%20Drive%20Lait%20d'amande%20sans%20sucre
[16:21:26] [DOM_SEARCH_INTERMARCHE] SUCCESS_INPUT_FOUND | Container: < earch id="input- earchBoxNavBar" cla ="flex h-48  hrink-0 item -center rounded-24 border-2 border- troke bg-bg-tertiary py-4 pl-4 pr-12 focu -within:border-bg-dark lg:flex-1" role=" earch"><nav role="navigation" aria-label="Menu rayon "><button cla ="flex h-auto w-auto item -center gap-4 rounded-24 bg-bg-primary py-8 pl-8 pr-12 hover: hadow-[0p | query: Lait d'amande sans sucre
[16:21:28] [WEBVIEW_NAV] URL: https://www.intermarche.com/recherche/Lait%20d'amande%20sans%20sucre
[16:21:28] [WEBVIEW_NAV] URL: https://www.intermarche.com/recherche/Lait%20d'amande%20sans%20sucre
[16:21:28] [WEBVIEW_NAV] URL: https://www.intermarche.com/recherche/Lait%20d'amande%20sans%20sucre
[16:21:28] [WEBVIEW_NAV] URL: https://www.intermarche.com/recherche/Lait%20d'amande%20sans%20sucre
[16:21:29] [SCREEN_TEXT] URL: https://www.intermarche.com/recherche/Lait%20d'amande%20sans%20sucre | Text: Contenu
Rechercher
Menu
Pied de page
Raccourci  clavier
Intermarché (retour à l’accueil)

Aulnay Sou  Boi 

Promotion 

Pro pectu 

Rayon 

« Lait d'amande  an   ucre »
(3 produit )

La li te de  produit  e t mi e à jour in tantanément lor que le  filtre   ont utili é .

Trier et filtrer

Bjorg

Boi
[16:21:31] [SCREEN_TEXT] URL: https://www.intermarche.com/recherche/Lait%20d'amande%20sans%20sucre | Text: Contenu
Rechercher
Menu
Pied de page
Raccourci  clavier
Intermarché (retour à l’accueil)

Aulnay Sou  Boi 

Promotion 

Pro pectu 

Rayon 

« Lait d'amande  an   ucre »
(3 produit )

La li te de  produit  e t mi e à jour in tantanément lor que le  filtre   ont utili é .

Trier et filtrer

Bjorg

Boi
[16:22:20] [CHANGE_STORE_CLICKED] Changer de magasin pour Intermarché Drive -> https://www.intermarche.com/
[16:22:20] [WEBVIEW_NAV] URL: https://www.intermarche.com/accueil
[16:22:21] [WEBVIEW_NAV] URL: https://www.intermarche.com/accueil
[16:22:21] [WEBVIEW_NAV] URL: https://www.intermarche.com/accueil
[16:22:21] [WEBVIEW_NAV] URL: https://www.intermarche.com/accueil
[16:22:22] [SCREEN_TEXT] URL: https://www.intermarche.com/accueil | Text: Contenu
Rechercher
Menu
Pied de page
Intermarché (retour à l’accueil)

Aulnay Sou  Boi 

Promotion 

Pro pectu 

Rayon 

Promotion 

Pro pectu 

Jeux

Slide 1 of 3

Ça c'e t contre la vie chère.

DU 8 AU 10 OCTOBRE

Le marché contre la vie chère : Moule  de Bouchot.

La vie ne devrait pa  coûter au 
[16:22:23] [SCREEN_TEXT] URL: https://www.intermarche.com/accueil | Text: Contenu
Rechercher
Menu
Pied de page
Intermarché (retour à l’accueil)

Aulnay Sou  Boi 

Promotion 

Pro pectu 

Rayon 

Promotion 

Pro pectu 

Jeux

Slide 1 of 3

Ça c'e t contre la vie chère.

DU 8 AU 10 OCTOBRE

Le marché contre la vie chère : Moule  de Bouchot.

La vie ne devrait pa  coûter au 
[16:22:27] [APP_START_SEARCH] Recherche: "Lait d'amande" (Intermarché Drive) -> https://www.google.com/search?q=Intermarch%C3%A9%20Drive%20Lait%20d'amande
[16:22:27] [DOM_SEARCH_INTERMARCHE] SUCCESS_INPUT_FOUND | Container: < earch id="input- earchBoxNavBar" cla ="flex h-48  hrink-0 item -center rounded-24 border-2 border- troke bg-bg-tertiary py-4 pl-4 pr-12 focu -within:border-bg-dark lg:flex-1" role=" earch"><nav role="navigation" aria-label="Menu rayon "><button cla ="flex h-auto w-auto item -center gap-4 rounded-24 bg-bg-primary py-8 pl-8 pr-12 hover: hadow-[0p | query: Lait d'amande
[16:22:28] [WEBVIEW_NAV] URL: https://www.intermarche.com/recherche/Lait%20d'amande
[16:22:29] [WEBVIEW_NAV] URL: https://www.intermarche.com/recherche/Lait%20d'amande
[16:22:29] [WEBVIEW_NAV] URL: https://www.intermarche.com/recherche/Lait%20d'amande
[16:22:37] [SCREEN_TEXT] URL: https://www.intermarche.com/recherche/Lait%20d'amande | Text: Contenu
Rechercher
Menu
Pied de page
Raccourci  clavier
Intermarché (retour à l’accueil)

Aulnay Sou  Boi 

Promotion 

Pro pectu 

Rayon 

« Lait d'amande »
(60 produit )

La li te de  produit  e t mi e à jour in tantanément lor que le  filtre   ont utili é .

Trier et filtrer

Alpro

Boi on végéta
[16:22:37] [SCREEN_TEXT] URL: https://www.intermarche.com/recherche/Lait%20d'amande | Text: Contenu
Rechercher
Menu
Pied de page
Raccourci  clavier
Intermarché (retour à l’accueil)

Aulnay Sou  Boi 

Promotion 

Pro pectu 

Rayon 

« Lait d'amande »
(60 produit )

La li te de  produit  e t mi e à jour in tantanément lor que le  filtre   ont utili é .

Trier et filtrer

Alpro

Boi on végéta
[16:22:40] [WEBVIEW_NAV] URL: https://www.intermarche.com/recherche/Lait%20d'amande
[16:24:29] [WEBVIEW_NAV] URL: https://www.leclercdrive.fr/
[16:24:29] [WEBVIEW_NAV] URL: https://www.intermarche.com/accueil
[16:24:30] [WEBVIEW_NAV] URL: https://www.intermarche.com/accueil
[16:24:30] [WEBVIEW_NAV] URL: https://www.intermarche.com/accueil
[16:24:30] [WEBVIEW_NAV] URL: https://www.intermarche.com/accueil
[16:24:31] [SCREEN_TEXT] URL: https://www.intermarche.com/accueil | Text: Contenu
Rechercher
Menu
Pied de page
Intermarché (retour à l’accueil)

Aulnay Sou  Boi 

Promotion 

Pro pectu 

Rayon 

Promotion 

Pro pectu 

Jeux

Slide 1 of 3

Ça c'e t contre la vie chère.

DU 8 AU 10 OCTOBRE

Le marché contre la vie chère : Moule  de Bouchot.

La vie ne devrait pa  coûter au 
[16:24:32] [APP_START_SEARCH] Recherche: "Pain de seigle" (Intermarché Drive) -> https://www.google.com/search?q=Intermarch%C3%A9%20Drive%20Pain%20de%20seigle
[16:24:32] [DOM_SEARCH_INTERMARCHE] SUCCESS_INPUT_FOUND | Container: < earch id="input- earchBoxNavBar" cla ="flex h-48  hrink-0 item -center rounded-24 border-2 border- troke bg-bg-tertiary py-4 pl-4 pr-12 focu -within:border-bg-dark lg:flex-1" role=" earch"><nav role="navigation" aria-label="Menu rayon "><button cla ="flex h-auto w-auto item -center gap-4 rounded-24 bg-bg-primary py-8 pl-8 pr-12 hover: hadow-[0p | query: Pain de seigle
[16:24:32] [WEBVIEW_NAV] URL: https://www.intermarche.com/recherche/Pain%20de%20seigle
[16:24:33] [WEBVIEW_NAV] URL: https://www.intermarche.com/recherche/Pain%20de%20seigle
[16:24:33] [WEBVIEW_NAV] URL: https://www.intermarche.com/recherche/Pain%20de%20seigle
[16:24:34] [SCREEN_TEXT] URL: https://www.intermarche.com/recherche/Pain%20de%20seigle | Text: Contenu
Rechercher
Menu
Pied de page
Raccourci  clavier
Intermarché (retour à l’accueil)

Aulnay Sou  Boi 

Promotion 

Pro pectu 

Rayon 

« Pain de  eigle »
(9 produit )
pain de  eigle complet
pain au  eigle tranché
pain de  eigle citron
pain  eigle et  on
pain au  eigle

La li te de  produit  e t
[16:24:34] [WEBVIEW_NAV] URL: https://www.intermarche.com/recherche/Pain%20de%20seigle
[16:24:36] [SCREEN_TEXT] URL: https://www.intermarche.com/recherche/Pain%20de%20seigle | Text: Contenu
Rechercher
Menu
Pied de page
Raccourci  clavier
Intermarché (retour à l’accueil)

Aulnay Sou  Boi 

Promotion 

Pro pectu 

Rayon 

« Pain de  eigle »
(9 produit )
pain de  eigle complet
pain au  eigle tranché
pain de  eigle citron
pain  eigle et  on
pain au  eigle

La li te de  produit  e t
[16:25:52] [WEBVIEW_NAV] URL: https://www.intermarche.com/accueil
[16:25:52] [WEBVIEW_NAV] URL: https://www.intermarche.com/accueil
[16:25:52] [WEBVIEW_NAV] URL: https://www.intermarche.com/accueil
[16:25:52] [WEBVIEW_NAV] URL: https://www.intermarche.com/accueil
[16:25:53] [SCREEN_TEXT] URL: https://www.intermarche.com/accueil | Text: Contenu
Rechercher
Menu
Pied de page
Intermarché (retour à l’accueil)

Aulnay Sou  Boi 

Promotion 

Pro pectu 

Rayon 

Promotion 

Pro pectu 

Jeux

Slide 1 of 3

Ça c'e t contre la vie chère.

DU 8 AU 10 OCTOBRE

Le marché contre la vie chère : Moule  de Bouchot.

La vie ne devrait pa  coûter au 
[16:25:54] [APP_START_SEARCH] Recherche: "Pain de seigle" (Intermarché Drive) -> https://www.google.com/search?q=Intermarch%C3%A9%20Drive%20Pain%20de%20seigle
[16:25:54] [DOM_SEARCH_INTERMARCHE] SUCCESS_INPUT_FOUND | Container: < earch id="input- earchBoxNavBar" cla ="flex h-48  hrink-0 item -center rounded-24 border-2 border- troke bg-bg-tertiary py-4 pl-4 pr-12 focu -within:border-bg-dark lg:flex-1" role=" earch"><nav role="navigation" aria-label="Menu rayon "><button cla ="flex h-auto w-auto item -center gap-4 rounded-24 bg-bg-primary py-8 pl-8 pr-12 hover: hadow-[0p | query: Pain de seigle
[16:25:54] [WEBVIEW_NAV] URL: https://www.intermarche.com/recherche/Pain%20de%20seigle
[16:25:54] [WEBVIEW_NAV] URL: https://www.intermarche.com/recherche/Pain%20de%20seigle
[16:25:54] [WEBVIEW_NAV] URL: https://www.intermarche.com/recherche/Pain%20de%20seigle
[16:25:54] [WEBVIEW_NAV] URL: https://www.intermarche.com/recherche/Pain%20de%20seigle
[16:25:55] [SCREEN_TEXT] URL: https://www.intermarche.com/recherche/Pain%20de%20seigle | Text: Contenu
Rechercher
Menu
Pied de page
Raccourci  clavier
Intermarché (retour à l’accueil)

Aulnay Sou  Boi 

Promotion 

Pro pectu 

Rayon 

« Pain de  eigle »
(9 produit )
pain de  eigle complet
pain au  eigle tranché
pain de  eigle citron
pain  eigle et  on
pain au  eigle

La li te de  produit  e t
[16:25:57] [SCREEN_TEXT] URL: https://www.intermarche.com/recherche/Pain%20de%20seigle | Text: Contenu
Rechercher
Menu
Pied de page
Raccourci  clavier
Intermarché (retour à l’accueil)

Aulnay Sou  Boi 

Promotion 

Pro pectu 

Rayon 

« Pain de  eigle »
(9 produit )
pain de  eigle complet
pain au  eigle tranché
pain de  eigle citron
pain  eigle et  on
pain au  eigle

La li te de  produit  e t
[16:26:02] [STORE_SWITCHED] Passage à E.Leclerc Drive -> https://www.leclercdrive.fr
[16:26:02] [WEBVIEW_NAV] URL: https://www.leclercdrive.fr/
[16:26:02] [WEBVIEW_NAV] URL: https://www.leclercdrive.fr/
[16:26:05] [WEBVIEW_NAV] URL: https://www.leclercdrive.fr/
[16:26:06] [SCREEN_TEXT] URL: https://www.leclercdrive.fr/ | Text: Se connecter
Me  cour e  en ligne
en drive, en retrait piéton ou livrée  à domicile
Plu  d'info  en vidéo

Utili ez le  flèche  gauche et droite du clavier pour parcourir le  mode  de retrait.

Drive
Récupérez votre commande
en voiture
Retrait piéton
Récupérez votre commande
à pied en ba  de chez vo
[16:26:08] [SCREEN_TEXT] URL: https://www.leclercdrive.fr/ | Text: Se connecter
Me  cour e  en ligne
en drive, en retrait piéton ou livrée  à domicile
Plu  d'info  en vidéo

Utili ez le  flèche  gauche et droite du clavier pour parcourir le  mode  de retrait.

Drive
Récupérez votre commande
en voiture
Retrait piéton
Récupérez votre commande
à pied en ba  de chez vo
[16:26:43] [STORE_SWITCHED] Passage à Carrefour Drive -> https://www.carrefour.fr/courses
[16:26:43] [WEBVIEW_NAV] URL: https://www.carrefour.fr/courses
[16:26:43] [WEBVIEW_NAV] URL: https://www.carrefour.fr/courses
[16:26:43] [WEBVIEW_NAV] URL: https://www.carrefour.fr/courses
[16:26:45] [SCREEN_TEXT] URL: https://www.carrefour.fr/courses | Text: Accéder à la recherche
Accéder au contenu principale
Accéder au pied de page
Cour e 
Rechercher parmi le contenu du  ite
La zone de recherche comprend un champ avec une fonctionnalité d’auto ugge tion. Dè  que l’utili ateur commence à  ai ir du texte, le  ré ultat   e mettent automatiquement à jour.
[16:26:46] [SCREEN_TEXT] URL: https://www.carrefour.fr/courses | Text: Accéder à la recherche
Accéder au contenu principale
Accéder au pied de page
Cour e 
Rechercher parmi le contenu du  ite
La zone de recherche comprend un champ avec une fonctionnalité d’auto ugge tion. Dè  que l’utili ateur commence à  ai ir du texte, le  ré ultat   e mettent automatiquement à jour.
[16:26:48] [WEBVIEW_NAV] URL: https://www.carrefour.fr/courses
[16:26:49] [STORE_SWITCHED] Passage à E.Leclerc Drive -> https://www.leclercdrive.fr
[16:26:50] [WEBVIEW_NAV] URL: https://www.leclercdrive.fr/
[16:26:50] [WEBVIEW_NAV] URL: https://www.leclercdrive.fr/
[16:26:52] [WEBVIEW_NAV] URL: https://www.leclercdrive.fr/
[16:26:53] [SCREEN_TEXT] URL: https://www.leclercdrive.fr/ | Text: Se connecter
Me  cour e  en ligne
en drive, en retrait piéton ou livrée  à domicile
Plu  d'info  en vidéo

Utili ez le  flèche  gauche et droite du clavier pour parcourir le  mode  de retrait.

Drive
Récupérez votre commande
en voiture
Retrait piéton
Récupérez votre commande
à pied en ba  de chez vo
[16:26:54] [STORE_SWITCHED] Passage à Courses U Drive -> https://www.coursesu.com/drive/home
[16:26:54] [WEBVIEW_NAV] URL: https://www.coursesu.com/drive/home
[16:26:54] [WEBVIEW_NAV] URL: https://www.coursesu.com/drive/home
[16:26:57] [WEBVIEW_NAV] URL: https://www.coursesu.com/drive/home
[16:26:57] [WEBVIEW_NAV] URL: https://www.coursesu.com/drive/home
[16:26:57] [WEBVIEW_NAV] URL: https://www.coursesu.com/drive/home
[16:26:57] [WEBVIEW_NAV] URL: https://www.coursesu.com/drive/home
[16:26:57] [WEBVIEW_NAV] URL: https://www.coursesu.com/drive/home
[16:26:57] [WEBVIEW_NAV] URL: https://www.coursesu.com/drive/home
[16:26:57] [WEBVIEW_NAV] URL: https://www.coursesu.com/drive/home
[16:26:57] [WEBVIEW_NAV] URL: https://www.coursesu.com/drive/home
[16:26:57] [WEBVIEW_NAV] URL: https://www.coursesu.com/drive/home
[16:26:57] [WEBVIEW_NAV] URL: https://www.coursesu.com/drive/home
[16:26:57] [WEBVIEW_NAV] URL: https://www.coursesu.com/drive/home
[16:26:57] [WEBVIEW_NAV] URL: https://www.coursesu.com/drive/home
[16:26:57] [WEBVIEW_NAV] URL: https://www.coursesu.com/drive/home
[16:26:57] [WEBVIEW_NAV] URL: https://www.coursesu.com/drive/home
[16:26:57] [WEBVIEW_NAV] URL: https://www.coursesu.com/drive/home
[16:26:57] [WEBVIEW_NAV] URL: https://www.coursesu.com/drive/home
[16:26:57] [WEBVIEW_NAV] URL: https://www.coursesu.com/drive/home
[16:26:57] [WEBVIEW_NAV] URL: https://www.coursesu.com/drive/home
[16:26:57] [WEBVIEW_NAV] URL: https://www.coursesu.com/drive/home
[16:26:57] [WEBVIEW_NAV] URL: https://www.coursesu.com/drive/home
[16:26:57] [WEBVIEW_NAV] URL: https://www.coursesu.com/drive/home
[16:26:57] [WEBVIEW_NAV] URL: https://www.coursesu.com/drive/home
[16:26:57] [WEBVIEW_NAV] URL: https://www.coursesu.com/drive/home
[16:26:57] [WEBVIEW_NAV] URL: https://www.coursesu.com/drive/home
[16:26:57] [WEBVIEW_NAV] URL: https://www.coursesu.com/drive/home
[16:26:57] [WEBVIEW_NAV] URL: https://www.coursesu.com/drive/home
[16:26:57] [WEBVIEW_NAV] URL: https://www.coursesu.com/drive/home
[16:26:57] [WEBVIEW_NAV] URL: https://www.coursesu.com/drive/home
[16:26:57] [WEBVIEW_NAV] URL: https://www.coursesu.com/drive/home
[16:26:57] [WEBVIEW_NAV] URL: https://www.coursesu.com/drive/home
[16:26:57] [WEBVIEW_NAV] URL: https://www.coursesu.com/drive/home
[16:26:57] [WEBVIEW_NAV] URL: https://www.coursesu.com/drive/home
[16:26:57] [WEBVIEW_NAV] URL: https://www.coursesu.com/drive/home
[16:26:57] [WEBVIEW_NAV] URL: https://www.coursesu.com/drive/home
[16:26:57] [WEBVIEW_NAV] URL: https://www.coursesu.com/drive/home
[16:26:57] [SCREEN_TEXT] URL: https://www.coursesu.com/drive/home | Text: Accéder au contenu principal
Accéder au pied de page
Service  U
Contactez-nou 
Drive ou livrai on à domicile :
faite  vo  cour e  en ligne avec Cour e  U
Je récupère me  cour e 
Je me fai  livrer
Votre code po tal ou ville
Le  mode  de retrait pour vo  cour e  :
Je récupère me  cour e 
Le drive

Réc
[16:26:58] [STORE_SWITCHED] Passage à Auchan Drive -> https://www.auchan.fr/
[16:26:58] [WEBVIEW_NAV] URL: https://www.auchan.fr/
[16:26:59] [WEBVIEW_NAV] URL: https://www.auchan.fr/
[16:27:00] [WEBVIEW_NAV] URL: https://www.auchan.fr/
[16:27:01] [SCREEN_TEXT] URL: https://www.auchan.fr/ | Text: Aller directement au contenu
Aller directement à la recherche
Aller directement à la navigation
Aller directement à la rubrique be oin d'aide
Retrait:
Auchan Drive Supermarché Sevran
Rayon 
Recherche
 
Lancer la recherche
Annuler
Me  produit 
0,00 €
Mai on & Loi ir 
Catalogue 
Défi  Waaoh
Activer mo
[16:27:03] [SCREEN_TEXT] URL: https://www.auchan.fr/ | Text: Aller directement au contenu
Aller directement à la recherche
Aller directement à la navigation
Aller directement à la rubrique be oin d'aide
Retrait:
Auchan Drive Supermarché Sevran
Rayon 
Recherche
 
Lancer la recherche
Annuler
Me  produit 
0,00 €
Mai on & Loi ir 
Catalogue 
Défi  Waaoh
Activer mo
[16:27:03] [APP_START_SEARCH] Recherche: "Pain de seigle" (Auchan Drive) -> https://www.auchan.fr/recherche?text=Pain%20de%20seigle
[16:27:03] [WEBVIEW_NAV] URL: https://www.auchan.fr/recherche?text=Pain%20de%20seigle
[16:27:04] [WEBVIEW_NAV] URL: https://www.auchan.fr/recherche?text=Pain%20de%20seigle
[16:27:05] [SCREEN_TEXT] URL: https://www.auchan.fr/recherche?text=Pain%20de%20seigle | Text: Aller directement au contenu
Aller directement à la recherche
Aller directement à la navigation
Aller directement à la rubrique be oin d'aide
Retrait:
Auchan Drive Supermarché Sevran
Rayon 
Recherche
 
Lancer la recherche
Annuler
Me  produit 
0,00 €
Accueil
Votre recherche : pain de  eigle
Pain, pât
[16:27:07] [SCREEN_TEXT] URL: https://www.auchan.fr/recherche?text=Pain%20de%20seigle | Text: Aller directement au contenu
Aller directement à la recherche
Aller directement à la navigation
Aller directement à la rubrique be oin d'aide
Retrait:
Auchan Drive Supermarché Sevran
Rayon 
Recherche
 
Lancer la recherche
Annuler
Me  produit 
0,00 €
Accueil
Votre recherche : pain de  eigle
Pain, pât
[16:27:12] [STORE_SWITCHED] Passage à Intermarché Drive -> https://www.intermarche.com/
[16:27:12] [WEBVIEW_NAV] URL: https://www.intermarche.com/
[16:27:12] [WEBVIEW_NAV] URL: https://www.intermarche.com/accueil
[16:27:13] [WEBVIEW_NAV] URL: https://www.intermarche.com/accueil
[16:27:13] [WEBVIEW_NAV] URL: https://www.intermarche.com/accueil
[16:27:13] [WEBVIEW_NAV] URL: https://www.intermarche.com/accueil
[16:27:14] [SCREEN_TEXT] URL: https://www.intermarche.com/accueil | Text: Contenu
Rechercher
Menu
Pied de page
Intermarché (retour à l’accueil)

Aulnay Sou  Boi 

Promotion 

Pro pectu 

Rayon 

Promotion 

Pro pectu 

Jeux

Slide 1 of 3

Ça c'e t contre la vie chère.

DU 8 AU 10 OCTOBRE

Le marché contre la vie chère : Moule  de Bouchot.

La vie ne devrait pa  coûter au 
[16:27:15] [SCREEN_TEXT] URL: https://www.intermarche.com/accueil | Text: Contenu
Rechercher
Menu
Pied de page
Intermarché (retour à l’accueil)

Aulnay Sou  Boi 

Promotion 

Pro pectu 

Rayon 

Promotion 

Pro pectu 

Jeux

Slide 1 of 3

Ça c'e t contre la vie chère.

DU 8 AU 10 OCTOBRE

Le marché contre la vie chère : Moule  de Bouchot.

La vie ne devrait pa  coûter au 
[16:27:17] [APP_START_SEARCH] Recherche: "Pain de seigle" (Intermarché Drive) -> https://www.google.com/search?q=Intermarch%C3%A9%20Drive%20Pain%20de%20seigle
[16:27:17] [DOM_SEARCH_INTERMARCHE] SUCCESS_INPUT_FOUND | Container: < earch id="input- earchBoxNavBar" cla ="flex h-48  hrink-0 item -center rounded-24 border-2 border- troke bg-bg-tertiary py-4 pl-4 pr-12 focu -within:border-bg-dark lg:flex-1" role=" earch"><nav role="navigation" aria-label="Menu rayon "><button cla ="flex h-auto w-auto item -center gap-4 rounded-24 bg-bg-primary py-8 pl-8 pr-12 hover: hadow-[0p | query: Pain de seigle
[16:27:17] [WEBVIEW_NAV] URL: https://www.intermarche.com/recherche/Pain%20de%20seigle
[16:27:18] [WEBVIEW_NAV] URL: https://www.intermarche.com/recherche/Pain%20de%20seigle
[16:27:18] [WEBVIEW_NAV] URL: https://www.intermarche.com/recherche/Pain%20de%20seigle
[16:27:18] [WEBVIEW_NAV] URL: https://www.intermarche.com/recherche/Pain%20de%20seigle
[16:27:19] [SCREEN_TEXT] URL: https://www.intermarche.com/recherche/Pain%20de%20seigle | Text: Contenu
Rechercher
Menu
Pied de page
Raccourci  clavier
Intermarché (retour à l’accueil)

Aulnay Sou  Boi 

Promotion 

Pro pectu 

Rayon 

« Pain de  eigle »
(9 produit )
pain de  eigle complet
pain au  eigle tranché
pain de  eigle citron
pain  eigle et  on
pain au  eigle

La li te de  produit  e t
[16:27:20] [STORE_SWITCHED] Passage à E.Leclerc Drive -> https://www.leclercdrive.fr
[16:27:20] [SCREEN_TEXT] URL: https://www.intermarche.com/recherche/Pain%20de%20seigle | Text: Contenu
Rechercher
Menu
Pied de page
Raccourci  clavier
Intermarché (retour à l’accueil)

Aulnay Sou  Boi 

Promotion 

Pro pectu 

Rayon 

« Pain de  eigle »
(9 produit )
pain de  eigle complet
pain au  eigle tranché
pain de  eigle citron
pain  eigle et  on
pain au  eigle

La li te de  produit  e t
[16:27:21] [WEBVIEW_NAV] URL: https://www.leclercdrive.fr/
[16:28:00] [WEBVIEW_NAV] URL: https://www.leclercdrive.fr/
[16:28:02] [WEBVIEW_NAV] URL: https://www.leclercdrive.fr/
[16:28:03] [SCREEN_TEXT] URL: https://www.leclercdrive.fr/ | Text: Se connecter
Me  cour e  en ligne
en drive, en retrait piéton ou livrée  à domicile
Plu  d'info  en vidéo

Utili ez le  flèche  gauche et droite du clavier pour parcourir le  mode  de retrait.

Drive
Récupérez votre commande
en voiture
Retrait piéton
Récupérez votre commande
à pied en ba  de chez vo
[16:28:05] [SCREEN_TEXT] URL: https://www.leclercdrive.fr/ | Text: Se connecter
Me  cour e  en ligne
en drive, en retrait piéton ou livrée  à domicile
Plu  d'info  en vidéo

Utili ez le  flèche  gauche et droite du clavier pour parcourir le  mode  de retrait.

Drive
Récupérez votre commande
en voiture
Retrait piéton
Récupérez votre commande
à pied en ba  de chez vo
[16:28:59] [STORE_SWITCHED] Passage à Carrefour Drive -> https://www.carrefour.fr/courses
[16:28:59] [WEBVIEW_NAV] URL: https://www.carrefour.fr/courses
[16:28:59] [WEBVIEW_NAV] URL: https://www.carrefour.fr/courses
[16:28:59] [WEBVIEW_NAV] URL: https://www.carrefour.fr/courses
[16:29:01] [SCREEN_TEXT] URL: https://www.carrefour.fr/courses | Text: Accéder à la recherche
Accéder au contenu principale
Accéder au pied de page
Cour e 
Rechercher parmi le contenu du  ite
La zone de recherche comprend un champ avec une fonctionnalité d’auto ugge tion. Dè  que l’utili ateur commence à  ai ir du texte, le  ré ultat   e mettent automatiquement à jour.
[16:29:02] [SCREEN_TEXT] URL: https://www.carrefour.fr/courses | Text: Accéder à la recherche
Accéder au contenu principale
Accéder au pied de page
Cour e 
Rechercher parmi le contenu du  ite
La zone de recherche comprend un champ avec une fonctionnalité d’auto ugge tion. Dè  que l’utili ateur commence à  ai ir du texte, le  ré ultat   e mettent automatiquement à jour.
[16:29:03] [WEBVIEW_NAV] URL: https://www.carrefour.fr/courses
[16:29:09] [STORE_SWITCHED] Passage à Courses U Drive -> https://www.coursesu.com/drive/home
[16:29:09] [WEBVIEW_NAV] URL: https://www.coursesu.com/drive/home
[16:29:09] [WEBVIEW_NAV] URL: https://www.coursesu.com/drive/home
[16:29:11] [WEBVIEW_NAV] URL: https://www.coursesu.com/drive/home
[16:29:11] [WEBVIEW_NAV] URL: https://www.coursesu.com/drive/home
[16:29:11] [WEBVIEW_NAV] URL: https://www.coursesu.com/drive/home
[16:29:11] [WEBVIEW_NAV] URL: https://www.coursesu.com/drive/home
[16:29:11] [WEBVIEW_NAV] URL: https://www.coursesu.com/drive/home
[16:29:11] [WEBVIEW_NAV] URL: https://www.coursesu.com/drive/home
[16:29:11] [WEBVIEW_NAV] URL: https://www.coursesu.com/drive/home
[16:29:11] [WEBVIEW_NAV] URL: https://www.coursesu.com/drive/home
[16:29:11] [WEBVIEW_NAV] URL: https://www.coursesu.com/drive/home
[16:29:11] [WEBVIEW_NAV] URL: https://www.coursesu.com/drive/home
[16:29:11] [WEBVIEW_NAV] URL: https://www.coursesu.com/drive/home
[16:29:11] [WEBVIEW_NAV] URL: https://www.coursesu.com/drive/home
[16:29:11] [WEBVIEW_NAV] URL: https://www.coursesu.com/drive/home
[16:29:11] [WEBVIEW_NAV] URL: https://www.coursesu.com/drive/home
[16:29:11] [WEBVIEW_NAV] URL: https://www.coursesu.com/drive/home
[16:29:11] [WEBVIEW_NAV] URL: https://www.coursesu.com/drive/home
[16:29:11] [WEBVIEW_NAV] URL: https://www.coursesu.com/drive/home
[16:29:11] [WEBVIEW_NAV] URL: https://www.coursesu.com/drive/home
[16:29:11] [WEBVIEW_NAV] URL: https://www.coursesu.com/drive/home
[16:29:11] [WEBVIEW_NAV] URL: https://www.coursesu.com/drive/home
[16:29:11] [WEBVIEW_NAV] URL: https://www.coursesu.com/drive/home
[16:29:11] [WEBVIEW_NAV] URL: https://www.coursesu.com/drive/home
[16:29:11] [WEBVIEW_NAV] URL: https://www.coursesu.com/drive/home
[16:29:11] [WEBVIEW_NAV] URL: https://www.coursesu.com/drive/home
[16:29:11] [WEBVIEW_NAV] URL: https://www.coursesu.com/drive/home
[16:29:11] [WEBVIEW_NAV] URL: https://www.coursesu.com/drive/home
[16:29:11] [WEBVIEW_NAV] URL: https://www.coursesu.com/drive/home
[16:29:11] [WEBVIEW_NAV] URL: https://www.coursesu.com/drive/home
[16:29:11] [WEBVIEW_NAV] URL: https://www.coursesu.com/drive/home
[16:29:11] [WEBVIEW_NAV] URL: https://www.coursesu.com/drive/home
[16:29:11] [WEBVIEW_NAV] URL: https://www.coursesu.com/drive/home
[16:29:11] [WEBVIEW_NAV] URL: https://www.coursesu.com/drive/home
[16:29:11] [WEBVIEW_NAV] URL: https://www.coursesu.com/drive/home
[16:29:11] [WEBVIEW_NAV] URL: https://www.coursesu.com/drive/home
[16:29:12] [WEBVIEW_NAV] URL: https://www.coursesu.com/drive/home
[16:29:12] [SCREEN_TEXT] URL: https://www.coursesu.com/drive/home | Text: Accéder au contenu principal
Accéder au pied de page
Service  U
Contactez-nou 
Drive ou livrai on à domicile :
faite  vo  cour e  en ligne avec Cour e  U
Je récupère me  cour e 
Je me fai  livrer
Votre code po tal ou ville
Le  mode  de retrait pour vo  cour e  :
Je récupère me  cour e 
Le drive

Réc
[16:29:14] [SCREEN_TEXT] URL: https://www.coursesu.com/drive/home | Text: Accéder au contenu principal
Accéder au pied de page
Service  U
Contactez-nou 
Drive ou livrai on à domicile :
faite  vo  cour e  en ligne avec Cour e  U
Je récupère me  cour e 
Je me fai  livrer
Votre code po tal ou ville
Le  mode  de retrait pour vo  cour e  :
Je récupère me  cour e 
Le drive

Réc
[16:30:09] [WEBVIEW_NAV] URL: https://www.coursesu.com/drive/home
[16:30:11] [WEBVIEW_NAV] URL: https://www.coursesu.com/drive/home
[16:30:11] [WEBVIEW_NAV] URL: https://www.coursesu.com/drive/home
[16:30:11] [WEBVIEW_NAV] URL: https://www.coursesu.com/drive/home
[16:30:11] [WEBVIEW_NAV] URL: https://www.coursesu.com/drive/home
[16:30:11] [WEBVIEW_NAV] URL: https://www.coursesu.com/drive/home
[16:30:11] [WEBVIEW_NAV] URL: https://www.coursesu.com/drive/home
[16:30:11] [WEBVIEW_NAV] URL: https://www.coursesu.com/drive/home
[16:30:11] [WEBVIEW_NAV] URL: https://www.coursesu.com/drive/home
[16:30:11] [WEBVIEW_NAV] URL: https://www.coursesu.com/drive/home
[16:30:11] [WEBVIEW_NAV] URL: https://www.coursesu.com/drive/home
[16:30:11] [WEBVIEW_NAV] URL: https://www.coursesu.com/drive/home
[16:30:11] [WEBVIEW_NAV] URL: https://www.coursesu.com/drive/home
[16:30:11] [WEBVIEW_NAV] URL: https://www.coursesu.com/drive/home
[16:30:11] [WEBVIEW_NAV] URL: https://www.coursesu.com/drive/home
[16:30:11] [WEBVIEW_NAV] URL: https://www.coursesu.com/drive/home
[16:30:11] [WEBVIEW_NAV] URL: https://www.coursesu.com/drive/home
[16:30:11] [WEBVIEW_NAV] URL: https://www.coursesu.com/drive/home
[16:30:11] [WEBVIEW_NAV] URL: https://www.coursesu.com/drive/home
[16:30:11] [WEBVIEW_NAV] URL: https://www.coursesu.com/drive/home
[16:30:11] [WEBVIEW_NAV] URL: https://www.coursesu.com/drive/home
[16:30:11] [WEBVIEW_NAV] URL: https://www.coursesu.com/drive/home
[16:30:11] [WEBVIEW_NAV] URL: https://www.coursesu.com/drive/home
[16:30:11] [WEBVIEW_NAV] URL: https://www.coursesu.com/drive/home
[16:30:11] [WEBVIEW_NAV] URL: https://www.coursesu.com/drive/home
[16:30:11] [WEBVIEW_NAV] URL: https://www.coursesu.com/drive/home
[16:30:11] [WEBVIEW_NAV] URL: https://www.coursesu.com/drive/home
[16:30:11] [WEBVIEW_NAV] URL: https://www.coursesu.com/drive/home
[16:30:11] [WEBVIEW_NAV] URL: https://www.coursesu.com/drive/home
[16:30:11] [WEBVIEW_NAV] URL: https://www.coursesu.com/drive/home
[16:30:11] [WEBVIEW_NAV] URL: https://www.coursesu.com/drive/home
[16:30:11] [WEBVIEW_NAV] URL: https://www.coursesu.com/drive/home
[16:30:11] [WEBVIEW_NAV] URL: https://www.coursesu.com/drive/home
[16:30:12] [SCREEN_TEXT] URL: https://www.coursesu.com/drive/home | Text: Accéder au contenu principal
Accéder au pied de page
Service  U
Contactez-nou 
Drive ou livrai on à domicile :
faite  vo  cour e  en ligne avec Cour e  U
Je récupère me  cour e 
Je me fai  livrer
Votre code po tal ou ville
Le  mode  de retrait pour vo  cour e  :
Je récupère me  cour e 
Le drive

Réc
[16:30:12] [WEBVIEW_NAV] URL: https://www.coursesu.com/drive/home
[16:30:12] [WEBVIEW_NAV] URL: https://www.coursesu.com/drive/home
[16:30:12] [WEBVIEW_NAV] URL: https://www.coursesu.com/drive/home
[16:30:13] [SCREEN_TEXT] URL: https://www.coursesu.com/drive/home | Text: Accéder au contenu principal
Accéder au pied de page
Service  U
Contactez-nou 
Drive ou livrai on à domicile :
faite  vo  cour e  en ligne avec Cour e  U
Je récupère me  cour e 
Je me fai  livrer
Votre code po tal ou ville
Le  mode  de retrait pour vo  cour e  :
Je récupère me  cour e 
Le drive

Réc
[16:30:31] [STORE_SWITCHED] Passage à Carrefour Drive -> https://www.carrefour.fr/courses
[16:30:31] [WEBVIEW_NAV] URL: https://www.carrefour.fr/courses
[16:30:33] [STORE_SWITCHED] Passage à Auchan Drive -> https://www.auchan.fr/
[16:30:33] [WEBVIEW_NAV] URL: https://www.auchan.fr/
[16:30:34] [STORE_SWITCHED] Passage à Intermarché Drive -> https://www.intermarche.com/
[16:30:34] [WEBVIEW_NAV] URL: https://www.intermarche.com/accueil
[16:30:35] [WEBVIEW_NAV] URL: https://www.intermarche.com/accueil
[16:30:35] [WEBVIEW_NAV] URL: https://www.intermarche.com/accueil
[16:30:36] [WEBVIEW_NAV] URL: https://www.intermarche.com/accueil
[16:30:36] [WEBVIEW_NAV] URL: https://www.intermarche.com/accueil
[16:30:36] [STORE_SWITCHED] Passage à E.Leclerc Drive -> https://www.leclercdrive.fr
[16:30:37] [WEBVIEW_NAV] URL: https://www.leclercdrive.fr/
[16:30:37] [STORE_SWITCHED] Passage à Carrefour Drive -> https://www.carrefour.fr/courses
[16:30:37] [WEBVIEW_NAV] URL: https://www.leclercdrive.fr/
[16:30:37] [WEBVIEW_NAV] URL: https://www.carrefour.fr/courses
[16:30:37] [WEBVIEW_NAV] URL: https://www.carrefour.fr/courses
[16:30:37] [WEBVIEW_NAV] URL: https://www.carrefour.fr/courses
[16:30:39] [SCREEN_TEXT] URL: https://www.carrefour.fr/courses | Text: Accéder à la recherche
Accéder au contenu principale
Accéder au pied de page
Cour e 
Rechercher parmi le contenu du  ite
La zone de recherche comprend un champ avec une fonctionnalité d’auto ugge tion. Dè  que l’utili ateur commence à  ai ir du texte, le  ré ultat   e mettent automatiquement à jour.
[16:30:40] [STORE_SWITCHED] Passage à Courses U Drive -> https://www.coursesu.com/drive/home
[16:30:40] [WEBVIEW_NAV] URL: https://www.coursesu.com/drive/home
[16:30:41] [STORE_SWITCHED] Passage à Auchan Drive -> https://www.auchan.fr/
[16:30:41] [WEBVIEW_NAV] URL: https://www.auchan.fr/
[16:30:42] [WEBVIEW_NAV] URL: https://www.auchan.fr/
[16:30:43] [STORE_SWITCHED] Passage à E.Leclerc Drive -> https://www.leclercdrive.fr
[16:30:43] [WEBVIEW_NAV] URL: https://www.leclercdrive.fr/
[16:30:43] [WEBVIEW_NAV] URL: https://www.leclercdrive.fr/
[16:30:46] [WEBVIEW_NAV] URL: https://www.leclercdrive.fr/
[16:30:46] [STORE_SWITCHED] Passage à Intermarché Drive -> https://www.intermarche.com/
[16:30:46] [WEBVIEW_NAV] URL: https://www.intermarche.com/accueil
[16:30:47] [WEBVIEW_NAV] URL: https://www.intermarche.com/accueil
[16:30:47] [WEBVIEW_NAV] URL: https://www.intermarche.com/accueil
[16:30:47] [WEBVIEW_NAV] URL: https://www.intermarche.com/accueil
[16:30:48] [STORE_SWITCHED] Passage à Auchan Drive -> https://www.auchan.fr/
[16:30:48] [WEBVIEW_NAV] URL: https://www.auchan.fr/
[16:30:48] [SCREEN_TEXT] URL: https://www.intermarche.com/accueil | Text: Contenu
Rechercher
Menu
Pied de page
Intermarché (retour à l’accueil)

Aulnay Sou  Boi 

Promotion 

Pro pectu 

Rayon 

Promotion 

Pro pectu 

Jeux

Slide 1 of 3

Ça c'e t contre la vie chère.

DU 8 AU 10 OCTOBRE

Le marché contre la vie chère : Moule  de Bouchot.

La vie ne devrait pa  coûter au 
[16:30:50] [WEBVIEW_NAV] URL: https://www.auchan.fr/
[16:30:51] [SCREEN_TEXT] URL: https://www.auchan.fr/ | Text: Aller directement au contenu
Aller directement à la recherche
Aller directement à la navigation
Aller directement à la rubrique be oin d'aide
Retrait:
Auchan Drive Supermarché Sevran
Rayon 
Recherche
 
Lancer la recherche
Annuler
Me  produit 
0,00 €
Mai on & Loi ir 
Catalogue 
Défi  Waaoh
Activer mo
[16:30:52] [STORE_SWITCHED] Passage à Courses U Drive -> https://www.coursesu.com/drive/home
[16:30:53] [WEBVIEW_NAV] URL: https://www.coursesu.com/drive/home
[16:30:53] [SCREEN_TEXT] URL: https://www.auchan.fr/ | Text: Aller directement au contenu
Aller directement à la recherche
Aller directement à la navigation
Aller directement à la rubrique be oin d'aide
Retrait:
Auchan Drive Supermarché Sevran
Rayon 
Recherche
 
Lancer la recherche
Annuler
Me  produit 
0,00 €
Mai on & Loi ir 
Catalogue 
Défi  Waaoh
Activer mo
[16:30:55] [STORE_SWITCHED] Passage à Carrefour Drive -> https://www.carrefour.fr/courses
[16:30:55] [WEBVIEW_NAV] URL: https://www.carrefour.fr/courses
[16:30:57] [STORE_SWITCHED] Passage à E.Leclerc Drive -> https://www.leclercdrive.fr
[16:30:58] [WEBVIEW_NAV] URL: https://www.leclercdrive.fr/
[16:31:01] [WEBVIEW_NAV] URL: https://www.leclercdrive.fr/
[16:31:01] [SCREEN_TEXT] URL: https://www.leclercdrive.fr/ | Text: Se connecter
Me  cour e  en ligne
en drive, en retrait piéton ou livrée  à domicile
Plu  d'info  en vidéo

Utili ez le  flèche  gauche et droite du clavier pour parcourir le  mode  de retrait.

Drive
Récupérez votre commande
en voiture
Retrait piéton
Récupérez votre commande
à pied en ba  de chez vo
[16:31:03] [SCREEN_TEXT] URL: https://www.leclercdrive.fr/ | Text: Se connecter
Me  cour e  en ligne
en drive, en retrait piéton ou livrée  à domicile
Plu  d'info  en vidéo

Utili ez le  flèche  gauche et droite du clavier pour parcourir le  mode  de retrait.

Drive
Récupérez votre commande
en voiture
Retrait piéton
Récupérez votre commande
à pied en ba  de chez vo
[16:31:18] [STORE_SWITCHED] Passage à Carrefour Drive -> https://www.carrefour.fr/courses
[16:31:18] [WEBVIEW_NAV] URL: https://www.carrefour.fr/courses
[16:31:19] [STORE_SWITCHED] Passage à Courses U Drive -> https://www.coursesu.com/drive/home
[16:31:19] [WEBVIEW_NAV] URL: https://www.coursesu.com/drive/home
[16:31:19] [WEBVIEW_NAV] URL: https://www.coursesu.com/drive/home
[16:31:19] [STORE_SWITCHED] Passage à Auchan Drive -> https://www.auchan.fr/
[16:31:20] [WEBVIEW_NAV] URL: https://www.auchan.fr/
[16:31:20] [STORE_SWITCHED] Passage à Intermarché Drive -> https://www.intermarche.com/
[16:31:20] [WEBVIEW_NAV] URL: https://www.intermarche.com/accueil
[16:31:21] [WEBVIEW_NAV] URL: https://www.intermarche.com/accueil
[16:31:23] [SCREEN_TEXT] URL: https://www.intermarche.com/accueil | Text: Contenu
Rechercher
Menu
Pied de page
Intermarché (retour à l’accueil)

Aulnay Sou  Boi 

Promotion 

Pro pectu 

Rayon 

Promotion 

Pro pectu 

Jeux

Slide 1 of 3

Ça c'e t contre la vie chère.

DU 8 AU 10 OCTOBRE

Le marché contre la vie chère : Moule  de Bouchot.

La vie ne devrait pa  coûter au 
